seed,family,number_of_items,capacity,weights,values,greedy_value,optimal_value,failure,relative_gap
0,independent,20,206,"(25, 27, 17, 32, 20, 23, 14, 9, 9, 7, 17, 46, 10, 7, 5, 22, 36, 23, 21, 41)","(98, 6, 66, 52, 62, 75, 65, 37, 97, 80, 69, 78, 40, 94, 88, 61, 13, 56, 79, 27)",1011,1011,False,0.0
1,independent,20,250,"(9, 49, 17, 32, 29, 42, 14, 32, 25, 39, 50, 45, 18, 15, 7, 2, 2, 35, 25, 14)","(73, 9, 16, 98, 61, 49, 13, 4, 56, 98, 1, 58, 93, 76, 41, 3, 84, 2, 88, 55)",855,855,False,0.0
2,independent,20,206,"(4, 6, 11, 43, 17, 14, 3, 44, 28, 26, 33, 35, 33, 3, 24, 21, 28, 11, 12, 15)","(12, 47, 95, 40, 78, 78, 75, 21, 82, 93, 48, 57, 35, 4, 60, 49, 68, 72, 31, 4)",840,840,False,0.0
3,independent,20,294,"(16, 35, 24, 31, 38, 39, 31, 36, 13, 31, 36, 26, 10, 41, 34, 48, 43, 5, 49, 3)","(76, 17, 78, 81, 9, 2, 34, 30, 92, 70, 61, 82, 30, 20, 50, 2, 100, 21, 76, 39)",806,806,False,0.0
4,independent,20,204,"(16, 7, 26, 10, 5, 26, 19, 4, 34, 24, 50, 7, 14, 42, 18, 11, 19, 47, 6, 22)","(39, 93, 62, 12, 3, 71, 98, 29, 69, 36, 23, 34, 4, 34, 25, 40, 81, 48, 78, 86)",783,783,False,0.0
5,independent,20,280,"(40, 48, 45, 42, 2, 50, 42, 11, 24, 16, 35, 37, 1, 14, 18, 50, 11, 5, 40, 29)","(33, 46, 95, 68, 60, 32, 7, 15, 61, 49, 14, 32, 94, 53, 24, 50, 98, 18, 80, 17)",765,765,False,0.0
6,independent,20,304,"(37, 32, 17, 1, 43, 31, 48, 21, 2, 32, 47, 35, 44, 13, 36, 47, 43, 44, 28, 6)","(11, 98, 5, 19, 76, 98, 48, 99, 35, 26, 53, 70, 13, 73, 90, 34, 79, 12, 43, 47)",827,827,False,0.0
7,independent,20,218,"(21, 26, 4, 35, 24, 4, 14, 6, 27, 16, 36, 4, 8, 41, 38, 37, 26, 15, 36, 19)","(20, 84, 10, 13, 75, 65, 5, 56, 9, 12, 55, 73, 29, 81, 8, 75, 7, 6, 18, 54)",657,657,False,0.0
8,independent,20,267,"(15, 25, 13, 3, 9, 33, 26, 2, 32, 25, 37, 26, 32, 49, 45, 34, 31, 47, 43, 7)","(48, 17, 91, 11, 32, 27, 83, 59, 59, 64, 25, 12, 30, 3, 35, 53, 49, 15, 34, 9)",615,615,False,0.0
9,independent,20,252,"(30, 24, 9, 44, 22, 30, 6, 36, 45, 47, 11, 29, 28, 11, 4, 9, 38, 50, 25, 7)","(79, 35, 24, 1, 65, 78, 43, 79, 6, 49, 91, 93, 21, 31, 15, 65, 9, 89, 96, 38)",797,817,True,0.02447980416156671
10,independent,20,280,"(37, 28, 37, 14, 32, 42, 3, 32, 5, 48, 3, 9, 23, 27, 44, 30, 44, 43, 9, 50)","(5, 62, 2, 60, 36, 21, 67, 42, 32, 47, 54, 78, 49, 37, 34, 23, 39, 47, 59, 31)",670,670,False,0.0
11,independent,20,227,"(29, 50, 29, 38, 12, 31, 40, 7, 20, 6, 45, 3, 26, 42, 40, 11, 1, 5, 3, 16)","(72, 60, 66, 25, 66, 81, 24, 58, 19, 69, 82, 77, 58, 95, 84, 80, 68, 8, 25, 77)",900,910,True,0.01098901098901099
12,independent,20,248,"(31, 43, 43, 10, 1, 31, 42, 45, 15, 1, 40, 29, 11, 14, 37, 5, 44, 44, 6, 4)","(35, 68, 45, 49, 48, 36, 59, 77, 72, 85, 19, 48, 44, 8, 26, 66, 44, 52, 3, 85)",740,740,False,0.0
13,independent,20,219,"(17, 44, 12, 15, 10, 42, 12, 5, 14, 19, 28, 44, 1, 10, 17, 48, 9, 23, 32, 36)","(38, 88, 84, 86, 29, 94, 17, 69, 96, 4, 17, 78, 36, 11, 58, 56, 33, 30, 97, 73)",793,808,True,0.018564356435643563
14,independent,20,260,"(7, 45, 42, 16, 48, 19, 5, 29, 30, 26, 50, 17, 21, 17, 41, 34, 11, 43, 18, 1)","(79, 97, 68, 35, 33, 94, 85, 39, 88, 51, 16, 29, 46, 47, 81, 20, 71, 85, 22, 84)",892,892,False,0.0
15,independent,20,205,"(14, 34, 3, 16, 4, 10, 24, 8, 30, 23, 26, 23, 14, 21, 20, 33, 15, 30, 32, 30)","(2, 95, 21, 3, 88, 89, 31, 44, 91, 36, 34, 30, 46, 29, 94, 54, 74, 54, 11, 73)",769,769,False,0.0
16,independent,20,272,"(24, 31, 27, 29, 27, 46, 16, 15, 19, 22, 10, 39, 2, 39, 2, 39, 41, 30, 39, 46)","(61, 37, 30, 1, 85, 34, 82, 2, 39, 86, 96, 40, 29, 33, 20, 86, 4, 59, 81, 38)",761,764,True,0.003926701570680628
17,independent,20,278,"(34, 20, 19, 50, 46, 43, 8, 16, 48, 17, 21, 44, 26, 36, 9, 10, 35, 44, 22, 8)","(54, 47, 23, 91, 70, 36, 4, 50, 54, 65, 82, 93, 18, 8, 26, 91, 72, 27, 70, 92)",802,807,True,0.006195786864931847
18,independent,20,250,"(12, 43, 22, 13, 41, 12, 19, 17, 17, 8, 34, 49, 16, 16, 48, 37, 13, 49, 14, 20)","(16, 58, 31, 63, 64, 62, 59, 26, 89, 42, 87, 23, 22, 26, 47, 65, 87, 64, 92, 34)",770,775,True,0.0064516129032258064
19,independent,20,266,"(44, 34, 33, 26, 34, 38, 39, 7, 27, 18, 50, 20, 37, 13, 13, 35, 25, 5, 27, 7)","(6, 16, 26, 45, 38, 19, 34, 34, 42, 14, 42, 3, 80, 10, 15, 59, 94, 13, 3, 75)",529,537,True,0.0148975791433892
20,independent,20,242,"(47, 50, 17, 41, 21, 11, 27, 5, 9, 31, 29, 14, 21, 44, 22, 6, 34, 26, 14, 16)","(88, 20, 87, 13, 74, 4, 53, 14, 41, 75, 53, 26, 81, 43, 55, 81, 63, 11, 74, 5)",749,759,True,0.013175230566534914
21,independent,20,286,"(11, 45, 41, 31, 31, 12, 34, 1, 24, 28, 10, 15, 45, 28, 50, 40, 3, 35, 45, 42)","(54, 54, 37, 28, 66, 65, 31, 2, 75, 9, 97, 30, 6, 95, 53, 57, 43, 64, 15, 48)",730,730,False,0.0
22,independent,20,274,"(9, 2, 29, 45, 48, 23, 15, 4, 39, 36, 47, 46, 37, 38, 20, 13, 8, 34, 50, 4)","(32, 79, 24, 16, 84, 11, 35, 41, 23, 88, 56, 7, 3, 34, 54, 24, 75, 94, 73, 90)",793,793,False,0.0
23,independent,20,239,"(50, 6, 38, 28, 34, 9, 13, 29, 15, 30, 7, 46, 27, 33, 47, 23, 4, 3, 24, 12)","(38, 3, 40, 49, 46, 93, 35, 2, 80, 4, 11, 64, 3, 81, 56, 99, 27, 76, 85, 80)",783,791,True,0.010113780025284451
24,independent,20,292,"(46, 38, 14, 13, 43, 6, 49, 46, 47, 1, 30, 41, 2, 11, 48, 44, 32, 44, 17, 11)","(50, 24, 22, 22, 88, 91, 20, 37, 99, 57, 93, 15, 67, 63, 57, 39, 11, 98, 79, 88)",924,924,False,0.0
25,independent,20,240,"(25, 1, 20, 31, 49, 3, 37, 7, 8, 44, 13, 40, 12, 23, 31, 7, 44, 39, 23, 23)","(99, 28, 82, 6, 33, 40, 55, 76, 74, 94, 66, 41, 71, 66, 68, 82, 13, 75, 54, 25)",925,925,False,0.0
26,independent,20,282,"(48, 43, 28, 35, 9, 49, 3, 44, 33, 41, 16, 27, 13, 2, 15, 9, 39, 49, 24, 38)","(26, 27, 77, 8, 100, 62, 94, 80, 22, 55, 96, 92, 89, 86, 19, 28, 62, 50, 32, 4)",910,921,True,0.011943539630836048
27,independent,20,296,"(42, 45, 19, 5, 17, 22, 24, 12, 16, 5, 41, 42, 40, 50, 48, 43, 23, 42, 17, 40)","(62, 36, 26, 9, 70, 33, 52, 32, 63, 94, 74, 11, 55, 54, 7, 57, 2, 62, 18, 44)",632,634,True,0.0031545741324921135
28,independent,20,206,"(8, 9, 39, 12, 9, 30, 27, 14, 26, 9, 13, 2, 16, 7, 21, 9, 33, 45, 43, 40)","(96, 70, 92, 29, 82, 98, 27, 19, 21, 78, 26, 53, 9, 54, 90, 23, 67, 93, 35, 30)",858,861,True,0.003484320557491289
29,independent,20,262,"(36, 23, 39, 6, 23, 27, 3, 29, 15, 6, 22, 35, 47, 29, 15, 27, 44, 34, 35, 28)","(10, 77, 37, 66, 51, 3, 14, 84, 45, 64, 78, 54, 26, 22, 56, 87, 73, 26, 87, 39)",782,785,True,0.003821656050955414
30,independent,20,286,"(35, 40, 40, 14, 4, 25, 9, 30, 34, 2, 11, 34, 42, 35, 26, 16, 44, 49, 37, 44)","(38, 4, 84, 33, 51, 83, 11, 1, 32, 10, 77, 52, 45, 9, 4, 73, 36, 55, 13, 36)",612,612,False,0.0
31,independent,20,264,"(1, 8, 26, 44, 9, 35, 46, 9, 48, 43, 9, 35, 29, 27, 38, 8, 50, 22, 14, 26)","(61, 98, 19, 6, 15, 30, 97, 19, 5, 8, 30, 94, 68, 27, 12, 3, 52, 26, 43, 47)",650,651,True,0.0015360983102918587
32,independent,20,250,"(5, 10, 45, 32, 47, 7, 33, 4, 45, 24, 1, 49, 34, 32, 50, 19, 29, 22, 3, 8)","(28, 39, 31, 4, 5, 42, 43, 67, 61, 77, 70, 17, 2, 94, 26, 26, 11, 16, 68, 94)",736,740,True,0.005405405405405406
33,independent,20,332,"(37, 41, 18, 42, 34, 42, 33, 44, 31, 19, 41, 20, 20, 32, 48, 48, 28, 21, 49, 16)","(22, 30, 62, 69, 24, 79, 42, 68, 57, 87, 10, 53, 67, 7, 78, 87, 36, 72, 88, 16)",737,746,True,0.012064343163538873
34,independent,20,192,"(34, 38, 15, 25, 5, 20, 7, 33, 7, 23, 1, 10, 34, 4, 17, 36, 4, 11, 41, 19)","(46, 4, 4, 47, 55, 44, 75, 20, 36, 79, 100, 97, 12, 48, 95, 91, 50, 76, 40, 49)",942,942,False,0.0
35,independent,20,331,"(36, 49, 48, 10, 28, 37, 48, 49, 42, 46, 49, 24, 33, 7, 32, 47, 22, 32, 2, 21)","(43, 17, 44, 37, 33, 8, 68, 36, 47, 75, 13, 2, 2, 93, 48, 4, 87, 7, 31, 11)",606,606,False,0.0
36,independent,20,226,"(22, 2, 6, 33, 12, 18, 42, 24, 18, 5, 27, 25, 49, 16, 11, 33, 45, 14, 19, 32)","(8, 37, 1, 81, 32, 94, 56, 72, 70, 74, 63, 45, 51, 51, 16, 64, 98, 68, 24, 91)",778,778,False,0.0
37,independent,20,278,"(44, 6, 43, 41, 3, 24, 34, 44, 39, 25, 28, 10, 6, 5, 19, 42, 28, 37, 41, 37)","(78, 80, 96, 66, 81, 57, 14, 59, 37, 95, 57, 7, 53, 70, 47, 91, 76, 47, 91, 5)",894,894,False,0.0
38,independent,20,270,"(41, 28, 47, 5, 45, 24, 39, 11, 23, 18, 22, 47, 31, 38, 15, 6, 32, 28, 16, 25)","(54, 97, 14, 47, 60, 6, 86, 76, 42, 91, 80, 40, 98, 52, 79, 68, 19, 68, 2, 48)",882,892,True,0.011210762331838564
39,independent,20,274,"(14, 25, 13, 26, 37, 42, 44, 46, 2, 44, 24, 7, 23, 49, 26, 38, 18, 5, 28, 37)","(34, 4, 29, 94, 1, 33, 46, 23, 38, 10, 2, 55, 55, 13, 66, 39, 92, 59, 33, 42)",647,653,True,0.009188361408882083
40,independent,20,262,"(30, 34, 16, 43, 43, 9, 23, 48, 2, 48, 4, 13, 46, 4, 39, 8, 21, 33, 34, 27)","(75, 5, 37, 82, 27, 98, 36, 57, 68, 17, 83, 80, 59, 23, 41, 33, 19, 88, 13, 7)",781,783,True,0.002554278416347382
41,independent,20,256,"(25, 15, 25, 45, 36, 25, 49, 1, 16, 2, 10, 47, 11, 42, 40, 4, 38, 28, 48, 5)","(43, 22, 74, 37, 36, 94, 74, 100, 85, 57, 20, 41, 33, 89, 75, 16, 5, 37, 28, 93)",853,853,False,0.0
42,independent,20,300,"(41, 2, 18, 15, 48, 44, 35, 38, 3, 6, 15, 39, 36, 46, 45, 27, 29, 18, 49, 45)","(15, 95, 32, 18, 14, 95, 12, 55, 4, 28, 65, 4, 26, 84, 70, 29, 76, 1, 21, 55)",659,659,False,0.0
43,independent,20,229,"(3, 45, 10, 24, 45, 30, 32, 2, 28, 24, 36, 28, 12, 7, 25, 7, 33, 9, 25, 33)","(37, 98, 60, 86, 13, 77, 78, 66, 74, 80, 97, 51, 8, 16, 20, 21, 64, 99, 77, 35)",798,831,True,0.039711191335740074
44,independent,20,268,"(27, 35, 8, 25, 19, 15, 37, 7, 50, 45, 45, 25, 26, 45, 21, 5, 19, 11, 33, 38)","(67, 90, 23, 29, 4, 15, 2, 21, 66, 39, 82, 76, 99, 86, 46, 44, 80, 15, 9, 13)",714,714,False,0.0
45,independent,20,223,"(18, 32, 6, 22, 5, 1, 19, 20, 42, 40, 9, 48, 14, 46, 5, 27, 45, 3, 21, 23)","(54, 33, 39, 3, 62, 15, 16, 96, 5, 9, 35, 20, 98, 55, 79, 19, 8, 23, 33, 100)",738,738,False,0.0
46,independent,20,235,"(5, 3, 38, 41, 10, 35, 2, 21, 4, 9, 19, 22, 49, 26, 31, 10, 30, 30, 45, 40)","(52, 76, 30, 67, 75, 5, 9, 81, 4, 71, 68, 92, 12, 91, 47, 61, 10, 96, 70, 15)",890,890,False,0.0
47,independent,20,255,"(23, 28, 30, 22, 33, 26, 3, 43, 7, 17, 47, 1, 37, 15, 34, 23, 16, 36, 46, 23)","(9, 71, 74, 33, 50, 79, 54, 4, 1, 62, 70, 41, 55, 31, 66, 57, 5, 48, 89, 77)",702,703,True,0.001422475106685633
48,independent,20,238,"(36, 9, 46, 20, 13, 49, 11, 43, 32, 15, 49, 36, 10, 14, 5, 5, 32, 11, 4, 36)","(41, 72, 69, 65, 92, 56, 20, 14, 84, 28, 66, 66, 61, 4, 55, 17, 87, 17, 90, 38)",758,806,True,0.05955334987593052
49,independent,20,262,"(5, 27, 21, 36, 4, 3, 48, 10, 47, 41, 33, 39, 37, 26, 16, 9, 28, 25, 50, 18)","(45, 15, 97, 66, 88, 98, 36, 59, 6, 70, 29, 37, 48, 4, 93, 13, 94, 42, 46, 84)",897,897,False,0.0
50,independent,20,248,"(32, 24, 16, 31, 22, 35, 15, 36, 10, 7, 21, 13, 22, 39, 41, 5, 39, 45, 28, 15)","(35, 82, 89, 99, 11, 41, 87, 11, 45, 45, 29, 9, 78, 55, 12, 89, 43, 83, 1, 44)",805,811,True,0.007398273736128237
51,independent,20,266,"(16, 36, 16, 36, 26, 30, 45, 34, 22, 43, 25, 26, 1, 2, 17, 31, 12, 40, 24, 49)","(65, 21, 30, 33, 71, 94, 71, 81, 76, 47, 36, 90, 15, 69, 5, 87, 45, 39, 58, 84)",817,817,False,0.0
52,independent,20,222,"(18, 47, 31, 27, 9, 27, 23, 41, 3, 25, 1, 5, 11, 15, 18, 50, 27, 3, 25, 37)","(7, 66, 48, 5, 21, 24, 57, 1, 70, 57, 31, 21, 62, 81, 63, 64, 16, 80, 12, 51)",681,687,True,0.008733624454148471
53,independent,20,240,"(40, 30, 46, 46, 24, 30, 2, 11, 48, 17, 4, 4, 15, 13, 9, 23, 49, 21, 43, 4)","(28, 65, 62, 67, 94, 94, 5, 45, 17, 96, 22, 47, 57, 30, 18, 65, 83, 66, 52, 43)",747,784,True,0.047193877551020405
54,independent,20,274,"(9, 36, 31, 25, 29, 37, 25, 47, 4, 36, 39, 35, 34, 27, 35, 7, 17, 29, 3, 44)","(57, 39, 63, 29, 43, 94, 27, 26, 64, 58, 12, 44, 38, 35, 19, 83, 36, 76, 49, 2)",702,706,True,0.0056657223796034
55,independent,20,253,"(6, 10, 20, 48, 20, 23, 43, 35, 25, 26, 47, 35, 41, 41, 3, 33, 1, 30, 4, 15)","(26, 95, 11, 24, 12, 93, 61, 50, 65, 41, 55, 99, 6, 33, 30, 91, 74, 29, 49, 12)",774,774,False,0.0
56,independent,20,260,"(36, 31, 34, 50, 27, 15, 24, 5, 42, 37, 2, 37, 4, 36, 25, 2, 25, 12, 40, 36)","(2, 84, 39, 70, 91, 13, 80, 44, 33, 27, 98, 27, 75, 18, 88, 20, 32, 13, 26, 28)",747,747,False,0.0
57,independent,20,290,"(3, 38, 2, 33, 31, 28, 25, 48, 34, 24, 26, 42, 38, 32, 17, 40, 37, 9, 36, 38)","(48, 78, 29, 42, 38, 82, 3, 22, 78, 49, 14, 93, 88, 70, 83, 18, 19, 49, 20, 55)",747,753,True,0.00796812749003984
58,independent,20,237,"(38, 14, 42, 3, 29, 23, 17, 40, 19, 7, 32, 31, 5, 36, 25, 24, 7, 50, 20, 12)","(26, 95, 26, 25, 52, 37, 58, 54, 75, 2, 28, 97, 58, 85, 85, 8, 86, 18, 5, 38)",793,793,False,0.0
59,independent,20,233,"(15, 42, 2, 20, 2, 40, 32, 32, 20, 11, 38, 43, 34, 7, 42, 21, 6, 13, 6, 40)","(11, 59, 18, 92, 88, 2, 49, 69, 98, 94, 44, 23, 15, 48, 6, 40, 6, 96, 73, 12)",841,841,False,0.0
60,independent,20,230,"(20, 37, 17, 31, 22, 6, 12, 25, 16, 1, 47, 9, 40, 44, 33, 36, 4, 37, 20, 2)","(37, 20, 30, 60, 6, 86, 20, 6, 82, 53, 22, 40, 81, 20, 77, 76, 77, 14, 20, 73)",792,792,False,0.0
61,independent,20,234,"(32, 36, 21, 21, 2, 23, 5, 30, 11, 41, 33, 6, 12, 2, 10, 47, 19, 48, 29, 40)","(24, 28, 38, 89, 63, 46, 52, 43, 43, 1, 89, 82, 44, 56, 17, 52, 38, 44, 41, 48)",741,746,True,0.006702412868632708
62,independent,20,252,"(37, 5, 30, 43, 11, 12, 1, 41, 8, 31, 34, 50, 38, 11, 14, 6, 35, 37, 40, 20)","(23, 31, 40, 46, 66, 21, 34, 22, 4, 61, 3, 44, 83, 89, 92, 42, 58, 3, 51, 44)",684,695,True,0.015827338129496403
63,independent,20,230,"(29, 19, 31, 6, 48, 5, 13, 5, 20, 40, 15, 9, 16, 39, 2, 39, 11, 49, 36, 28)","(57, 33, 85, 50, 11, 85, 38, 81, 96, 8, 85, 43, 36, 87, 5, 92, 30, 79, 55, 82)",865,865,False,0.0
64,independent,20,272,"(31, 41, 26, 44, 14, 46, 49, 45, 42, 6, 29, 47, 6, 44, 5, 7, 3, 17, 35, 6)","(16, 79, 69, 3, 35, 81, 26, 100, 19, 54, 26, 4, 52, 1, 23, 76, 76, 29, 26, 4)",704,704,False,0.0
65,independent,20,254,"(27, 19, 15, 30, 29, 22, 28, 5, 30, 13, 31, 45, 17, 11, 48, 44, 9, 23, 37, 24)","(37, 66, 57, 68, 71, 82, 29, 72, 34, 84, 80, 6, 15, 68, 18, 16, 89, 48, 84, 80)",901,901,False,0.0
66,independent,20,218,"(5, 28, 29, 17, 7, 32, 30, 9, 5, 24, 11, 47, 30, 33, 34, 25, 24, 1, 14, 30)","(40, 32, 38, 72, 96, 24, 67, 92, 92, 94, 53, 91, 82, 4, 15, 18, 4, 91, 90, 79)",986,986,False,0.0
67,independent,20,224,"(5, 50, 30, 18, 28, 40, 14, 3, 12, 3, 29, 8, 7, 20, 26, 38, 26, 34, 46, 10)","(15, 53, 54, 77, 63, 36, 83, 86, 37, 21, 24, 88, 63, 32, 96, 2, 84, 94, 21, 48)",909,909,False,0.0
68,independent,20,290,"(48, 45, 33, 39, 16, 31, 47, 22, 36, 11, 42, 50, 3, 47, 7, 4, 39, 13, 13, 34)","(60, 96, 15, 75, 56, 34, 87, 57, 47, 71, 100, 16, 70, 62, 44, 12, 23, 100, 1, 55)",823,823,False,0.0
69,independent,20,262,"(44, 7, 5, 23, 36, 30, 37, 34, 36, 29, 27, 5, 19, 13, 20, 45, 49, 33, 7, 25)","(5, 22, 78, 42, 54, 55, 57, 42, 71, 19, 51, 54, 19, 19, 28, 85, 93, 27, 13, 80)",644,644,False,0.0
70,independent,20,234,"(8, 45, 29, 21, 10, 44, 14, 43, 25, 26, 5, 21, 18, 50, 7, 3, 23, 9, 17, 49)","(38, 59, 18, 14, 87, 77, 92, 53, 31, 84, 65, 99, 49, 58, 12, 63, 37, 4, 58, 99)",827,827,False,0.0
71,independent,20,220,"(21, 40, 17, 49, 17, 13, 4, 13, 2, 34, 30, 9, 42, 3, 39, 25, 38, 10, 28, 7)","(66, 2, 20, 26, 12, 66, 77, 65, 89, 47, 98, 45, 22, 45, 4, 83, 25, 42, 58, 85)",886,886,False,0.0
72,independent,20,236,"(5, 48, 23, 35, 24, 48, 44, 9, 45, 15, 10, 2, 15, 1, 5, 19, 33, 47, 27, 18)","(77, 24, 90, 80, 40, 92, 77, 90, 44, 49, 82, 89, 59, 58, 99, 12, 41, 3, 33, 45)",987,987,False,0.0
73,independent,20,270,"(18, 33, 37, 30, 38, 32, 34, 13, 8, 17, 50, 27, 36, 32, 28, 4, 37, 13, 6, 46)","(16, 62, 24, 39, 10, 52, 65, 58, 3, 53, 4, 46, 55, 71, 24, 34, 77, 92, 60, 45)",686,689,True,0.0043541364296081275
74,independent,20,244,"(40, 8, 8, 12, 23, 29, 34, 29, 21, 33, 1, 33, 9, 29, 39, 16, 17, 28, 36, 43)","(66, 41, 40, 28, 16, 59, 36, 22, 36, 80, 89, 6, 30, 20, 54, 35, 85, 1, 26, 21)",643,643,False,0.0
75,independent,20,299,"(29, 28, 3, 50, 44, 31, 44, 23, 45, 6, 17, 32, 43, 39, 32, 27, 25, 37, 30, 13)","(75, 59, 94, 66, 86, 87, 89, 13, 41, 97, 36, 93, 45, 85, 35, 4, 70, 88, 87, 17)",888,902,True,0.015521064301552107
76,independent,20,242,"(24, 25, 20, 27, 19, 49, 32, 6, 20, 22, 4, 43, 38, 25, 16, 35, 2, 43, 26, 7)","(60, 26, 7, 31, 39, 57, 30, 43, 30, 69, 1, 53, 78, 96, 43, 59, 9, 81, 20, 32)",610,610,False,0.0
77,independent,20,199,"(17, 13, 13, 19, 36, 16, 36, 43, 1, 2, 12, 33, 12, 21, 6, 50, 35, 14, 13, 6)","(42, 31, 15, 61, 79, 19, 81, 65, 36, 64, 25, 50, 43, 16, 71, 34, 61, 29, 10, 26)",607,624,True,0.027243589743589744
78,independent,20,270,"(13, 20, 47, 48, 3, 10, 26, 43, 45, 25, 1, 47, 23, 22, 27, 12, 50, 24, 4, 50)","(13, 86, 33, 55, 84, 84, 99, 25, 61, 70, 31, 23, 55, 81, 90, 23, 97, 47, 27, 13)",887,888,True,0.0011261261261261261
79,independent,20,250,"(10, 23, 11, 16, 45, 10, 23, 13, 47, 46, 12, 31, 24, 6, 7, 50, 3, 45, 47, 30)","(57, 77, 31, 93, 64, 9, 4, 15, 63, 40, 53, 89, 80, 49, 34, 63, 91, 43, 95, 96)",869,869,False,0.0
80,independent,20,196,"(18, 35, 27, 24, 26, 2, 49, 15, 4, 16, 34, 1, 29, 9, 15, 23, 12, 14, 17, 21)","(51, 91, 48, 69, 48, 71, 50, 80, 50, 22, 73, 19, 80, 21, 48, 76, 81, 35, 11, 13)",751,751,False,0.0
81,independent,20,244,"(33, 22, 35, 31, 11, 29, 49, 1, 19, 23, 20, 9, 5, 33, 20, 36, 50, 22, 25, 15)","(59, 72, 50, 3, 20, 87, 78, 41, 93, 29, 88, 78, 28, 97, 75, 24, 92, 24, 99, 84)",921,921,False,0.0
82,independent,20,222,"(10, 32, 19, 11, 17, 49, 28, 38, 13, 36, 8, 6, 21, 50, 6, 12, 16, 46, 2, 24)","(99, 65, 23, 88, 21, 5, 61, 13, 40, 18, 62, 81, 45, 63, 63, 1, 46, 39, 69, 72)",835,835,False,0.0
83,independent,20,232,"(32, 6, 25, 4, 14, 12, 6, 27, 23, 36, 31, 46, 29, 3, 2, 30, 25, 47, 36, 31)","(59, 17, 5, 84, 25, 40, 7, 20, 39, 26, 81, 30, 22, 4, 97, 45, 74, 24, 41, 59)",631,636,True,0.007861635220125786
84,independent,20,300,"(47, 50, 32, 34, 21, 30, 36, 48, 39, 35, 46, 34, 26, 22, 15, 43, 3, 3, 3, 34)","(37, 5, 1, 85, 26, 64, 97, 47, 20, 97, 34, 60, 93, 78, 17, 61, 66, 20, 64, 88)",855,855,False,0.0
85,independent,20,314,"(13, 40, 21, 15, 50, 23, 15, 25, 35, 50, 38, 37, 39, 8, 44, 5, 31, 44, 50, 44)","(90, 14, 25, 60, 99, 75, 88, 69, 29, 88, 77, 60, 56, 1, 72, 56, 80, 58, 62, 29)",854,854,False,0.0
86,independent,20,302,"(50, 36, 48, 50, 46, 48, 20, 25, 33, 27, 1, 50, 14, 24, 12, 19, 31, 6, 31, 32)","(4, 41, 2, 9, 65, 81, 93, 14, 13, 59, 75, 98, 27, 8, 51, 11, 51, 38, 18, 48)",686,686,False,0.0
87,independent,20,276,"(10, 13, 7, 49, 42, 46, 46, 24, 18, 49, 32, 40, 5, 44, 17, 45, 6, 2, 18, 39)","(95, 70, 36, 43, 70, 42, 16, 2, 50, 12, 66, 90, 98, 26, 24, 72, 40, 90, 54, 93)",878,898,True,0.022271714922048998
88,independent,20,251,"(26, 22, 41, 34, 45, 22, 30, 15, 45, 39, 29, 21, 28, 20, 8, 22, 10, 29, 15, 1)","(25, 24, 2, 99, 2, 88, 18, 16, 18, 23, 53, 86, 18, 21, 60, 8, 32, 26, 23, 31)",576,576,False,0.0
89,independent,20,197,"(6, 39, 17, 23, 10, 22, 20, 44, 5, 11, 40, 15, 38, 4, 21, 6, 27, 6, 18, 22)","(99, 91, 18, 9, 54, 27, 89, 43, 74, 60, 1, 19, 60, 72, 94, 10, 61, 52, 95, 18)",870,878,True,0.009111617312072893
90,independent,20,270,"(14, 6, 43, 38, 41, 29, 20, 32, 24, 35, 10, 44, 25, 30, 9, 50, 12, 44, 2, 33)","(92, 62, 74, 40, 46, 74, 34, 35, 10, 94, 6, 82, 48, 14, 70, 68, 7, 10, 16, 37)",692,692,False,0.0
91,independent,20,252,"(6, 12, 44, 26, 48, 30, 17, 13, 24, 14, 25, 6, 6, 29, 35, 20, 36, 25, 42, 45)","(76, 88, 21, 59, 57, 59, 32, 78, 63, 28, 97, 99, 88, 90, 83, 50, 45, 94, 99, 71)",1005,1014,True,0.008875739644970414
92,independent,20,276,"(27, 37, 36, 18, 49, 37, 31, 5, 43, 22, 3, 42, 11, 11, 40, 47, 31, 44, 11, 8)","(67, 71, 76, 87, 13, 67, 21, 74, 81, 8, 4, 82, 75, 78, 21, 53, 96, 100, 92, 87)",926,970,True,0.04536082474226804
93,independent,20,292,"(32, 47, 8, 23, 12, 8, 38, 40, 8, 40, 26, 42, 50, 14, 15, 31, 38, 39, 22, 50)","(73, 46, 12, 19, 51, 21, 5, 71, 87, 48, 16, 10, 84, 97, 84, 21, 38, 38, 28, 61)",688,705,True,0.024113475177304965
94,independent,20,250,"(35, 8, 20, 2, 32, 20, 39, 35, 28, 48, 23, 23, 43, 3, 30, 11, 9, 43, 31, 18)","(24, 36, 56, 88, 48, 55, 36, 3, 2, 56, 59, 28, 93, 53, 83, 34, 12, 39, 89, 10)",716,722,True,0.008310249307479225
95,independent,20,314,"(49, 33, 35, 32, 9, 39, 41, 13, 37, 34, 13, 42, 24, 48, 24, 12, 26, 40, 39, 39)","(69, 95, 17, 4, 2, 11, 36, 6, 93, 78, 81, 14, 36, 50, 20, 24, 44, 23, 51, 33)",607,607,False,0.0
96,independent,20,204,"(24, 44, 14, 22, 3, 2, 27, 21, 17, 23, 9, 1, 31, 31, 21, 45, 34, 21, 11, 8)","(41, 51, 13, 98, 90, 22, 83, 12, 44, 36, 65, 74, 70, 57, 32, 45, 66, 4, 8, 57)",739,746,True,0.00938337801608579
97,independent,20,236,"(13, 24, 37, 36, 3, 48, 24, 5, 29, 44, 21, 20, 17, 27, 13, 7, 37, 9, 50, 9)","(55, 7, 3, 100, 3, 35, 4, 82, 61, 15, 32, 24, 98, 69, 23, 31, 70, 9, 96, 14)",685,685,False,0.0
98,independent,20,306,"(23, 3, 27, 31, 47, 36, 32, 26, 42, 49, 1, 50, 49, 50, 22, 42, 45, 13, 11, 12)","(74, 46, 8, 37, 87, 9, 26, 5, 91, 47, 100, 1, 50, 39, 6, 96, 63, 70, 52, 73)",815,815,False,0.0
99,independent,20,286,"(26, 13, 12, 16, 49, 17, 25, 44, 35, 40, 13, 47, 38, 24, 44, 10, 43, 37, 6, 34)","(49, 77, 30, 18, 12, 94, 68, 90, 12, 63, 54, 79, 28, 50, 28, 60, 23, 44, 92, 87)",830,844,True,0.016587677725118485
100,independent,20,222,"(10, 30, 12, 26, 23, 33, 35, 6, 30, 4, 42, 22, 20, 14, 10, 23, 41, 14, 30, 18)","(59, 99, 91, 94, 56, 15, 16, 95, 34, 85, 27, 30, 99, 23, 25, 48, 53, 52, 72, 49)",899,899,False,0.0
101,independent,20,247,"(38, 35, 30, 43, 14, 15, 32, 14, 29, 17, 11, 29, 35, 13, 21, 41, 28, 5, 30, 14)","(25, 46, 7, 65, 78, 37, 89, 43, 10, 25, 12, 99, 47, 61, 31, 52, 27, 56, 39, 15)",631,639,True,0.012519561815336464
102,independent,20,302,"(10, 40, 11, 46, 39, 25, 40, 37, 3, 34, 40, 34, 48, 29, 33, 6, 45, 39, 29, 15)","(87, 46, 71, 85, 24, 38, 55, 75, 93, 70, 96, 24, 49, 30, 17, 7, 24, 74, 65, 92)",853,853,False,0.0
103,independent,20,299,"(46, 47, 48, 45, 39, 8, 25, 22, 8, 6, 15, 2, 15, 45, 39, 19, 48, 47, 47, 27)","(59, 90, 28, 10, 95, 84, 60, 87, 63, 17, 75, 6, 14, 17, 67, 24, 53, 75, 87, 30)",769,789,True,0.025348542458808618
104,independent,20,198,"(2, 47, 15, 22, 46, 2, 7, 8, 42, 22, 42, 13, 17, 21, 11, 20, 3, 29, 16, 12)","(26, 99, 51, 1, 17, 22, 19, 10, 97, 48, 8, 75, 51, 80, 81, 53, 60, 69, 34, 73)",757,757,False,0.0
105,independent,20,292,"(38, 38, 1, 34, 37, 19, 23, 49, 7, 26, 11, 40, 30, 44, 46, 40, 34, 4, 40, 23)","(45, 14, 40, 99, 43, 21, 22, 19, 85, 45, 56, 50, 64, 30, 24, 40, 33, 42, 15, 93)",683,702,True,0.027065527065527065
106,independent,20,233,"(46, 2, 34, 4, 5, 32, 28, 48, 19, 15, 30, 46, 42, 12, 24, 23, 19, 22, 9, 6)","(62, 72, 61, 34, 25, 47, 58, 84, 89, 96, 36, 62, 18, 36, 63, 10, 45, 23, 56, 5)",724,724,False,0.0
107,independent,20,222,"(16, 38, 47, 28, 49, 9, 35, 8, 19, 3, 43, 21, 12, 13, 48, 9, 24, 5, 5, 13)","(80, 99, 85, 62, 40, 55, 97, 33, 77, 91, 36, 25, 76, 20, 69, 32, 15, 21, 64, 20)",827,832,True,0.006009615384615385
108,independent,20,224,"(9, 6, 25, 18, 13, 20, 12, 46, 13, 13, 36, 7, 21, 25, 41, 40, 4, 47, 29, 23)","(92, 85, 94, 49, 11, 28, 26, 41, 15, 11, 55, 69, 85, 28, 89, 83, 96, 73, 5, 93)",876,876,False,0.0
109,independent,20,278,"(18, 30, 36, 7, 33, 20, 34, 16, 33, 28, 11, 47, 34, 5, 12, 50, 47, 40, 9, 47)","(30, 58, 8, 30, 64, 73, 11, 58, 36, 86, 40, 71, 41, 67, 81, 2, 44, 26, 77, 24)",776,776,False,0.0
110,independent,20,234,"(25, 16, 31, 18, 35, 5, 27, 21, 3, 33, 10, 41, 34, 38, 15, 19, 24, 7, 36, 30)","(77, 53, 92, 82, 89, 70, 65, 96, 15, 11, 57, 2, 55, 85, 36, 47, 65, 53, 100, 36)",849,849,False,0.0
111,independent,20,294,"(14, 32, 26, 40, 41, 45, 36, 12, 30, 25, 18, 15, 47, 23, 3, 44, 44, 37, 27, 28)","(41, 25, 54, 22, 25, 54, 30, 86, 54, 92, 49, 92, 99, 64, 41, 98, 31, 58, 9, 98)",868,872,True,0.0045871559633027525
112,independent,20,268,"(31, 38, 20, 30, 49, 11, 15, 30, 25, 16, 30, 17, 13, 47, 44, 11, 29, 23, 40, 17)","(86, 80, 90, 54, 85, 47, 68, 4, 77, 94, 60, 45, 30, 78, 89, 96, 67, 53, 52, 3)",836,863,True,0.031286210892236384
113,independent,20,272,"(2, 47, 2, 36, 16, 2, 20, 39, 32, 20, 22, 13, 25, 47, 34, 12, 49, 39, 42, 44)","(84, 36, 62, 45, 56, 9, 17, 39, 37, 56, 51, 60, 40, 5, 46, 80, 29, 35, 64, 60)",713,713,False,0.0
114,independent,20,274,"(16, 7, 43, 41, 4, 34, 44, 19, 5, 24, 46, 6, 26, 39, 34, 24, 48, 28, 30, 31)","(73, 44, 32, 80, 20, 68, 67, 75, 69, 44, 14, 60, 15, 97, 39, 68, 87, 80, 30, 81)",815,839,True,0.028605482717520857
115,independent,20,238,"(19, 50, 35, 22, 36, 44, 19, 22, 4, 36, 10, 19, 32, 38, 11, 10, 14, 10, 45, 1)","(26, 15, 15, 97, 38, 82, 88, 62, 71, 19, 6, 23, 95, 32, 24, 68, 100, 81, 55, 92)",915,915,False,0.0
116,independent,20,290,"(48, 35, 20, 49, 8, 9, 31, 18, 38, 37, 29, 21, 34, 32, 36, 7, 29, 44, 24, 32)","(77, 93, 2, 83, 95, 62, 32, 53, 55, 10, 9, 98, 42, 8, 67, 52, 22, 70, 19, 72)",771,777,True,0.007722007722007722
117,independent,20,290,"(16, 11, 26, 36, 45, 46, 37, 23, 42, 9, 28, 11, 25, 28, 1, 46, 41, 38, 41, 31)","(24, 27, 21, 53, 16, 68, 43, 59, 5, 48, 9, 56, 83, 54, 21, 55, 24, 95, 19, 94)",682,684,True,0.0029239766081871343
118,independent,20,236,"(46, 12, 7, 24, 50, 20, 2, 32, 39, 37, 10, 44, 33, 14, 9, 19, 5, 4, 42, 22)","(81, 40, 90, 38, 3, 43, 78, 66, 44, 67, 75, 93, 1, 73, 49, 97, 80, 72, 47, 98)",992,995,True,0.003015075376884422
119,independent,20,274,"(19, 48, 43, 36, 28, 6, 41, 12, 18, 31, 2, 46, 28, 47, 44, 22, 9, 1, 34, 32)","(24, 69, 97, 97, 14, 55, 32, 33, 27, 75, 52, 33, 96, 8, 85, 27, 60, 67, 93, 54)",837,837,False,0.0
120,independent,20,236,"(33, 13, 47, 43, 6, 14, 17, 21, 48, 7, 44, 20, 19, 19, 13, 33, 8, 14, 45, 7)","(32, 82, 76, 60, 41, 29, 93, 48, 21, 91, 41, 17, 37, 28, 65, 95, 55, 26, 4, 1)",766,766,False,0.0
121,independent,20,236,"(6, 38, 41, 40, 12, 19, 41, 4, 47, 28, 2, 28, 22, 38, 10, 12, 8, 16, 28, 32)","(28, 51, 23, 67, 43, 24, 55, 87, 78, 17, 61, 97, 58, 30, 45, 56, 42, 83, 68, 24)",813,813,False,0.0
122,independent,20,266,"(33, 39, 5, 24, 15, 43, 38, 7, 29, 16, 26, 47, 10, 22, 50, 5, 8, 41, 40, 34)","(28, 39, 94, 98, 59, 94, 21, 39, 92, 72, 49, 81, 99, 36, 61, 50, 67, 58, 11, 77)",926,958,True,0.033402922755741124
123,independent,20,199,"(4, 6, 27, 7, 25, 36, 22, 11, 22, 22, 16, 1, 50, 39, 5, 21, 29, 3, 43, 9)","(35, 99, 35, 5, 69, 43, 7, 18, 72, 90, 21, 56, 12, 49, 1, 94, 14, 12, 19, 3)",650,650,False,0.0
124,independent,20,184,"(18, 1, 4, 18, 3, 11, 20, 2, 31, 28, 15, 7, 21, 10, 13, 42, 35, 49, 11, 30)","(71, 23, 54, 47, 41, 51, 54, 70, 79, 3, 28, 52, 27, 50, 99, 46, 38, 52, 14, 91)",810,810,False,0.0
125,independent,20,294,"(16, 39, 37, 12, 10, 20, 41, 5, 41, 31, 43, 41, 49, 19, 32, 32, 4, 46, 41, 28)","(29, 39, 95, 45, 78, 79, 1, 91, 20, 65, 54, 13, 33, 21, 24, 19, 36, 78, 69, 4)",740,740,False,0.0
126,independent,20,277,"(37, 37, 30, 42, 31, 15, 44, 41, 6, 44, 35, 23, 49, 25, 27, 18, 32, 1, 5, 12)","(8, 77, 32, 23, 61, 21, 18, 63, 95, 38, 19, 26, 64, 5, 53, 62, 67, 81, 39, 32)",715,715,False,0.0
127,independent,20,236,"(3, 38, 7, 2, 13, 15, 44, 20, 4, 19, 46, 25, 6, 38, 23, 31, 47, 46, 25, 19)","(80, 73, 4, 35, 53, 39, 86, 49, 41, 69, 16, 14, 95, 48, 3, 23, 78, 48, 89, 15)",787,787,False,0.0
128,independent,20,238,"(16, 33, 9, 2, 21, 35, 41, 37, 36, 5, 8, 19, 24, 46, 29, 26, 23, 21, 21, 23)","(52, 47, 62, 20, 82, 33, 86, 92, 39, 100, 4, 98, 16, 83, 22, 67, 61, 64, 68, 53)",823,838,True,0.017899761336515514
129,independent,20,248,"(38, 18, 45, 41, 22, 8, 36, 9, 18, 15, 31, 39, 9, 17, 49, 48, 6, 3, 38, 7)","(67, 6, 52, 29, 30, 91, 20, 87, 73, 18, 94, 59, 14, 10, 34, 94, 55, 31, 23, 31)",726,730,True,0.005479452054794521
130,independent,20,297,"(34, 18, 43, 42, 2, 16, 22, 22, 34, 47, 36, 42, 23, 27, 49, 10, 42, 28, 32, 25)","(55, 95, 57, 59, 46, 75, 29, 85, 86, 14, 88, 27, 3, 4, 48, 4, 64, 44, 93, 51)",782,786,True,0.005089058524173028
131,independent,20,274,"(21, 50, 6, 19, 25, 8, 37, 7, 11, 45, 36, 47, 32, 13, 35, 47, 29, 38, 14, 28)","(48, 66, 51, 3, 100, 45, 77, 91, 29, 89, 88, 57, 96, 29, 7, 22, 94, 95, 83, 95)",944,944,False,0.0
132,independent,20,278,"(27, 27, 11, 20, 50, 2, 29, 13, 11, 37, 16, 43, 32, 35, 36, 25, 22, 45, 36, 39)","(20, 8, 6, 16, 70, 32, 34, 58, 85, 52, 89, 99, 80, 80, 48, 76, 26, 9, 6, 46)",727,729,True,0.0027434842249657062
133,independent,20,308,"(32, 31, 50, 50, 35, 40, 46, 48, 19, 17, 14, 25, 28, 6, 10, 50, 21, 37, 19, 37)","(46, 42, 79, 44, 89, 95, 5, 11, 85, 37, 1, 65, 21, 37, 1, 53, 84, 24, 9, 17)",680,680,False,0.0
134,independent,20,316,"(31, 13, 36, 48, 9, 42, 32, 25, 32, 39, 30, 7, 47, 50, 18, 5, 38, 41, 41, 47)","(67, 93, 93, 82, 4, 98, 15, 29, 32, 70, 4, 37, 67, 93, 39, 96, 89, 34, 86, 49)",824,834,True,0.011990407673860911
135,independent,20,267,"(43, 41, 38, 32, 46, 29, 1, 10, 41, 24, 20, 38, 17, 3, 19, 17, 6, 17, 49, 43)","(48, 83, 36, 38, 16, 37, 76, 48, 34, 45, 35, 36, 36, 25, 1, 67, 38, 93, 46, 44)",669,669,False,0.0
136,independent,20,278,"(37, 34, 28, 49, 28, 9, 41, 3, 4, 39, 13, 39, 40, 26, 46, 2, 49, 17, 49, 2)","(55, 8, 64, 26, 90, 22, 64, 21, 91, 7, 25, 36, 46, 63, 100, 10, 92, 70, 98, 96)",842,842,False,0.0
137,independent,20,205,"(5, 27, 13, 32, 1, 33, 26, 31, 28, 34, 1, 2, 45, 31, 12, 16, 25, 21, 1, 26)","(24, 42, 30, 45, 52, 42, 68, 18, 67, 43, 79, 86, 19, 47, 45, 63, 42, 92, 90, 44)",824,824,False,0.0
138,independent,20,240,"(13, 29, 20, 34, 16, 10, 11, 48, 50, 6, 32, 6, 43, 10, 2, 41, 15, 10, 39, 44)","(49, 90, 27, 35, 24, 57, 44, 92, 27, 90, 70, 18, 29, 42, 96, 48, 7, 34, 54, 18)",760,763,True,0.003931847968545216
139,independent,20,248,"(1, 40, 39, 20, 36, 34, 49, 23, 49, 39, 15, 20, 32, 21, 1, 12, 35, 5, 7, 17)","(89, 69, 85, 96, 1, 44, 36, 75, 20, 35, 73, 86, 18, 66, 68, 41, 47, 99, 70, 65)",982,988,True,0.006072874493927126
140,independent,20,284,"(50, 2, 2, 47, 44, 15, 33, 46, 41, 20, 12, 39, 43, 45, 19, 35, 28, 13, 4, 29)","(13, 35, 69, 7, 93, 2, 25, 49, 50, 7, 30, 25, 53, 57, 8, 71, 51, 63, 91, 85)",706,706,False,0.0
141,independent,20,295,"(34, 2, 31, 37, 30, 18, 36, 44, 27, 18, 23, 48, 35, 11, 23, 37, 39, 35, 31, 31)","(100, 75, 23, 90, 1, 84, 2, 44, 31, 66, 80, 62, 24, 94, 47, 29, 96, 33, 70, 34)",864,867,True,0.0034602076124567475
142,independent,20,237,"(38, 44, 32, 32, 23, 17, 7, 11, 36, 39, 3, 16, 45, 34, 6, 31, 42, 8, 9, 1)","(89, 82, 22, 37, 46, 5, 38, 74, 27, 69, 61, 13, 41, 43, 9, 100, 99, 35, 92, 57)",782,796,True,0.017587939698492462
143,independent,20,208,"(12, 2, 10, 6, 27, 9, 9, 6, 19, 7, 39, 25, 37, 41, 19, 30, 28, 6, 39, 45)","(6, 29, 32, 94, 64, 74, 98, 76, 56, 36, 64, 82, 15, 37, 47, 21, 39, 32, 42, 26)",790,791,True,0.0012642225031605564
144,independent,20,270,"(29, 30, 47, 26, 43, 32, 16, 44, 15, 3, 8, 33, 16, 17, 26, 6, 23, 40, 46, 39)","(5, 11, 22, 12, 53, 76, 60, 18, 54, 60, 31, 33, 96, 6, 88, 68, 27, 31, 83, 53)",728,729,True,0.0013717421124828531
145,independent,20,267,"(49, 34, 29, 43, 47, 44, 31, 33, 8, 12, 39, 46, 3, 18, 17, 12, 21, 33, 3, 12)","(55, 1, 4, 42, 84, 93, 73, 36, 34, 8, 41, 57, 78, 36, 52, 96, 1, 63, 99, 7)",765,765,False,0.0
146,independent,20,216,"(9, 40, 50, 11, 19, 23, 14, 27, 35, 28, 19, 5, 1, 3, 9, 29, 39, 30, 15, 25)","(18, 43, 9, 73, 11, 6, 85, 40, 91, 20, 43, 5, 57, 51, 93, 100, 25, 75, 50, 84)",825,825,False,0.0
147,independent,20,266,"(39, 10, 29, 29, 41, 20, 30, 7, 23, 27, 23, 47, 38, 16, 4, 50, 30, 33, 20, 15)","(83, 51, 79, 24, 95, 54, 92, 60, 9, 45, 44, 82, 26, 25, 86, 100, 17, 10, 96, 25)",821,821,False,0.0
148,independent,20,252,"(26, 41, 44, 23, 18, 13, 41, 17, 43, 45, 27, 27, 1, 22, 20, 17, 22, 41, 12, 5)","(90, 5, 52, 37, 14, 64, 10, 69, 74, 29, 41, 79, 49, 89, 4, 4, 76, 73, 66, 35)",801,801,False,0.0
149,independent,20,167,"(5, 17, 9, 4, 12, 3, 4, 20, 13, 9, 25, 11, 26, 31, 17, 17, 31, 34, 2, 44)","(13, 49, 18, 3, 74, 52, 8, 13, 64, 9, 12, 5, 44, 59, 53, 82, 19, 37, 47, 61)",572,572,False,0.0
150,independent,20,246,"(21, 13, 20, 10, 27, 48, 22, 48, 49, 4, 9, 24, 44, 31, 9, 4, 10, 14, 45, 41)","(52, 30, 62, 21, 12, 38, 37, 57, 51, 18, 63, 12, 39, 45, 2, 14, 73, 35, 80, 64)",594,594,False,0.0
151,independent,20,284,"(46, 46, 47, 23, 24, 8, 32, 5, 7, 47, 43, 38, 36, 9, 20, 47, 12, 27, 22, 29)","(53, 81, 27, 37, 74, 60, 74, 59, 52, 37, 24, 47, 16, 20, 23, 23, 44, 8, 67, 14)",668,671,True,0.004470938897168405
152,independent,20,298,"(49, 41, 25, 6, 2, 41, 2, 49, 39, 30, 16, 5, 44, 40, 39, 39, 49, 30, 17, 33)","(51, 19, 26, 80, 16, 15, 45, 63, 23, 32, 93, 38, 70, 5, 39, 97, 42, 42, 28, 88)",718,718,False,0.0
153,independent,20,276,"(32, 3, 46, 38, 39, 21, 16, 33, 43, 14, 16, 27, 39, 5, 17, 23, 49, 4, 45, 43)","(10, 34, 54, 73, 72, 55, 66, 41, 77, 99, 29, 85, 73, 84, 28, 92, 38, 46, 53, 64)",836,856,True,0.02336448598130841
154,independent,20,302,"(14, 32, 29, 1, 17, 28, 41, 45, 46, 49, 34, 49, 48, 27, 29, 39, 17, 11, 3, 44)","(49, 27, 66, 58, 51, 84, 75, 7, 98, 58, 8, 50, 70, 92, 60, 10, 38, 97, 46, 96)",862,872,True,0.011467889908256881
155,independent,20,257,"(38, 35, 44, 27, 35, 38, 13, 4, 2, 6, 12, 41, 50, 34, 40, 15, 6, 32, 4, 38)","(65, 37, 100, 70, 54, 36, 84, 74, 68, 23, 31, 13, 9, 5, 76, 44, 93, 27, 66, 82)",876,876,False,0.0
156,independent,20,256,"(32, 48, 50, 10, 11, 48, 29, 22, 6, 9, 29, 35, 25, 1, 43, 7, 24, 42, 10, 30)","(54, 32, 46, 29, 18, 72, 49, 20, 20, 2, 5, 51, 97, 74, 45, 38, 7, 75, 65, 22)",642,642,False,0.0
157,independent,20,245,"(40, 15, 2, 23, 15, 9, 12, 48, 2, 45, 26, 25, 46, 36, 28, 11, 2, 47, 8, 50)","(63, 21, 4, 45, 41, 12, 29, 14, 15, 93, 53, 39, 88, 14, 61, 99, 83, 94, 43, 44)",693,703,True,0.01422475106685633
158,independent,20,250,"(44, 7, 27, 50, 49, 30, 3, 8, 36, 4, 6, 42, 35, 3, 41, 31, 16, 25, 35, 8)","(29, 8, 73, 43, 82, 82, 9, 1, 37, 8, 78, 92, 36, 27, 8, 85, 12, 41, 96, 21)",661,661,False,0.0
159,independent,20,258,"(26, 44, 16, 13, 13, 49, 32, 3, 43, 15, 27, 19, 43, 21, 2, 38, 26, 31, 4, 50)","(22, 58, 67, 80, 3, 92, 49, 35, 50, 61, 83, 42, 33, 31, 82, 28, 64, 82, 12, 87)",787,787,False,0.0
160,independent,20,272,"(8, 22, 12, 23, 34, 35, 48, 31, 18, 22, 15, 28, 33, 30, 19, 48, 13, 48, 46, 12)","(65, 52, 76, 92, 64, 28, 55, 2, 16, 7, 7, 54, 48, 38, 40, 88, 3, 80, 37, 59)",686,686,False,0.0
161,independent,20,306,"(34, 36, 15, 38, 3, 45, 31, 47, 30, 4, 40, 39, 46, 1, 17, 18, 44, 31, 48, 45)","(27, 22, 82, 62, 97, 94, 63, 7, 91, 62, 10, 61, 1, 100, 68, 83, 52, 27, 45, 60)",923,923,False,0.0
162,independent,20,242,"(4, 41, 33, 27, 50, 19, 30, 12, 27, 42, 5, 37, 42, 18, 10, 30, 1, 42, 12, 1)","(89, 27, 26, 64, 79, 58, 4, 16, 41, 72, 59, 3, 99, 10, 53, 6, 28, 95, 65, 80)",803,810,True,0.008641975308641974
163,independent,20,244,"(35, 30, 12, 19, 23, 24, 10, 40, 45, 22, 4, 46, 30, 5, 34, 29, 24, 41, 10, 5)","(80, 75, 64, 28, 27, 18, 23, 8, 9, 20, 94, 10, 70, 79, 37, 21, 68, 85, 89, 42)",797,806,True,0.011166253101736972
164,independent,20,260,"(7, 20, 30, 39, 8, 27, 1, 13, 20, 42, 29, 5, 36, 46, 45, 50, 4, 45, 45, 8)","(95, 33, 63, 50, 11, 51, 76, 20, 41, 15, 78, 91, 15, 12, 47, 99, 37, 5, 44, 71)",781,805,True,0.02981366459627329
165,independent,20,252,"(2, 46, 5, 15, 28, 21, 31, 13, 44, 44, 39, 4, 28, 25, 16, 31, 46, 39, 17, 10)","(8, 56, 64, 23, 87, 75, 8, 9, 54, 17, 53, 85, 68, 81, 14, 85, 63, 55, 79, 68)",792,808,True,0.019801980198019802
166,independent,20,260,"(12, 39, 28, 21, 32, 37, 19, 13, 48, 32, 13, 25, 1, 18, 43, 32, 33, 21, 18, 34)","(81, 53, 2, 5, 96, 48, 87, 22, 2, 13, 93, 16, 21, 75, 28, 78, 21, 58, 27, 21)",739,739,False,0.0
167,independent,20,218,"(15, 22, 21, 48, 6, 34, 28, 49, 16, 46, 6, 20, 4, 44, 11, 5, 5, 47, 6, 2)","(12, 55, 99, 93, 96, 1, 79, 64, 8, 15, 20, 53, 67, 37, 10, 1, 65, 54, 82, 46)",819,819,False,0.0
168,independent,20,269,"(48, 34, 25, 15, 13, 35, 49, 39, 40, 25, 8, 34, 23, 38, 25, 17, 2, 14, 44, 10)","(15, 48, 24, 69, 26, 66, 64, 28, 86, 15, 54, 45, 42, 22, 71, 59, 1, 42, 25, 98)",706,706,False,0.0
169,independent,20,266,"(17, 40, 36, 8, 23, 35, 31, 14, 39, 9, 45, 15, 10, 33, 21, 36, 28, 37, 25, 30)","(67, 23, 66, 68, 97, 35, 73, 10, 1, 61, 6, 57, 7, 27, 39, 6, 22, 25, 8, 68)",658,660,True,0.0030303030303030303
170,independent,20,274,"(23, 21, 6, 21, 38, 14, 25, 20, 32, 34, 37, 1, 30, 12, 37, 43, 21, 50, 35, 47)","(76, 41, 32, 34, 16, 2, 65, 74, 16, 45, 32, 24, 41, 60, 23, 23, 1, 57, 2, 59)",567,574,True,0.012195121951219513
171,independent,20,248,"(36, 27, 38, 44, 25, 21, 12, 9, 15, 36, 40, 13, 12, 36, 42, 6, 22, 8, 45, 9)","(50, 16, 60, 23, 40, 24, 23, 98, 19, 98, 32, 14, 8, 78, 41, 75, 51, 92, 62, 83)",748,760,True,0.015789473684210527
172,independent,20,249,"(23, 14, 23, 4, 30, 29, 37, 45, 29, 37, 28, 34, 15, 29, 23, 8, 27, 4, 31, 28)","(25, 39, 95, 51, 72, 27, 95, 7, 39, 13, 1, 18, 68, 35, 44, 32, 91, 81, 91, 75)",834,834,False,0.0
173,independent,20,280,"(21, 43, 47, 39, 16, 47, 1, 45, 10, 29, 30, 44, 47, 5, 37, 1, 10, 25, 50, 13)","(63, 100, 66, 47, 53, 92, 45, 1, 95, 20, 81, 29, 25, 75, 94, 59, 41, 13, 50, 40)",885,885,False,0.0
174,independent,20,218,"(1, 2, 24, 15, 7, 22, 42, 44, 6, 21, 22, 49, 21, 30, 35, 8, 36, 4, 29, 18)","(57, 64, 9, 31, 96, 56, 48, 73, 88, 90, 77, 90, 86, 3, 100, 81, 91, 37, 64, 8)",987,987,False,0.0
175,independent,20,284,"(29, 4, 37, 45, 13, 39, 32, 32, 50, 18, 48, 12, 50, 12, 36, 29, 23, 14, 23, 23)","(31, 93, 89, 65, 33, 10, 66, 59, 5, 97, 78, 70, 39, 63, 60, 98, 78, 60, 77, 61)",944,945,True,0.0010582010582010583
176,independent,20,258,"(2, 50, 50, 25, 21, 42, 31, 1, 20, 23, 31, 17, 36, 28, 48, 12, 15, 45, 1, 19)","(8, 29, 15, 82, 81, 74, 13, 4, 79, 41, 40, 42, 82, 61, 3, 58, 83, 55, 6, 49)",716,732,True,0.02185792349726776
177,independent,20,264,"(14, 27, 13, 26, 28, 39, 20, 18, 8, 36, 23, 24, 30, 47, 7, 50, 49, 19, 46, 5)","(64, 75, 91, 6, 83, 94, 95, 12, 14, 89, 53, 71, 52, 10, 73, 30, 93, 21, 56, 26)",849,854,True,0.00585480093676815
178,independent,20,256,"(8, 30, 16, 22, 31, 12, 29, 16, 15, 31, 50, 34, 25, 8, 43, 48, 17, 26, 6, 44)","(72, 83, 97, 94, 37, 11, 100, 71, 36, 31, 22, 65, 60, 13, 23, 16, 36, 83, 3, 75)",813,820,True,0.00853658536585366
179,independent,20,192,"(13, 5, 34, 29, 38, 15, 16, 21, 32, 9, 11, 40, 17, 12, 6, 2, 4, 31, 45, 4)","(16, 8, 39, 7, 33, 73, 39, 71, 94, 43, 77, 76, 22, 25, 39, 99, 98, 14, 99, 69)",834,842,True,0.009501187648456057
180,independent,20,218,"(10, 44, 40, 8, 33, 16, 3, 8, 42, 9, 8, 27, 31, 42, 48, 18, 2, 4, 26, 17)","(11, 2, 34, 76, 58, 77, 18, 1, 4, 25, 24, 68, 84, 98, 16, 43, 30, 4, 80, 96)",730,730,False,0.0
181,independent,20,270,"(38, 7, 22, 13, 20, 22, 29, 48, 5, 2, 50, 24, 19, 39, 24, 41, 13, 30, 48, 46)","(90, 8, 44, 97, 97, 30, 59, 32, 29, 8, 40, 36, 36, 50, 51, 36, 5, 71, 94, 49)",689,698,True,0.012893982808022923
182,independent,20,280,"(29, 15, 21, 19, 46, 3, 33, 45, 6, 14, 49, 47, 43, 10, 47, 11, 15, 43, 49, 16)","(46, 30, 45, 10, 35, 81, 60, 36, 12, 48, 4, 89, 13, 74, 94, 71, 69, 3, 81, 67)",786,795,True,0.011320754716981131
183,independent,20,231,"(7, 48, 23, 15, 34, 1, 3, 28, 38, 41, 35, 1, 3, 42, 37, 47, 27, 4, 7, 21)","(12, 1, 39, 12, 12, 83, 10, 80, 90, 30, 92, 58, 90, 83, 6, 98, 49, 20, 78, 51)",833,833,False,0.0
184,independent,20,258,"(18, 16, 45, 22, 47, 35, 29, 43, 9, 18, 12, 15, 41, 10, 7, 35, 33, 21, 21, 39)","(1, 89, 42, 44, 80, 27, 75, 2, 66, 43, 46, 9, 42, 83, 99, 10, 99, 2, 54, 10)",788,788,False,0.0
185,independent,20,252,"(8, 10, 38, 31, 26, 1, 50, 46, 28, 2, 14, 25, 34, 17, 45, 46, 25, 38, 8, 12)","(20, 39, 63, 96, 23, 75, 31, 34, 69, 82, 97, 34, 79, 62, 24, 72, 45, 17, 24, 65)",816,843,True,0.03202846975088968
186,independent,20,234,"(22, 27, 50, 7, 44, 1, 22, 8, 23, 29, 31, 30, 50, 7, 23, 6, 5, 8, 33, 41)","(85, 71, 58, 61, 16, 26, 72, 57, 6, 51, 87, 18, 74, 66, 82, 38, 93, 15, 91, 22)",895,895,False,0.0
187,independent,20,293,"(23, 38, 38, 38, 16, 48, 30, 11, 29, 15, 16, 40, 39, 22, 50, 23, 34, 26, 39, 11)","(61, 20, 4, 71, 64, 91, 97, 76, 45, 43, 33, 93, 85, 58, 10, 86, 66, 56, 24, 86)",838,871,True,0.03788748564867968
188,independent,20,250,"(46, 17, 16, 45, 26, 23, 18, 7, 45, 46, 31, 8, 17, 21, 14, 31, 44, 5, 4, 36)","(29, 1, 10, 35, 34, 39, 15, 4, 66, 64, 45, 32, 6, 52, 66, 86, 76, 26, 23, 25)",526,536,True,0.018656716417910446
189,independent,20,244,"(31, 18, 37, 8, 48, 34, 44, 37, 13, 19, 26, 7, 8, 35, 1, 11, 42, 13, 11, 45)","(96, 19, 71, 52, 1, 2, 5, 19, 40, 5, 90, 75, 59, 27, 51, 99, 29, 81, 56, 97)",886,886,False,0.0
190,independent,20,242,"(5, 49, 24, 15, 26, 10, 46, 4, 35, 34, 23, 20, 4, 42, 22, 25, 5, 31, 19, 46)","(22, 43, 27, 61, 10, 11, 68, 76, 9, 96, 89, 51, 92, 96, 27, 89, 58, 74, 73, 71)",888,888,False,0.0
191,independent,20,304,"(49, 36, 33, 50, 49, 45, 4, 8, 26, 24, 24, 47, 41, 19, 33, 24, 19, 24, 2, 50)","(68, 66, 19, 52, 82, 62, 79, 7, 62, 55, 7, 11, 29, 4, 72, 2, 35, 30, 47, 93)",666,666,False,0.0
192,independent,20,218,"(24, 6, 20, 22, 18, 15, 12, 9, 12, 11, 30, 42, 22, 19, 45, 41, 41, 17, 13, 17)","(39, 60, 55, 55, 88, 48, 99, 51, 93, 35, 26, 34, 86, 64, 51, 31, 30, 66, 29, 21)",850,850,False,0.0
193,independent,20,262,"(36, 49, 20, 18, 15, 20, 30, 43, 39, 14, 33, 18, 21, 23, 15, 14, 46, 19, 28, 23)","(60, 23, 72, 68, 4, 20, 70, 96, 27, 63, 72, 85, 72, 72, 94, 34, 24, 98, 84, 12)",884,884,False,0.0
194,independent,20,281,"(39, 38, 23, 17, 28, 29, 28, 24, 41, 41, 44, 8, 41, 14, 7, 36, 23, 18, 14, 49)","(9, 20, 50, 95, 95, 70, 53, 19, 14, 22, 54, 100, 73, 71, 83, 19, 60, 12, 28, 52)",832,832,False,0.0
195,independent,20,242,"(39, 3, 13, 14, 6, 20, 37, 13, 21, 16, 36, 28, 45, 44, 16, 7, 34, 4, 42, 45)","(51, 83, 87, 51, 83, 92, 80, 93, 44, 9, 66, 100, 19, 14, 88, 11, 8, 19, 70, 85)",916,938,True,0.023454157782515993
196,independent,20,309,"(42, 46, 46, 14, 28, 42, 6, 46, 33, 39, 9, 20, 18, 23, 28, 47, 37, 36, 47, 11)","(65, 84, 4, 99, 85, 41, 39, 20, 36, 14, 71, 79, 91, 74, 9, 93, 62, 78, 36, 8)",863,866,True,0.003464203233256351
197,independent,20,246,"(35, 9, 2, 13, 8, 38, 30, 14, 27, 44, 11, 38, 32, 32, 36, 39, 20, 5, 27, 31)","(2, 21, 89, 75, 6, 63, 13, 75, 29, 80, 20, 91, 53, 70, 39, 62, 92, 32, 31, 64)",740,752,True,0.015957446808510637
198,independent,20,272,"(4, 46, 7, 48, 30, 34, 13, 12, 49, 39, 35, 49, 22, 21, 40, 7, 4, 44, 26, 13)","(74, 62, 86, 62, 7, 38, 56, 50, 4, 63, 75, 76, 33, 31, 78, 87, 77, 29, 70, 65)",890,890,False,0.0
199,independent,20,292,"(23, 26, 43, 20, 31, 33, 17, 50, 22, 35, 2, 37, 45, 32, 15, 10, 45, 21, 48, 28)","(96, 36, 92, 2, 89, 45, 31, 74, 99, 49, 67, 87, 51, 65, 64, 77, 67, 49, 41, 48)",864,869,True,0.005753739930955121
200,independent,20,222,"(3, 48, 2, 40, 1, 29, 11, 2, 18, 30, 13, 8, 46, 25, 42, 30, 15, 32, 42, 8)","(27, 91, 19, 35, 89, 91, 92, 57, 57, 30, 83, 39, 90, 45, 13, 56, 88, 38, 92, 95)",919,945,True,0.027513227513227514
201,independent,20,261,"(5, 21, 1, 19, 49, 45, 31, 49, 29, 36, 31, 37, 4, 15, 45, 1, 7, 36, 12, 49)","(92, 54, 100, 42, 90, 88, 80, 35, 62, 79, 18, 62, 69, 28, 25, 39, 31, 35, 84, 62)",866,910,True,0.04835164835164835
202,independent,20,310,"(49, 42, 27, 13, 26, 28, 29, 34, 13, 32, 40, 42, 13, 21, 9, 30, 46, 43, 34, 49)","(50, 61, 26, 87, 8, 57, 5, 42, 31, 81, 97, 67, 52, 61, 55, 96, 91, 5, 32, 33)",775,786,True,0.013994910941475827
203,independent,20,246,"(6, 32, 14, 50, 17, 16, 2, 16, 42, 48, 8, 36, 23, 17, 25, 13, 48, 20, 30, 30)","(6, 77, 4, 77, 79, 93, 100, 45, 13, 17, 14, 95, 74, 76, 57, 64, 14, 10, 77, 34)",857,857,False,0.0
204,independent,20,224,"(26, 38, 9, 31, 7, 37, 21, 5, 5, 44, 23, 13, 19, 14, 20, 25, 21, 18, 26, 47)","(11, 27, 53, 43, 90, 21, 53, 57, 59, 68, 20, 30, 31, 22, 58, 27, 96, 18, 67, 78)",694,715,True,0.02937062937062937
205,independent,20,244,"(28, 47, 35, 30, 15, 34, 7, 48, 9, 44, 38, 21, 1, 20, 41, 18, 6, 6, 19, 20)","(62, 13, 64, 91, 97, 24, 26, 30, 81, 26, 94, 94, 66, 42, 98, 43, 14, 78, 29, 3)",886,886,False,0.0
206,independent,20,241,"(1, 20, 15, 15, 12, 17, 9, 33, 9, 16, 44, 42, 20, 28, 44, 36, 5, 24, 44, 48)","(11, 95, 17, 32, 43, 68, 84, 25, 95, 36, 56, 85, 63, 16, 85, 39, 45, 41, 13, 90)",783,788,True,0.006345177664974619
207,independent,20,246,"(33, 43, 15, 11, 44, 10, 32, 4, 24, 12, 21, 30, 25, 13, 10, 22, 33, 45, 22, 43)","(85, 78, 95, 4, 45, 89, 11, 41, 17, 9, 73, 26, 51, 70, 14, 6, 23, 13, 98, 33)",739,739,False,0.0
208,independent,20,248,"(18, 50, 4, 37, 37, 30, 44, 41, 23, 12, 15, 43, 10, 20, 17, 14, 40, 10, 26, 4)","(68, 26, 74, 33, 80, 33, 95, 59, 54, 18, 39, 71, 51, 49, 79, 29, 69, 71, 32, 75)",782,806,True,0.02977667493796526
209,independent,20,234,"(36, 2, 37, 6, 44, 5, 11, 15, 21, 13, 5, 32, 5, 9, 37, 42, 42, 48, 19, 39)","(85, 22, 37, 83, 24, 47, 92, 54, 23, 37, 53, 42, 4, 30, 57, 42, 13, 83, 17, 90)",737,737,False,0.0
210,independent,20,306,"(25, 44, 26, 45, 42, 15, 41, 8, 44, 47, 35, 29, 42, 9, 50, 38, 5, 39, 22, 5)","(1, 94, 22, 3, 38, 6, 18, 70, 62, 16, 10, 17, 53, 44, 100, 9, 37, 34, 100, 38)",658,658,False,0.0
211,independent,20,338,"(37, 48, 2, 41, 42, 22, 38, 42, 27, 28, 43, 41, 24, 45, 33, 14, 46, 35, 29, 39)","(46, 31, 41, 71, 80, 73, 87, 17, 91, 77, 78, 23, 22, 84, 87, 99, 46, 32, 17, 31)",868,868,False,0.0
212,independent,20,220,"(26, 3, 38, 20, 9, 3, 12, 34, 41, 50, 28, 25, 20, 3, 3, 19, 18, 21, 37, 30)","(78, 91, 8, 72, 20, 38, 98, 42, 18, 12, 37, 9, 100, 21, 60, 7, 25, 44, 66, 38)",750,767,True,0.02216427640156454
213,independent,20,241,"(10, 15, 2, 27, 33, 11, 28, 14, 22, 30, 46, 37, 38, 19, 7, 18, 44, 37, 36, 8)","(53, 37, 25, 70, 40, 45, 67, 77, 71, 60, 26, 88, 75, 98, 94, 41, 27, 58, 44, 45)",811,849,True,0.0447585394581861
214,independent,20,245,"(34, 23, 20, 35, 29, 27, 17, 49, 6, 11, 42, 38, 4, 15, 37, 4, 10, 22, 43, 24)","(94, 54, 83, 99, 29, 6, 27, 32, 87, 35, 71, 86, 97, 78, 90, 97, 86, 81, 90, 26)",1008,1017,True,0.008849557522123894
215,independent,20,231,"(3, 22, 19, 6, 3, 25, 44, 8, 47, 17, 8, 30, 34, 44, 42, 37, 15, 9, 18, 31)","(81, 13, 31, 86, 70, 38, 4, 77, 24, 82, 65, 56, 20, 57, 79, 53, 53, 82, 74, 42)",887,900,True,0.014444444444444444
216,independent,20,196,"(14, 12, 31, 2, 7, 2, 23, 35, 10, 28, 30, 3, 45, 3, 4, 1, 34, 34, 41, 32)","(83, 91, 61, 49, 74, 34, 90, 64, 60, 36, 18, 13, 62, 78, 90, 49, 35, 37, 50, 16)",898,898,False,0.0
217,independent,20,241,"(19, 12, 45, 8, 10, 48, 43, 28, 38, 36, 6, 19, 4, 23, 17, 19, 11, 31, 26, 39)","(31, 33, 32, 44, 35, 42, 99, 71, 92, 28, 11, 11, 72, 10, 41, 56, 46, 70, 21, 38)",670,690,True,0.028985507246376812
218,independent,20,238,"(20, 7, 39, 22, 4, 48, 31, 23, 38, 16, 38, 30, 13, 16, 31, 10, 47, 9, 5, 30)","(24, 98, 45, 27, 65, 45, 26, 43, 32, 81, 86, 60, 81, 92, 64, 18, 19, 60, 76, 85)",909,909,False,0.0
219,independent,20,239,"(45, 22, 3, 46, 7, 28, 19, 3, 4, 29, 40, 10, 3, 22, 21, 5, 47, 32, 45, 47)","(82, 68, 43, 94, 37, 44, 61, 18, 82, 47, 18, 17, 35, 51, 71, 67, 13, 42, 91, 48)",782,782,False,0.0
220,independent,20,244,"(48, 15, 16, 18, 26, 32, 46, 16, 11, 24, 38, 2, 43, 14, 46, 34, 20, 21, 6, 12)","(98, 93, 59, 93, 54, 28, 42, 62, 51, 50, 25, 75, 10, 8, 88, 40, 1, 10, 99, 3)",830,830,False,0.0
221,independent,20,260,"(16, 6, 18, 50, 49, 36, 41, 39, 3, 41, 17, 12, 32, 16, 50, 7, 38, 3, 11, 34)","(55, 63, 72, 30, 46, 58, 90, 9, 35, 11, 81, 54, 87, 12, 45, 35, 97, 79, 89, 85)",934,934,False,0.0
222,independent,20,219,"(50, 16, 20, 2, 15, 48, 29, 5, 2, 27, 32, 33, 24, 16, 22, 29, 15, 18, 2, 33)","(14, 37, 5, 62, 57, 93, 58, 100, 14, 10, 86, 27, 90, 66, 57, 26, 9, 52, 26, 50)",755,761,True,0.00788436268068331
223,independent,20,296,"(22, 29, 26, 41, 50, 8, 35, 1, 39, 22, 2, 6, 47, 18, 24, 49, 48, 46, 28, 50)","(46, 25, 69, 65, 87, 100, 86, 100, 80, 85, 15, 46, 46, 51, 9, 87, 24, 51, 4, 73)",852,856,True,0.004672897196261682
224,independent,20,284,"(5, 30, 35, 7, 43, 9, 21, 35, 7, 50, 23, 27, 17, 26, 46, 47, 47, 35, 40, 19)","(25, 10, 30, 55, 68, 4, 33, 32, 17, 54, 25, 98, 49, 37, 13, 22, 54, 52, 66, 85)",614,617,True,0.004862236628849271
225,independent,20,284,"(45, 12, 45, 45, 13, 49, 1, 12, 35, 18, 16, 34, 19, 28, 46, 38, 19, 44, 9, 40)","(31, 94, 78, 18, 48, 19, 80, 4, 89, 66, 28, 38, 13, 58, 18, 7, 54, 48, 48, 90)",775,781,True,0.0076824583866837385
226,independent,20,227,"(31, 42, 38, 4, 24, 25, 30, 36, 23, 6, 23, 2, 46, 23, 28, 6, 10, 26, 4, 27)","(5, 71, 77, 23, 44, 71, 90, 96, 96, 79, 68, 23, 70, 42, 72, 55, 60, 96, 4, 72)",833,837,True,0.0047789725209080045
227,independent,20,262,"(26, 24, 29, 48, 27, 49, 18, 43, 5, 32, 2, 23, 30, 16, 38, 20, 29, 12, 47, 7)","(88, 11, 31, 54, 5, 13, 24, 31, 31, 92, 31, 47, 85, 60, 31, 6, 63, 2, 95, 19)",646,647,True,0.0015455950540958269
228,independent,20,335,"(49, 43, 37, 15, 37, 45, 50, 5, 9, 45, 27, 24, 47, 37, 37, 6, 37, 41, 32, 47)","(90, 29, 29, 60, 78, 59, 19, 75, 40, 89, 40, 77, 52, 26, 81, 73, 68, 56, 10, 80)",811,827,True,0.019347037484885126
229,independent,20,234,"(34, 15, 28, 41, 40, 36, 45, 5, 1, 12, 5, 21, 4, 15, 28, 47, 1, 18, 43, 30)","(18, 69, 34, 27, 22, 64, 38, 65, 97, 31, 93, 36, 3, 95, 99, 79, 88, 39, 30, 48)",903,903,False,0.0
230,independent,20,266,"(46, 20, 44, 2, 28, 2, 41, 27, 33, 17, 1, 44, 13, 21, 43, 12, 44, 37, 37, 19)","(21, 93, 69, 85, 99, 63, 62, 80, 98, 79, 45, 91, 4, 99, 40, 17, 62, 50, 58, 43)",944,950,True,0.00631578947368421
231,independent,20,280,"(2, 25, 21, 50, 15, 50, 50, 27, 50, 46, 49, 19, 43, 8, 8, 11, 23, 18, 1, 44)","(17, 100, 97, 73, 27, 73, 40, 59, 42, 73, 84, 96, 53, 74, 3, 99, 35, 46, 3, 78)",818,829,True,0.013268998793727383
232,independent,20,232,"(18, 15, 5, 18, 27, 33, 21, 24, 41, 15, 29, 42, 48, 28, 26, 5, 5, 12, 30, 23)","(16, 11, 35, 21, 21, 16, 35, 47, 10, 35, 59, 23, 79, 89, 77, 36, 42, 1, 76, 50)",602,602,False,0.0
233,independent,20,266,"(44, 12, 15, 36, 6, 18, 45, 1, 44, 39, 46, 48, 8, 21, 6, 32, 41, 40, 22, 7)","(81, 68, 62, 27, 14, 30, 92, 10, 31, 91, 30, 37, 62, 28, 38, 68, 20, 91, 40, 65)",742,748,True,0.008021390374331552
234,independent,20,298,"(22, 4, 27, 46, 15, 23, 32, 5, 28, 39, 2, 50, 43, 48, 47, 42, 20, 8, 47, 48)","(34, 75, 65, 62, 34, 47, 79, 34, 50, 88, 50, 50, 36, 37, 3, 49, 15, 90, 76, 96)",799,799,False,0.0
235,independent,20,231,"(23, 33, 3, 5, 2, 11, 8, 30, 12, 50, 19, 47, 49, 47, 6, 24, 33, 34, 8, 18)","(93, 99, 32, 12, 33, 8, 8, 22, 41, 56, 57, 18, 92, 71, 14, 61, 98, 60, 59, 11)",699,699,False,0.0
236,independent,20,234,"(44, 32, 23, 25, 10, 38, 37, 38, 17, 47, 43, 29, 14, 10, 7, 4, 7, 22, 14, 6)","(48, 94, 11, 91, 97, 39, 21, 90, 47, 94, 45, 18, 28, 66, 51, 7, 89, 11, 89, 54)",897,897,False,0.0
237,independent,20,287,"(40, 11, 27, 45, 33, 42, 28, 46, 31, 6, 39, 24, 17, 31, 28, 1, 44, 47, 24, 10)","(64, 31, 8, 23, 94, 86, 70, 2, 78, 89, 47, 64, 16, 63, 12, 89, 67, 68, 52, 36)",816,819,True,0.003663003663003663
238,independent,20,216,"(24, 28, 41, 6, 11, 35, 37, 3, 11, 19, 2, 19, 17, 16, 7, 27, 11, 35, 38, 45)","(12, 93, 9, 19, 15, 72, 73, 11, 40, 53, 53, 91, 19, 54, 31, 2, 84, 86, 75, 97)",727,727,False,0.0
239,independent,20,253,"(8, 46, 27, 28, 24, 1, 19, 19, 10, 36, 36, 8, 16, 24, 2, 44, 28, 49, 49, 32)","(25, 20, 14, 8, 53, 96, 34, 98, 100, 4, 12, 8, 35, 61, 78, 90, 97, 58, 89, 12)",864,864,False,0.0
240,independent,20,254,"(40, 3, 10, 49, 42, 3, 8, 1, 24, 20, 35, 40, 34, 16, 1, 33, 38, 40, 23, 49)","(8, 41, 80, 68, 42, 48, 32, 99, 60, 85, 80, 21, 32, 72, 52, 81, 53, 12, 96, 39)",911,911,False,0.0
241,independent,20,324,"(45, 49, 23, 46, 16, 42, 11, 17, 48, 47, 42, 11, 40, 33, 37, 35, 11, 39, 7, 48)","(69, 14, 90, 9, 77, 70, 81, 35, 46, 18, 2, 90, 30, 65, 29, 46, 7, 84, 20, 18)",756,757,True,0.001321003963011889
242,independent,20,263,"(22, 32, 40, 33, 50, 1, 17, 14, 39, 25, 40, 28, 15, 1, 26, 31, 22, 49, 35, 6)","(4, 68, 63, 92, 22, 26, 69, 26, 93, 6, 42, 43, 5, 71, 60, 43, 9, 19, 30, 11)",631,654,True,0.035168195718654434
243,independent,20,253,"(34, 28, 29, 20, 17, 1, 24, 37, 14, 46, 42, 4, 11, 19, 4, 48, 46, 30, 10, 42)","(41, 7, 73, 22, 16, 14, 41, 87, 43, 74, 5, 66, 83, 73, 24, 29, 14, 90, 12, 26)",709,709,False,0.0
244,independent,20,240,"(49, 27, 38, 5, 7, 10, 18, 40, 9, 15, 15, 23, 26, 32, 14, 30, 5, 41, 43, 33)","(88, 50, 60, 46, 94, 43, 36, 97, 28, 55, 15, 2, 46, 13, 15, 19, 51, 72, 80, 1)",668,678,True,0.014749262536873156
245,independent,20,242,"(9, 31, 29, 48, 41, 3, 14, 10, 41, 46, 32, 13, 3, 18, 12, 44, 10, 31, 4, 44)","(37, 9, 43, 77, 60, 94, 33, 62, 83, 40, 52, 72, 89, 80, 75, 38, 85, 71, 92, 80)",996,996,False,0.0
246,independent,20,234,"(4, 25, 23, 47, 12, 12, 36, 47, 45, 14, 44, 29, 6, 2, 14, 7, 29, 11, 33, 29)","(67, 93, 9, 57, 74, 43, 88, 13, 45, 65, 37, 18, 6, 8, 91, 8, 69, 81, 61, 2)",772,772,False,0.0
247,independent,20,214,"(30, 2, 31, 4, 23, 28, 11, 19, 14, 49, 27, 36, 19, 6, 41, 7, 4, 10, 23, 43)","(44, 45, 99, 80, 18, 2, 26, 84, 79, 91, 69, 17, 27, 69, 98, 35, 57, 13, 57, 51)",825,825,False,0.0
248,independent,20,248,"(27, 31, 13, 30, 7, 17, 45, 32, 6, 40, 7, 42, 37, 32, 12, 17, 29, 15, 17, 40)","(93, 92, 90, 88, 42, 75, 57, 48, 54, 60, 36, 64, 78, 87, 32, 36, 74, 86, 71, 79)",920,924,True,0.004329004329004329
249,independent,20,275,"(18, 39, 39, 40, 41, 50, 11, 50, 33, 6, 36, 33, 10, 16, 31, 24, 23, 13, 32, 5)","(75, 36, 81, 82, 64, 70, 2, 56, 53, 46, 15, 85, 57, 20, 45, 71, 22, 56, 88, 60)",774,774,False,0.0
250,independent,20,314,"(25, 11, 43, 46, 36, 11, 27, 28, 42, 37, 42, 48, 44, 28, 13, 18, 37, 28, 48, 16)","(52, 72, 9, 6, 31, 48, 34, 60, 70, 40, 74, 21, 23, 87, 61, 28, 95, 59, 86, 50)",772,778,True,0.007712082262210797
251,independent,20,272,"(29, 25, 37, 30, 27, 32, 17, 30, 16, 40, 11, 39, 8, 23, 36, 16, 49, 14, 39, 27)","(85, 94, 76, 32, 91, 12, 26, 52, 66, 95, 40, 93, 57, 20, 1, 63, 79, 11, 25, 22)",786,786,False,0.0
252,independent,20,281,"(50, 2, 19, 10, 22, 30, 17, 50, 7, 39, 42, 49, 6, 19, 18, 46, 46, 38, 9, 43)","(80, 88, 70, 25, 36, 63, 3, 94, 99, 34, 64, 94, 94, 6, 31, 35, 81, 3, 48, 65)",823,836,True,0.01555023923444976
253,independent,20,254,"(35, 25, 10, 42, 5, 5, 18, 21, 36, 2, 15, 3, 42, 17, 32, 42, 47, 44, 30, 38)","(69, 53, 84, 30, 58, 19, 64, 93, 93, 41, 27, 54, 52, 62, 11, 37, 33, 26, 82, 94)",866,866,False,0.0
254,independent,20,259,"(24, 17, 43, 14, 46, 46, 47, 44, 12, 2, 14, 41, 47, 8, 34, 1, 7, 8, 46, 17)","(65, 53, 44, 1, 65, 42, 62, 75, 58, 9, 32, 79, 38, 44, 5, 50, 51, 82, 48, 55)",719,719,False,0.0
255,independent,20,254,"(4, 41, 38, 24, 49, 34, 35, 17, 19, 29, 39, 20, 5, 10, 19, 29, 22, 46, 10, 18)","(42, 82, 6, 79, 17, 88, 72, 50, 75, 24, 60, 54, 69, 46, 26, 67, 58, 52, 28, 76)",804,814,True,0.012285012285012284
256,independent,20,292,"(32, 28, 25, 30, 28, 33, 19, 21, 21, 39, 35, 36, 46, 4, 30, 48, 50, 46, 10, 2)","(40, 47, 6, 99, 32, 23, 86, 72, 43, 11, 37, 21, 35, 69, 5, 52, 28, 73, 100, 84)",797,797,False,0.0
257,independent,20,232,"(21, 7, 35, 34, 1, 1, 30, 40, 16, 46, 31, 12, 33, 4, 46, 8, 25, 25, 32, 16)","(53, 35, 69, 28, 79, 93, 98, 17, 48, 80, 23, 4, 21, 59, 11, 10, 22, 96, 88, 9)",808,808,False,0.0
258,independent,20,252,"(42, 10, 28, 9, 15, 1, 23, 38, 49, 12, 13, 47, 6, 11, 37, 36, 50, 7, 50, 19)","(10, 69, 26, 86, 76, 49, 28, 37, 25, 70, 28, 16, 98, 27, 56, 32, 79, 70, 37, 70)",843,843,False,0.0
259,independent,20,214,"(3, 6, 39, 42, 16, 6, 4, 24, 6, 37, 9, 12, 31, 41, 32, 20, 31, 5, 15, 50)","(71, 56, 64, 96, 100, 100, 67, 100, 26, 36, 18, 13, 75, 21, 11, 26, 88, 54, 50, 65)",914,914,False,0.0
260,independent,20,310,"(14, 27, 38, 14, 4, 49, 50, 5, 39, 44, 15, 50, 49, 18, 39, 40, 36, 41, 25, 24)","(10, 73, 62, 89, 78, 36, 54, 34, 10, 83, 7, 14, 91, 69, 77, 83, 48, 55, 88, 93)",868,868,False,0.0
261,independent,20,242,"(28, 12, 35, 38, 12, 43, 26, 28, 16, 42, 28, 6, 15, 2, 2, 46, 36, 30, 3, 36)","(4, 5, 89, 34, 99, 34, 60, 31, 24, 34, 16, 37, 89, 56, 20, 64, 90, 16, 73, 99)",800,800,False,0.0
262,independent,20,247,"(21, 35, 30, 24, 15, 45, 38, 27, 10, 35, 13, 41, 21, 9, 2, 28, 5, 19, 29, 47)","(97, 53, 44, 43, 1, 74, 30, 22, 41, 99, 73, 99, 66, 94, 67, 90, 1, 49, 55, 77)",831,852,True,0.02464788732394366
263,independent,20,309,"(48, 49, 22, 50, 47, 9, 29, 1, 34, 17, 40, 41, 21, 10, 42, 48, 9, 48, 44, 9)","(97, 55, 78, 49, 33, 60, 95, 1, 85, 69, 85, 100, 71, 53, 73, 43, 14, 40, 32, 25)",833,833,False,0.0
264,independent,20,252,"(40, 44, 35, 34, 21, 47, 1, 40, 6, 47, 39, 1, 41, 14, 10, 28, 29, 9, 5, 13)","(100, 38, 25, 22, 29, 97, 42, 90, 70, 47, 57, 100, 49, 71, 4, 2, 41, 36, 13, 65)",782,782,False,0.0
265,independent,20,234,"(26, 21, 34, 14, 15, 18, 15, 35, 22, 27, 15, 31, 40, 6, 37, 14, 14, 34, 2, 48)","(62, 62, 41, 91, 25, 85, 99, 6, 22, 57, 29, 67, 37, 79, 71, 29, 53, 73, 57, 10)",814,828,True,0.016908212560386472
266,independent,20,258,"(5, 44, 7, 48, 36, 27, 4, 6, 34, 37, 13, 6, 42, 11, 39, 32, 44, 20, 26, 35)","(70, 87, 58, 25, 49, 76, 14, 19, 4, 42, 18, 5, 34, 36, 83, 19, 69, 39, 90, 56)",651,664,True,0.01957831325301205
267,independent,20,236,"(13, 29, 7, 36, 3, 15, 1, 37, 34, 45, 30, 2, 49, 5, 35, 41, 8, 30, 15, 37)","(3, 44, 2, 61, 81, 79, 75, 5, 17, 72, 52, 42, 44, 100, 85, 44, 64, 78, 67, 41)",858,858,False,0.0
268,independent,20,234,"(49, 36, 3, 8, 12, 18, 1, 46, 23, 14, 25, 13, 36, 24, 15, 35, 18, 35, 19, 39)","(69, 41, 54, 93, 74, 29, 91, 29, 20, 23, 52, 34, 13, 19, 2, 47, 46, 12, 53, 52)",667,677,True,0.014771048744460856
269,independent,20,194,"(3, 5, 40, 13, 19, 33, 12, 7, 26, 1, 4, 29, 41, 48, 4, 19, 13, 6, 32, 32)","(4, 97, 40, 44, 87, 9, 82, 48, 7, 93, 58, 44, 15, 33, 29, 48, 52, 43, 19, 45)",781,781,False,0.0
270,independent,20,236,"(12, 6, 39, 2, 42, 3, 35, 18, 42, 17, 28, 40, 44, 31, 37, 2, 21, 1, 48, 3)","(46, 94, 39, 75, 18, 62, 38, 85, 67, 85, 44, 24, 74, 97, 7, 96, 77, 78, 87, 75)",1075,1075,False,0.0
271,independent,20,258,"(31, 23, 44, 24, 36, 31, 5, 27, 27, 48, 23, 28, 21, 10, 47, 4, 18, 36, 26, 6)","(84, 44, 23, 68, 86, 13, 85, 14, 82, 15, 100, 12, 39, 79, 61, 62, 6, 19, 11, 91)",881,881,False,0.0
272,independent,20,269,"(31, 5, 32, 24, 39, 35, 12, 22, 26, 16, 23, 16, 39, 42, 36, 47, 50, 9, 5, 29)","(46, 84, 44, 89, 36, 79, 66, 22, 3, 26, 18, 66, 30, 67, 89, 84, 83, 61, 60, 53)",814,814,False,0.0
273,independent,20,271,"(13, 41, 16, 47, 38, 9, 6, 13, 5, 42, 45, 20, 47, 24, 39, 11, 38, 33, 24, 31)","(86, 76, 40, 78, 38, 29, 66, 67, 62, 51, 98, 20, 54, 31, 88, 23, 68, 38, 20, 76)",779,779,False,0.0
274,independent,20,212,"(10, 24, 3, 2, 18, 39, 39, 14, 22, 31, 2, 25, 36, 38, 38, 4, 23, 10, 29, 18)","(59, 54, 27, 85, 28, 99, 94, 2, 52, 44, 52, 48, 72, 36, 89, 98, 29, 98, 56, 74)",881,881,False,0.0
275,independent,20,310,"(49, 37, 24, 19, 12, 41, 40, 23, 29, 36, 31, 50, 14, 42, 37, 34, 13, 15, 23, 50)","(16, 94, 72, 41, 43, 17, 46, 59, 74, 56, 90, 30, 79, 89, 6, 46, 41, 86, 52, 22)",820,835,True,0.017964071856287425
276,independent,20,236,"(24, 13, 50, 18, 1, 25, 32, 13, 24, 2, 46, 13, 28, 3, 14, 38, 30, 11, 47, 40)","(9, 98, 41, 36, 100, 19, 34, 41, 50, 24, 44, 3, 88, 3, 50, 56, 33, 34, 62, 45)",651,658,True,0.010638297872340425
277,independent,20,237,"(6, 14, 3, 31, 38, 40, 20, 40, 33, 15, 46, 7, 10, 31, 14, 40, 3, 33, 45, 5)","(24, 85, 22, 98, 17, 61, 75, 74, 27, 32, 40, 10, 59, 15, 59, 20, 64, 26, 88, 60)",750,769,True,0.0247074122236671
278,independent,20,286,"(19, 18, 31, 44, 24, 30, 16, 24, 23, 25, 6, 27, 1, 42, 39, 33, 43, 48, 45, 35)","(64, 6, 82, 61, 29, 70, 36, 99, 4, 69, 78, 85, 32, 52, 78, 42, 14, 23, 35, 58)",793,793,False,0.0
279,independent,20,294,"(27, 4, 12, 22, 20, 10, 32, 46, 26, 1, 34, 46, 43, 50, 40, 28, 46, 38, 45, 19)","(46, 63, 24, 12, 74, 28, 13, 21, 41, 23, 34, 94, 97, 61, 22, 23, 69, 82, 46, 15)",656,656,False,0.0
280,independent,20,284,"(20, 42, 6, 17, 36, 36, 49, 32, 42, 39, 16, 31, 15, 40, 34, 31, 23, 18, 20, 22)","(58, 96, 81, 58, 43, 98, 3, 87, 6, 85, 98, 60, 85, 50, 84, 91, 48, 91, 70, 3)",986,986,False,0.0
281,independent,20,218,"(2, 17, 29, 33, 49, 36, 18, 11, 27, 40, 10, 7, 17, 30, 35, 9, 1, 8, 17, 40)","(40, 15, 57, 32, 5, 97, 68, 10, 4, 95, 18, 53, 8, 55, 67, 83, 26, 88, 67, 59)",759,759,False,0.0
282,independent,20,313,"(43, 43, 46, 25, 10, 4, 21, 33, 31, 37, 43, 47, 32, 37, 19, 43, 47, 22, 25, 18)","(6, 62, 88, 41, 16, 28, 73, 41, 84, 57, 80, 77, 18, 99, 22, 43, 50, 49, 32, 90)",725,731,True,0.008207934336525308
283,independent,20,297,"(47, 9, 17, 48, 25, 15, 37, 37, 49, 36, 32, 28, 13, 33, 27, 10, 36, 13, 32, 50)","(3, 68, 59, 81, 56, 90, 19, 25, 2, 24, 53, 61, 40, 48, 25, 49, 9, 15, 22, 16)",645,655,True,0.015267175572519083
284,independent,20,257,"(3, 24, 30, 33, 31, 12, 21, 9, 40, 14, 44, 33, 19, 11, 46, 45, 1, 50, 15, 33)","(36, 14, 39, 19, 17, 10, 43, 8, 99, 30, 41, 100, 19, 49, 43, 60, 47, 46, 43, 78)",632,632,False,0.0
285,independent,20,237,"(38, 25, 38, 6, 23, 30, 24, 10, 46, 12, 26, 8, 48, 21, 15, 14, 19, 32, 12, 27)","(37, 73, 59, 33, 51, 7, 62, 82, 81, 35, 1, 47, 69, 97, 97, 5, 1, 56, 94, 26)",808,808,False,0.0
286,independent,20,262,"(32, 21, 5, 46, 27, 10, 43, 48, 49, 21, 8, 10, 25, 35, 8, 6, 32, 41, 9, 49)","(10, 89, 11, 53, 56, 69, 48, 85, 17, 50, 98, 32, 73, 89, 9, 4, 74, 1, 4, 78)",739,739,False,0.0
287,independent,20,314,"(36, 21, 8, 27, 37, 15, 10, 19, 26, 7, 39, 49, 46, 47, 43, 36, 25, 50, 45, 41)","(4, 34, 22, 80, 66, 4, 44, 24, 93, 5, 69, 43, 64, 25, 24, 87, 17, 68, 57, 36)",632,640,True,0.0125
288,independent,20,287,"(19, 48, 31, 33, 41, 2, 40, 30, 31, 32, 21, 49, 8, 21, 26, 24, 31, 43, 10, 34)","(64, 62, 7, 55, 92, 59, 97, 24, 22, 89, 76, 97, 47, 17, 77, 23, 61, 54, 26, 27)",785,785,False,0.0
289,independent,20,234,"(49, 44, 6, 1, 25, 25, 27, 8, 3, 46, 11, 43, 11, 3, 46, 35, 1, 29, 15, 40)","(35, 24, 57, 4, 84, 4, 61, 63, 77, 54, 94, 9, 5, 3, 17, 77, 68, 10, 32, 6)",709,709,False,0.0
290,independent,20,250,"(35, 32, 1, 16, 37, 8, 8, 42, 50, 23, 2, 9, 20, 33, 50, 48, 15, 18, 18, 34)","(44, 76, 17, 6, 63, 7, 90, 70, 53, 61, 40, 64, 18, 73, 73, 53, 68, 83, 39, 98)",790,790,False,0.0
291,independent,20,287,"(43, 47, 33, 25, 43, 31, 48, 18, 14, 38, 44, 17, 28, 12, 48, 14, 5, 21, 29, 16)","(61, 82, 12, 81, 70, 16, 74, 96, 34, 87, 79, 43, 14, 89, 79, 40, 93, 11, 9, 26)",803,803,False,0.0
292,independent,20,259,"(50, 49, 10, 21, 36, 21, 13, 27, 41, 8, 37, 31, 15, 29, 7, 42, 15, 23, 6, 37)","(19, 38, 86, 25, 75, 38, 82, 95, 3, 5, 69, 24, 81, 69, 94, 80, 5, 19, 86, 34)",860,860,False,0.0
293,independent,20,302,"(31, 8, 33, 27, 29, 39, 48, 7, 32, 41, 46, 33, 13, 28, 36, 6, 40, 37, 45, 26)","(61, 30, 67, 15, 42, 100, 27, 29, 13, 6, 66, 6, 98, 22, 56, 35, 43, 28, 99, 19)",683,683,False,0.0
294,independent,20,248,"(12, 31, 48, 28, 39, 26, 50, 29, 16, 15, 20, 23, 34, 18, 17, 30, 11, 15, 14, 19)","(5, 26, 12, 92, 73, 51, 84, 40, 77, 46, 60, 67, 74, 36, 48, 58, 22, 71, 49, 18)",693,708,True,0.0211864406779661
295,independent,20,244,"(19, 31, 38, 31, 17, 47, 14, 48, 17, 47, 15, 32, 39, 2, 34, 9, 18, 8, 15, 6)","(91, 41, 86, 10, 31, 8, 29, 39, 50, 9, 52, 24, 49, 7, 88, 42, 28, 13, 97, 73)",728,728,False,0.0
296,independent,20,264,"(5, 24, 44, 41, 28, 8, 19, 11, 15, 27, 36, 10, 40, 44, 12, 40, 27, 50, 35, 13)","(33, 65, 6, 74, 22, 6, 95, 95, 1, 91, 48, 99, 32, 16, 29, 57, 44, 82, 97, 67)",833,846,True,0.015366430260047281
297,independent,20,262,"(34, 48, 3, 21, 7, 2, 29, 19, 50, 26, 22, 36, 35, 49, 24, 13, 14, 35, 15, 41)","(48, 52, 93, 15, 22, 22, 51, 59, 91, 64, 38, 51, 76, 91, 7, 35, 55, 85, 70, 79)",751,751,False,0.0
298,independent,20,266,"(14, 42, 12, 12, 48, 30, 40, 36, 1, 20, 29, 2, 36, 28, 33, 40, 4, 42, 50, 12)","(71, 68, 80, 41, 59, 60, 67, 94, 36, 77, 18, 61, 98, 63, 86, 38, 5, 79, 6, 79)",851,884,True,0.03733031674208145
299,independent,20,248,"(24, 47, 1, 34, 44, 20, 39, 40, 4, 6, 31, 43, 26, 34, 21, 16, 26, 13, 24, 3)","(76, 25, 59, 100, 76, 43, 90, 87, 66, 94, 44, 44, 54, 85, 89, 52, 86, 16, 14, 88)",972,972,False,0.0
300,independent,20,246,"(39, 23, 32, 34, 37, 11, 8, 22, 37, 41, 7, 33, 33, 4, 5, 19, 36, 33, 37, 2)","(46, 1, 45, 55, 75, 21, 55, 48, 18, 32, 77, 100, 99, 89, 38, 82, 10, 36, 45, 9)",749,784,True,0.044642857142857144
301,independent,20,259,"(26, 32, 30, 16, 40, 8, 34, 7, 36, 41, 3, 43, 12, 36, 31, 40, 50, 2, 2, 29)","(81, 70, 84, 86, 33, 32, 17, 58, 91, 40, 82, 96, 37, 41, 29, 95, 59, 99, 10, 37)",921,921,False,0.0
302,independent,20,248,"(36, 36, 31, 3, 26, 33, 26, 50, 8, 43, 2, 15, 9, 4, 36, 24, 25, 19, 46, 25)","(69, 53, 25, 49, 26, 100, 44, 83, 85, 70, 82, 75, 65, 87, 10, 98, 61, 69, 57, 98)",982,1008,True,0.025793650793650792
303,independent,20,292,"(3, 48, 6, 40, 37, 26, 27, 38, 17, 35, 44, 39, 45, 9, 19, 40, 27, 46, 15, 22)","(31, 25, 73, 34, 67, 21, 61, 12, 68, 99, 5, 16, 51, 64, 1, 87, 36, 5, 28, 20)",685,686,True,0.0014577259475218659
304,independent,20,240,"(9, 28, 29, 15, 47, 16, 48, 49, 4, 17, 6, 25, 12, 30, 24, 14, 37, 39, 21, 11)","(27, 65, 8, 86, 40, 75, 30, 7, 38, 87, 39, 18, 49, 73, 78, 40, 98, 59, 13, 35)",790,790,False,0.0
305,independent,20,284,"(12, 37, 41, 19, 12, 50, 40, 12, 37, 45, 45, 4, 44, 40, 15, 47, 18, 10, 37, 3)","(74, 51, 85, 67, 92, 96, 22, 61, 39, 25, 24, 89, 59, 64, 34, 31, 2, 17, 69, 46)",796,828,True,0.03864734299516908
306,independent,20,326,"(28, 13, 49, 14, 47, 44, 50, 3, 39, 23, 44, 42, 34, 17, 27, 27, 35, 39, 40, 36)","(68, 36, 80, 53, 49, 87, 72, 77, 8, 10, 74, 77, 85, 37, 26, 8, 34, 7, 97, 37)",740,740,False,0.0
307,independent,20,264,"(41, 20, 45, 34, 28, 2, 25, 14, 23, 14, 49, 48, 25, 44, 9, 43, 36, 12, 11, 5)","(66, 98, 38, 62, 36, 88, 81, 75, 13, 87, 57, 39, 91, 6, 44, 32, 32, 51, 66, 21)",879,887,True,0.009019165727170236
308,independent,20,262,"(12, 26, 24, 18, 28, 48, 37, 22, 11, 6, 8, 30, 41, 44, 31, 40, 27, 17, 50, 3)","(19, 46, 65, 23, 39, 55, 56, 23, 72, 12, 8, 32, 86, 81, 2, 51, 69, 60, 72, 33)",607,615,True,0.013008130081300813
309,independent,20,258,"(5, 1, 13, 14, 47, 49, 4, 42, 27, 35, 8, 44, 40, 2, 50, 48, 21, 17, 16, 33)","(39, 18, 31, 30, 96, 64, 24, 34, 1, 29, 88, 87, 80, 75, 77, 12, 3, 1, 83, 22)",728,728,False,0.0
310,independent,20,246,"(36, 13, 17, 19, 34, 21, 28, 13, 38, 9, 14, 42, 11, 46, 26, 7, 20, 49, 19, 31)","(9, 85, 21, 76, 46, 61, 95, 21, 39, 42, 23, 75, 48, 76, 85, 73, 88, 48, 81, 12)",853,854,True,0.00117096018735363
311,independent,20,238,"(17, 47, 28, 10, 36, 35, 15, 21, 7, 10, 17, 45, 5, 15, 17, 20, 30, 3, 49, 50)","(33, 10, 61, 36, 6, 55, 92, 40, 96, 80, 94, 37, 74, 78, 48, 58, 100, 34, 16, 95)",924,958,True,0.03549060542797495
312,independent,20,222,"(42, 43, 3, 10, 15, 30, 29, 20, 22, 1, 18, 48, 47, 17, 21, 21, 7, 25, 16, 8)","(19, 49, 95, 42, 25, 88, 16, 89, 20, 41, 98, 21, 20, 7, 36, 27, 24, 28, 4, 59)",701,701,False,0.0
313,independent,20,244,"(37, 43, 31, 13, 4, 22, 10, 26, 38, 48, 23, 6, 1, 33, 34, 15, 22, 3, 32, 48)","(21, 55, 3, 18, 45, 3, 58, 61, 51, 17, 29, 65, 81, 26, 54, 92, 25, 37, 97, 100)",759,770,True,0.014285714285714285
314,independent,20,194,"(13, 8, 1, 41, 15, 14, 35, 4, 41, 9, 16, 16, 17, 14, 23, 21, 37, 14, 22, 26)","(59, 23, 81, 38, 52, 52, 58, 82, 23, 14, 4, 74, 7, 19, 42, 67, 96, 79, 84, 70)",819,819,False,0.0
315,independent,20,219,"(27, 27, 1, 38, 4, 10, 17, 44, 7, 2, 33, 14, 50, 42, 40, 5, 23, 31, 2, 21)","(89, 43, 48, 83, 11, 95, 19, 34, 65, 12, 26, 65, 13, 38, 51, 53, 5, 59, 83, 94)",819,827,True,0.009673518742442563
316,independent,20,226,"(2, 21, 15, 32, 1, 34, 31, 41, 15, 10, 13, 32, 33, 47, 24, 43, 3, 10, 45, 1)","(2, 2, 32, 98, 59, 9, 65, 29, 5, 42, 70, 89, 85, 61, 56, 84, 34, 74, 49, 44)",755,778,True,0.02956298200514139
317,independent,20,244,"(30, 46, 25, 13, 36, 46, 29, 19, 17, 27, 23, 8, 33, 46, 6, 13, 2, 19, 1, 50)","(3, 97, 3, 32, 58, 61, 83, 43, 34, 63, 82, 9, 55, 48, 39, 26, 1, 97, 99, 99)",705,751,True,0.06125166444740346
318,independent,20,303,"(45, 4, 26, 27, 40, 20, 42, 41, 23, 47, 27, 1, 46, 44, 27, 45, 32, 31, 5, 33)","(84, 59, 97, 22, 85, 54, 91, 49, 95, 25, 22, 96, 12, 90, 45, 59, 1, 56, 63, 86)",900,917,True,0.018538713195201745
319,independent,20,297,"(12, 45, 50, 39, 40, 14, 48, 8, 44, 38, 39, 12, 13, 38, 39, 1, 32, 32, 24, 26)","(6, 69, 79, 52, 9, 100, 37, 45, 21, 81, 46, 95, 42, 96, 44, 59, 6, 24, 34, 61)",767,785,True,0.022929936305732482
320,independent,20,274,"(29, 41, 29, 21, 27, 6, 33, 49, 40, 16, 49, 11, 31, 32, 2, 48, 12, 13, 36, 24)","(66, 12, 70, 14, 35, 96, 91, 46, 80, 72, 62, 64, 31, 28, 61, 95, 81, 33, 81, 58)",867,882,True,0.017006802721088437
321,independent,20,240,"(18, 9, 36, 22, 16, 30, 50, 28, 15, 49, 17, 3, 38, 13, 15, 24, 28, 33, 6, 29)","(51, 48, 57, 93, 78, 55, 86, 59, 2, 66, 56, 50, 63, 12, 27, 92, 84, 44, 33, 94)",793,801,True,0.009987515605493134
322,independent,20,287,"(46, 27, 5, 19, 37, 20, 41, 47, 15, 41, 36, 15, 31, 23, 7, 8, 19, 49, 38, 50)","(100, 20, 31, 41, 20, 24, 70, 70, 30, 27, 46, 93, 82, 42, 58, 50, 87, 75, 89, 15)",797,797,False,0.0
323,independent,20,244,"(47, 8, 40, 4, 43, 21, 30, 23, 32, 17, 48, 5, 27, 8, 29, 5, 37, 28, 27, 10)","(93, 18, 40, 70, 57, 42, 54, 27, 5, 78, 47, 66, 36, 20, 3, 22, 69, 77, 25, 96)",732,732,False,0.0
324,independent,20,248,"(38, 46, 31, 35, 22, 1, 33, 14, 23, 41, 26, 19, 15, 8, 48, 30, 3, 17, 43, 4)","(22, 92, 12, 55, 10, 34, 24, 46, 19, 90, 100, 74, 26, 59, 17, 26, 92, 21, 63, 71)",760,776,True,0.020618556701030927
325,independent,20,236,"(36, 37, 47, 5, 23, 16, 44, 8, 40, 6, 9, 33, 29, 13, 1, 32, 36, 4, 23, 31)","(17, 16, 85, 22, 32, 31, 77, 87, 3, 15, 72, 25, 61, 12, 84, 25, 35, 49, 65, 11)",692,692,False,0.0
326,independent,20,246,"(7, 20, 30, 5, 7, 17, 33, 11, 24, 23, 50, 47, 1, 9, 36, 47, 4, 30, 44, 48)","(61, 6, 52, 83, 87, 42, 74, 15, 9, 97, 15, 100, 40, 37, 6, 62, 51, 58, 4, 49)",803,807,True,0.004956629491945477
327,independent,20,203,"(4, 29, 47, 48, 10, 32, 14, 11, 8, 13, 1, 11, 14, 18, 2, 13, 41, 27, 38, 25)","(67, 42, 97, 17, 28, 94, 15, 23, 29, 8, 88, 16, 59, 5, 49, 83, 76, 26, 3, 65)",713,735,True,0.029931972789115645
328,independent,20,300,"(42, 49, 30, 49, 48, 41, 47, 13, 23, 35, 17, 21, 44, 33, 13, 22, 39, 12, 13, 8)","(65, 42, 62, 11, 63, 57, 51, 72, 99, 41, 91, 35, 27, 54, 16, 65, 88, 24, 92, 48)",811,823,True,0.014580801944106925
329,independent,20,187,"(31, 33, 15, 18, 5, 2, 31, 40, 26, 33, 13, 7, 8, 15, 9, 16, 31, 7, 23, 11)","(40, 43, 51, 27, 62, 68, 8, 13, 25, 58, 34, 60, 26, 27, 80, 15, 46, 17, 60, 69)",654,658,True,0.0060790273556231
330,independent,20,280,"(40, 4, 36, 22, 33, 48, 38, 8, 6, 16, 33, 34, 5, 36, 29, 48, 48, 11, 31, 34)","(10, 52, 3, 79, 44, 82, 31, 17, 55, 70, 4, 74, 7, 8, 51, 90, 30, 74, 85, 75)",729,766,True,0.048302872062663184
331,independent,20,338,"(47, 11, 41, 42, 30, 43, 38, 48, 43, 50, 40, 3, 35, 34, 39, 22, 35, 15, 10, 49)","(42, 32, 14, 61, 80, 44, 93, 54, 56, 91, 54, 56, 37, 93, 99, 53, 86, 96, 41, 80)",900,900,False,0.0
332,independent,20,276,"(16, 34, 38, 45, 26, 1, 46, 16, 39, 12, 13, 50, 9, 39, 3, 31, 35, 24, 42, 32)","(67, 98, 54, 76, 23, 29, 69, 1, 9, 77, 65, 72, 68, 49, 93, 98, 27, 89, 12, 73)",902,905,True,0.0033149171270718232
333,independent,20,256,"(36, 23, 26, 19, 35, 27, 16, 36, 28, 22, 17, 25, 39, 50, 42, 15, 35, 3, 12, 5)","(45, 28, 11, 69, 44, 33, 43, 31, 12, 7, 98, 62, 99, 33, 59, 62, 36, 38, 52, 94)",753,754,True,0.001326259946949602
334,independent,20,248,"(16, 25, 9, 49, 24, 49, 1, 50, 47, 35, 14, 28, 6, 10, 17, 39, 34, 31, 2, 10)","(72, 54, 47, 45, 100, 27, 34, 55, 8, 99, 2, 12, 14, 84, 33, 75, 20, 70, 25, 79)",788,788,False,0.0
335,independent,20,254,"(10, 50, 35, 4, 41, 48, 11, 28, 32, 31, 39, 38, 23, 30, 11, 34, 9, 7, 6, 22)","(1, 58, 53, 97, 85, 3, 64, 83, 46, 44, 4, 29, 20, 62, 58, 36, 14, 57, 37, 95)",752,763,True,0.014416775884665793
336,independent,20,254,"(1, 48, 13, 35, 48, 30, 2, 35, 5, 28, 32, 37, 12, 23, 13, 34, 41, 16, 26, 29)","(100, 69, 19, 47, 24, 93, 64, 44, 98, 12, 56, 39, 81, 44, 35, 77, 10, 28, 8, 64)",806,809,True,0.003708281829419036
337,independent,20,214,"(13, 34, 48, 33, 24, 29, 24, 32, 2, 19, 2, 10, 9, 12, 23, 35, 32, 23, 13, 12)","(64, 47, 2, 68, 33, 4, 82, 91, 31, 13, 20, 75, 96, 76, 86, 79, 26, 58, 60, 67)",885,885,False,0.0
338,independent,20,246,"(8, 18, 32, 45, 4, 19, 30, 26, 47, 13, 40, 3, 36, 44, 19, 12, 50, 29, 15, 1)","(53, 60, 26, 78, 95, 91, 82, 42, 100, 15, 14, 26, 53, 9, 17, 77, 21, 42, 79, 40)",838,838,False,0.0
339,independent,20,231,"(10, 9, 3, 41, 5, 24, 4, 32, 6, 25, 10, 37, 18, 32, 41, 34, 12, 27, 42, 50)","(82, 58, 65, 96, 76, 61, 66, 98, 80, 4, 9, 44, 10, 45, 69, 25, 51, 14, 37, 79)",856,857,True,0.0011668611435239206
340,independent,20,202,"(26, 7, 35, 37, 12, 15, 34, 17, 10, 30, 18, 36, 3, 3, 32, 9, 17, 31, 20, 11)","(74, 68, 16, 36, 41, 90, 71, 39, 72, 17, 35, 2, 4, 22, 42, 25, 30, 19, 34, 55)",660,660,False,0.0
341,independent,20,279,"(38, 37, 4, 36, 41, 17, 29, 15, 47, 26, 40, 43, 41, 4, 33, 17, 25, 1, 39, 25)","(39, 20, 5, 34, 9, 92, 44, 12, 41, 9, 66, 78, 84, 36, 10, 12, 2, 37, 97, 61)",634,634,False,0.0
342,independent,20,260,"(8, 38, 5, 31, 6, 34, 37, 49, 42, 21, 32, 45, 9, 7, 12, 2, 28, 44, 42, 29)","(27, 10, 10, 97, 81, 40, 5, 67, 70, 100, 5, 98, 88, 91, 78, 98, 39, 84, 75, 17)",966,966,False,0.0
343,independent,20,242,"(13, 49, 30, 6, 21, 2, 20, 12, 9, 22, 18, 49, 31, 35, 27, 41, 22, 35, 34, 9)","(64, 21, 74, 67, 53, 33, 22, 90, 26, 12, 37, 70, 62, 99, 62, 58, 90, 6, 62, 45)",802,802,False,0.0
344,independent,20,282,"(25, 7, 44, 44, 21, 26, 43, 17, 37, 27, 11, 48, 49, 42, 8, 1, 23, 39, 46, 7)","(50, 38, 68, 78, 37, 56, 82, 43, 56, 30, 47, 19, 53, 57, 33, 78, 42, 74, 93, 34)",707,711,True,0.005625879043600563
345,independent,20,208,"(50, 1, 27, 13, 45, 10, 26, 19, 43, 10, 40, 1, 10, 20, 29, 9, 12, 17, 18, 16)","(37, 22, 14, 48, 84, 37, 86, 7, 44, 12, 44, 44, 100, 63, 83, 82, 76, 81, 58, 6)",806,828,True,0.026570048309178744
346,independent,20,268,"(36, 39, 8, 21, 35, 29, 10, 7, 10, 34, 22, 3, 23, 43, 38, 18, 50, 36, 44, 30)","(25, 67, 72, 68, 72, 61, 74, 12, 55, 13, 36, 19, 51, 50, 65, 57, 39, 66, 17, 13)",710,710,False,0.0
347,independent,20,248,"(23, 31, 18, 13, 16, 17, 28, 3, 28, 47, 31, 35, 9, 28, 42, 28, 35, 26, 19, 20)","(77, 96, 64, 95, 43, 22, 8, 2, 3, 43, 29, 18, 67, 85, 85, 89, 55, 95, 77, 47)",857,857,False,0.0
348,independent,20,256,"(21, 12, 16, 24, 36, 27, 29, 45, 23, 2, 37, 7, 30, 46, 30, 16, 26, 37, 13, 36)","(99, 28, 59, 12, 25, 2, 41, 22, 14, 71, 58, 97, 29, 50, 23, 95, 59, 89, 77, 85)",858,858,False,0.0
349,independent,20,248,"(27, 28, 48, 37, 40, 22, 34, 29, 1, 9, 18, 19, 17, 8, 24, 23, 23, 39, 46, 4)","(65, 38, 51, 35, 37, 67, 2, 42, 96, 61, 65, 32, 78, 83, 94, 68, 54, 71, 62, 13)",847,857,True,0.011668611435239206
350,independent,20,318,"(24, 26, 21, 23, 49, 38, 46, 10, 30, 49, 19, 25, 45, 40, 32, 10, 34, 48, 42, 25)","(24, 86, 84, 33, 23, 63, 89, 63, 31, 25, 47, 5, 62, 68, 60, 88, 55, 93, 70, 37)",781,781,False,0.0
351,independent,20,252,"(40, 23, 47, 21, 19, 30, 15, 30, 18, 18, 41, 17, 49, 36, 6, 3, 28, 14, 32, 18)","(74, 42, 35, 93, 80, 50, 52, 30, 95, 85, 95, 100, 45, 62, 65, 35, 88, 16, 79, 19)",909,917,True,0.008724100327153763
352,independent,20,226,"(19, 48, 43, 9, 13, 5, 35, 46, 8, 8, 12, 27, 4, 43, 9, 34, 4, 28, 38, 18)","(19, 9, 35, 76, 61, 28, 38, 95, 9, 22, 38, 70, 14, 40, 85, 83, 57, 21, 89, 77)",747,781,True,0.04353393085787452
353,independent,20,278,"(7, 25, 6, 32, 36, 48, 31, 35, 23, 38, 32, 6, 2, 40, 25, 49, 29, 18, 43, 32)","(12, 93, 77, 52, 14, 74, 50, 87, 98, 27, 41, 39, 45, 97, 22, 19, 55, 33, 55, 84)",772,801,True,0.03620474406991261
354,independent,20,224,"(14, 6, 7, 49, 10, 7, 15, 43, 28, 11, 19, 31, 19, 15, 24, 32, 27, 39, 18, 35)","(26, 86, 100, 82, 1, 40, 81, 77, 70, 37, 54, 22, 75, 90, 79, 93, 31, 62, 91, 65)",922,922,False,0.0
355,independent,20,223,"(11, 40, 22, 10, 39, 7, 14, 46, 38, 32, 39, 21, 32, 10, 22, 5, 35, 3, 19, 1)","(15, 49, 7, 72, 69, 19, 50, 65, 77, 83, 77, 17, 46, 64, 43, 51, 80, 34, 55, 78)",740,740,False,0.0
356,independent,20,316,"(42, 31, 27, 40, 34, 27, 36, 28, 44, 26, 23, 26, 19, 37, 50, 11, 31, 47, 30, 22)","(6, 33, 56, 58, 72, 25, 44, 55, 81, 40, 53, 61, 34, 91, 22, 16, 10, 11, 1, 21)",617,617,False,0.0
357,independent,20,292,"(12, 45, 11, 18, 35, 26, 27, 43, 23, 3, 39, 19, 43, 48, 23, 6, 46, 42, 37, 37)","(48, 9, 31, 19, 29, 100, 21, 6, 42, 62, 15, 59, 54, 12, 28, 49, 81, 47, 6, 42)",643,643,False,0.0
358,independent,20,248,"(49, 14, 48, 13, 7, 10, 45, 15, 29, 11, 34, 38, 9, 5, 28, 12, 45, 7, 46, 32)","(31, 51, 40, 3, 10, 88, 7, 41, 45, 53, 77, 81, 13, 63, 79, 26, 48, 23, 64, 38)",653,678,True,0.03687315634218289
359,independent,20,272,"(6, 26, 32, 19, 27, 33, 44, 13, 41, 4, 30, 4, 47, 43, 25, 13, 40, 28, 44, 25)","(65, 75, 73, 97, 3, 12, 13, 5, 90, 92, 19, 75, 69, 28, 31, 71, 87, 48, 12, 2)",842,842,False,0.0
360,independent,20,263,"(15, 16, 6, 44, 36, 6, 5, 8, 50, 30, 35, 40, 31, 42, 18, 19, 21, 49, 42, 13)","(40, 85, 27, 19, 24, 32, 92, 100, 42, 18, 80, 50, 36, 20, 47, 26, 58, 10, 91, 56)",784,794,True,0.012594458438287154
361,independent,20,230,"(40, 48, 26, 29, 28, 9, 11, 40, 25, 20, 2, 35, 5, 20, 8, 2, 37, 20, 32, 24)","(17, 99, 52, 3, 94, 80, 80, 47, 76, 54, 60, 66, 50, 7, 24, 62, 52, 90, 69, 28)",845,866,True,0.02424942263279446
362,independent,20,312,"(50, 34, 24, 33, 23, 34, 41, 50, 23, 29, 38, 15, 27, 37, 4, 38, 48, 36, 38, 3)","(68, 79, 32, 84, 78, 88, 95, 40, 34, 48, 74, 30, 29, 28, 6, 73, 21, 63, 90, 88)",785,797,True,0.015056461731493099
363,independent,20,221,"(50, 3, 11, 5, 34, 27, 50, 10, 16, 14, 8, 33, 10, 43, 33, 22, 10, 23, 2, 38)","(22, 69, 39, 11, 86, 10, 54, 93, 47, 7, 28, 59, 86, 18, 69, 56, 88, 77, 44, 25)",852,852,False,0.0
364,independent,20,266,"(1, 32, 2, 22, 10, 42, 13, 46, 49, 46, 48, 10, 10, 49, 26, 35, 29, 11, 4, 46)","(12, 2, 23, 30, 68, 83, 89, 24, 93, 6, 35, 13, 5, 28, 57, 45, 21, 95, 93, 96)",773,784,True,0.01403061224489796
365,independent,20,230,"(44, 46, 10, 39, 33, 37, 43, 12, 13, 7, 1, 39, 9, 22, 3, 13, 48, 18, 21, 3)","(37, 98, 37, 25, 50, 50, 71, 4, 98, 2, 57, 37, 50, 95, 76, 28, 84, 28, 68, 2)",762,762,False,0.0
366,independent,20,244,"(5, 47, 8, 34, 44, 22, 11, 7, 26, 39, 5, 49, 15, 46, 33, 6, 16, 32, 15, 28)","(63, 100, 19, 50, 49, 81, 90, 20, 58, 10, 21, 33, 19, 12, 26, 10, 51, 1, 48, 48)",659,668,True,0.01347305389221557
367,independent,20,246,"(3, 45, 2, 15, 48, 26, 50, 43, 2, 15, 30, 30, 18, 14, 10, 48, 25, 6, 46, 16)","(68, 63, 45, 1, 40, 58, 89, 74, 8, 3, 36, 77, 37, 50, 23, 38, 14, 95, 22, 11)",660,664,True,0.006024096385542169
368,independent,20,246,"(31, 4, 13, 7, 40, 40, 18, 22, 25, 7, 50, 22, 44, 31, 16, 9, 32, 37, 27, 17)","(75, 5, 97, 61, 77, 72, 18, 59, 15, 96, 54, 68, 54, 2, 61, 18, 26, 61, 82, 7)",771,771,False,0.0
369,independent,20,228,"(50, 50, 46, 40, 1, 14, 8, 10, 32, 23, 11, 1, 4, 36, 42, 21, 3, 32, 16, 15)","(47, 40, 31, 5, 56, 68, 77, 72, 9, 50, 42, 93, 56, 93, 83, 70, 83, 12, 70, 42)",955,955,False,0.0
370,independent,20,240,"(8, 50, 38, 18, 6, 40, 10, 48, 1, 4, 21, 37, 43, 16, 23, 5, 25, 36, 42, 8)","(81, 37, 68, 86, 37, 78, 75, 100, 62, 87, 77, 38, 71, 42, 94, 63, 40, 88, 29, 34)",966,975,True,0.009230769230769232
371,independent,20,334,"(20, 27, 40, 16, 49, 14, 37, 49, 48, 38, 8, 46, 49, 4, 33, 15, 48, 45, 42, 40)","(77, 53, 13, 41, 7, 79, 28, 80, 51, 1, 17, 26, 62, 75, 31, 10, 30, 89, 57, 47)",687,687,False,0.0
372,independent,20,260,"(8, 48, 16, 34, 46, 28, 33, 14, 9, 20, 24, 9, 20, 48, 28, 24, 43, 48, 3, 18)","(91, 48, 12, 27, 60, 77, 96, 56, 76, 32, 8, 72, 39, 28, 20, 38, 74, 28, 92, 35)",790,806,True,0.019851116625310174
373,independent,20,244,"(3, 43, 8, 13, 40, 21, 28, 41, 30, 30, 41, 42, 17, 41, 2, 8, 41, 9, 24, 6)","(15, 96, 92, 32, 78, 52, 97, 86, 39, 10, 47, 3, 100, 16, 82, 13, 22, 46, 82, 48)",841,874,True,0.03775743707093822
374,independent,20,348,"(22, 46, 50, 10, 48, 35, 49, 47, 27, 43, 23, 35, 50, 34, 24, 47, 34, 49, 18, 4)","(20, 65, 17, 94, 66, 31, 63, 35, 67, 81, 40, 37, 63, 23, 63, 49, 65, 86, 30, 1)",678,680,True,0.0029411764705882353
375,independent,20,254,"(15, 16, 28, 50, 12, 21, 40, 28, 34, 46, 12, 26, 6, 30, 20, 7, 32, 15, 47, 22)","(47, 90, 23, 34, 67, 24, 100, 50, 86, 92, 23, 5, 1, 63, 40, 11, 87, 11, 10, 4)",683,683,False,0.0
376,independent,20,264,"(44, 47, 31, 11, 34, 28, 12, 1, 21, 20, 40, 48, 4, 29, 44, 12, 45, 12, 1, 43)","(94, 52, 38, 86, 13, 50, 75, 58, 22, 81, 94, 78, 30, 12, 65, 11, 79, 15, 46, 89)",797,797,False,0.0
377,independent,20,240,"(16, 7, 16, 49, 31, 22, 41, 22, 19, 33, 3, 10, 37, 30, 21, 12, 34, 45, 29, 3)","(65, 92, 11, 3, 32, 64, 23, 69, 5, 37, 36, 74, 2, 84, 87, 97, 77, 14, 60, 31)",868,868,False,0.0
378,independent,20,256,"(2, 46, 45, 10, 29, 2, 15, 7, 44, 31, 5, 18, 42, 46, 33, 43, 11, 16, 35, 33)","(38, 52, 59, 93, 55, 19, 44, 77, 99, 1, 59, 52, 48, 63, 62, 93, 98, 75, 93, 80)",920,931,True,0.011815252416756176
379,independent,20,306,"(2, 35, 50, 44, 21, 30, 22, 32, 50, 26, 35, 37, 18, 17, 48, 40, 27, 22, 16, 39)","(26, 66, 43, 76, 97, 74, 95, 81, 15, 20, 15, 38, 72, 46, 84, 15, 48, 93, 26, 75)",799,835,True,0.04311377245508982
380,independent,20,310,"(9, 37, 36, 15, 38, 40, 17, 43, 40, 25, 40, 40, 46, 35, 40, 41, 25, 15, 30, 8)","(43, 53, 57, 96, 26, 68, 59, 93, 34, 35, 72, 20, 71, 21, 32, 49, 18, 9, 85, 4)",683,683,False,0.0
381,independent,20,287,"(31, 37, 13, 19, 14, 40, 40, 18, 15, 42, 30, 2, 39, 46, 38, 22, 46, 26, 30, 26)","(61, 4, 14, 84, 68, 76, 78, 81, 50, 29, 28, 2, 54, 22, 2, 56, 17, 59, 70, 49)",734,734,False,0.0
382,independent,20,253,"(4, 9, 15, 49, 22, 50, 37, 22, 46, 44, 14, 45, 28, 37, 12, 13, 9, 11, 21, 18)","(34, 44, 66, 6, 75, 63, 22, 41, 5, 58, 81, 23, 47, 88, 43, 30, 17, 54, 54, 6)",680,715,True,0.04895104895104895
383,independent,20,242,"(34, 26, 15, 7, 24, 47, 6, 13, 35, 44, 20, 14, 19, 30, 27, 37, 32, 1, 40, 12)","(68, 19, 62, 84, 39, 26, 90, 35, 15, 1, 95, 78, 74, 48, 75, 43, 12, 73, 64, 27)",848,873,True,0.0286368843069874
384,independent,20,277,"(42, 4, 48, 2, 24, 29, 8, 36, 25, 4, 26, 12, 44, 38, 46, 41, 26, 32, 28, 39)","(50, 69, 99, 82, 32, 32, 90, 30, 37, 18, 58, 37, 93, 94, 75, 56, 64, 52, 73, 52)",829,829,False,0.0
385,independent,20,226,"(5, 26, 20, 25, 37, 24, 10, 49, 27, 11, 14, 9, 18, 11, 47, 46, 9, 18, 38, 7)","(64, 67, 3, 27, 49, 67, 31, 81, 11, 3, 89, 56, 1, 91, 11, 33, 1, 14, 14, 37)",660,660,False,0.0
386,independent,20,312,"(40, 45, 35, 27, 34, 16, 50, 45, 16, 19, 22, 28, 34, 41, 48, 40, 43, 9, 15, 17)","(39, 52, 57, 7, 4, 33, 33, 74, 82, 61, 20, 24, 91, 4, 11, 17, 26, 100, 58, 16)",663,671,True,0.011922503725782414
387,independent,20,204,"(29, 3, 14, 24, 33, 39, 15, 6, 33, 19, 16, 33, 40, 31, 2, 9, 15, 36, 1, 10)","(27, 24, 25, 35, 15, 94, 12, 32, 54, 1, 93, 100, 19, 67, 62, 13, 65, 16, 76, 73)",765,765,False,0.0
388,independent,20,204,"(24, 24, 12, 6, 16, 24, 28, 49, 42, 5, 10, 20, 47, 6, 22, 49, 1, 5, 1, 17)","(45, 88, 87, 57, 26, 31, 26, 82, 10, 26, 98, 65, 37, 36, 48, 50, 44, 32, 17, 32)",757,757,False,0.0
389,independent,20,320,"(43, 23, 27, 15, 31, 25, 26, 47, 5, 15, 40, 48, 30, 44, 50, 48, 10, 38, 38, 38)","(82, 74, 70, 32, 92, 18, 25, 32, 57, 7, 38, 45, 19, 98, 2, 37, 55, 50, 31, 96)",738,744,True,0.008064516129032258
390,independent,20,255,"(37, 6, 35, 33, 1, 49, 41, 40, 34, 23, 17, 47, 5, 31, 13, 31, 2, 7, 46, 12)","(75, 66, 80, 59, 28, 41, 36, 88, 28, 7, 12, 39, 88, 40, 22, 10, 84, 57, 26, 41)",740,742,True,0.0026954177897574125
391,independent,20,280,"(32, 46, 16, 10, 32, 44, 39, 3, 15, 47, 7, 42, 32, 24, 41, 42, 27, 32, 5, 23)","(22, 82, 86, 21, 5, 64, 90, 31, 55, 50, 29, 16, 53, 36, 37, 26, 62, 75, 5, 80)",705,705,False,0.0
392,independent,20,222,"(40, 30, 47, 14, 14, 13, 5, 49, 42, 38, 43, 3, 5, 30, 22, 21, 8, 4, 8, 9)","(59, 78, 86, 63, 41, 68, 40, 28, 39, 82, 18, 93, 17, 15, 46, 73, 90, 94, 3, 98)",898,928,True,0.032327586206896554
393,independent,20,238,"(24, 11, 49, 30, 9, 15, 5, 3, 30, 36, 13, 38, 30, 2, 10, 39, 48, 42, 10, 33)","(41, 1, 54, 73, 7, 32, 2, 32, 71, 27, 80, 80, 68, 50, 30, 80, 61, 44, 71, 63)",676,698,True,0.03151862464183381
394,independent,20,218,"(16, 23, 14, 5, 24, 12, 46, 37, 48, 27, 6, 31, 36, 13, 15, 4, 15, 20, 38, 5)","(32, 90, 64, 43, 25, 82, 52, 27, 59, 78, 100, 94, 48, 13, 79, 80, 53, 77, 2, 97)",994,994,False,0.0
395,independent,20,300,"(24, 2, 43, 40, 24, 49, 8, 9, 35, 20, 15, 25, 49, 46, 44, 25, 45, 35, 32, 29)","(44, 17, 78, 16, 10, 47, 54, 39, 69, 74, 22, 85, 37, 18, 95, 37, 77, 33, 27, 26)",691,691,False,0.0
396,independent,20,218,"(4, 42, 36, 10, 27, 24, 18, 26, 27, 31, 32, 21, 4, 2, 35, 19, 34, 17, 9, 18)","(36, 34, 97, 45, 11, 66, 79, 12, 48, 22, 54, 48, 77, 90, 93, 86, 98, 45, 35, 77)",879,879,False,0.0
397,independent,20,298,"(8, 26, 50, 1, 18, 10, 47, 26, 24, 43, 32, 23, 43, 47, 30, 42, 49, 2, 30, 44)","(12, 59, 95, 89, 75, 31, 51, 15, 42, 68, 66, 53, 7, 43, 90, 47, 45, 38, 60, 6)",778,778,False,0.0
398,independent,20,236,"(26, 16, 29, 30, 11, 5, 31, 23, 19, 25, 22, 8, 38, 20, 14, 41, 1, 33, 43, 38)","(55, 78, 48, 92, 84, 6, 72, 9, 53, 70, 9, 83, 18, 20, 52, 71, 52, 97, 88, 91)",830,830,False,0.0
399,independent,20,224,"(3, 46, 2, 15, 11, 6, 4, 16, 23, 32, 32, 43, 31, 23, 37, 13, 20, 27, 35, 29)","(21, 79, 79, 13, 88, 69, 6, 49, 69, 7, 23, 90, 85, 99, 3, 14, 84, 43, 97, 97)",857,864,True,0.008101851851851851
400,independent,20,285,"(20, 17, 37, 50, 30, 50, 36, 19, 14, 28, 47, 16, 50, 25, 40, 27, 7, 6, 5, 46)","(72, 12, 63, 100, 53, 55, 33, 58, 85, 19, 6, 80, 1, 40, 30, 29, 13, 42, 77, 10)",738,738,False,0.0
401,independent,20,258,"(32, 28, 37, 31, 12, 43, 12, 46, 42, 49, 44, 34, 1, 32, 5, 1, 7, 19, 15, 26)","(13, 36, 51, 41, 40, 57, 16, 87, 10, 34, 14, 91, 85, 96, 39, 86, 21, 67, 68, 22)",788,794,True,0.007556675062972292
402,independent,20,297,"(32, 45, 27, 20, 30, 37, 41, 41, 11, 50, 40, 11, 12, 45, 32, 10, 39, 1, 41, 29)","(13, 83, 52, 71, 53, 52, 88, 94, 1, 61, 62, 89, 98, 34, 13, 99, 62, 20, 38, 34)",810,819,True,0.01098901098901099
403,independent,20,304,"(16, 22, 11, 47, 31, 34, 25, 48, 26, 45, 42, 10, 10, 11, 49, 38, 48, 30, 31, 33)","(80, 5, 35, 91, 20, 71, 96, 47, 20, 15, 34, 19, 59, 25, 79, 97, 56, 3, 98, 55)",746,780,True,0.04358974358974359
404,independent,20,234,"(6, 1, 6, 39, 22, 26, 2, 43, 6, 1, 43, 48, 12, 10, 47, 20, 48, 36, 18, 35)","(52, 67, 88, 13, 18, 13, 84, 62, 69, 23, 75, 85, 25, 65, 17, 53, 35, 6, 44, 76)",824,824,False,0.0
405,independent,20,296,"(3, 46, 30, 45, 37, 36, 44, 38, 15, 13, 22, 26, 29, 23, 19, 31, 46, 21, 33, 35)","(24, 93, 13, 79, 86, 13, 52, 39, 68, 66, 2, 68, 70, 37, 21, 98, 79, 50, 3, 62)",722,739,True,0.023004059539918808
406,independent,20,199,"(27, 26, 20, 8, 3, 9, 6, 28, 40, 27, 11, 42, 12, 3, 30, 33, 16, 4, 27, 26)","(54, 74, 82, 19, 11, 40, 15, 28, 51, 9, 91, 87, 27, 12, 63, 38, 19, 62, 88, 90)",674,698,True,0.034383954154727794
407,independent,20,261,"(43, 19, 26, 40, 30, 34, 25, 25, 28, 48, 8, 14, 14, 4, 13, 46, 37, 43, 15, 10)","(14, 70, 47, 96, 88, 65, 10, 74, 6, 66, 59, 64, 53, 27, 38, 97, 84, 86, 34, 83)",817,833,True,0.01920768307322929
408,independent,20,268,"(46, 17, 16, 37, 28, 17, 35, 30, 36, 42, 49, 17, 45, 39, 4, 12, 8, 4, 15, 40)","(57, 72, 75, 13, 65, 10, 98, 68, 76, 14, 87, 36, 18, 20, 27, 7, 62, 82, 77, 40)",825,825,False,0.0
409,independent,20,236,"(34, 31, 36, 41, 28, 13, 6, 25, 15, 10, 38, 12, 31, 12, 38, 40, 23, 10, 3, 27)","(71, 20, 54, 13, 90, 68, 68, 25, 34, 71, 17, 72, 6, 97, 76, 3, 26, 46, 33, 21)",780,780,False,0.0
410,independent,20,248,"(10, 20, 44, 6, 43, 30, 13, 11, 4, 15, 44, 7, 10, 30, 46, 12, 36, 48, 30, 37)","(88, 3, 43, 39, 91, 27, 22, 61, 42, 53, 58, 70, 72, 91, 30, 52, 1, 12, 39, 81)",820,820,False,0.0
411,independent,20,260,"(14, 21, 39, 15, 26, 1, 44, 34, 8, 14, 24, 35, 46, 48, 38, 4, 38, 35, 36, 1)","(4, 25, 26, 61, 27, 95, 68, 99, 94, 10, 78, 90, 37, 41, 6, 32, 55, 25, 18, 10)",734,734,False,0.0
412,independent,20,252,"(19, 4, 13, 20, 37, 30, 1, 39, 12, 33, 42, 19, 50, 26, 22, 41, 15, 8, 28, 45)","(91, 14, 15, 25, 26, 62, 10, 90, 46, 33, 33, 37, 67, 57, 59, 70, 60, 91, 80, 51)",722,730,True,0.010958904109589041
413,independent,20,272,"(49, 30, 6, 46, 19, 43, 10, 29, 7, 30, 20, 37, 31, 49, 18, 20, 10, 21, 30, 38)","(82, 24, 71, 95, 23, 72, 33, 36, 69, 33, 45, 16, 98, 25, 90, 42, 41, 11, 44, 42)",738,740,True,0.002702702702702703
414,independent,20,202,"(28, 39, 15, 18, 5, 35, 45, 9, 23, 9, 32, 1, 20, 20, 9, 2, 39, 18, 11, 25)","(45, 96, 79, 38, 33, 92, 91, 87, 50, 33, 21, 78, 4, 57, 81, 85, 99, 23, 54, 57)",874,877,True,0.0034207525655644243
415,independent,20,242,"(50, 16, 13, 36, 9, 36, 30, 14, 50, 2, 11, 11, 6, 28, 26, 26, 43, 9, 23, 45)","(44, 36, 28, 98, 9, 6, 24, 12, 92, 34, 9, 37, 94, 57, 28, 42, 53, 100, 54, 94)",724,724,False,0.0
416,independent,20,296,"(17, 33, 39, 47, 19, 21, 46, 42, 50, 36, 41, 4, 14, 33, 15, 39, 19, 5, 49, 23)","(1, 75, 85, 76, 66, 92, 57, 80, 5, 43, 100, 85, 63, 58, 50, 2, 64, 74, 22, 79)",914,921,True,0.00760043431053203
417,independent,20,205,"(39, 6, 48, 19, 3, 1, 30, 50, 6, 21, 1, 6, 17, 22, 7, 32, 39, 27, 8, 28)","(93, 6, 50, 85, 45, 84, 1, 50, 4, 50, 34, 46, 2, 54, 61, 4, 75, 90, 66, 33)",793,793,False,0.0
418,independent,20,191,"(21, 8, 10, 44, 15, 3, 25, 23, 14, 41, 41, 35, 1, 6, 30, 5, 41, 2, 10, 7)","(46, 39, 36, 66, 36, 21, 42, 76, 40, 38, 56, 15, 40, 76, 47, 53, 8, 39, 11, 90)",692,705,True,0.018439716312056736
419,independent,20,280,"(40, 47, 9, 24, 34, 45, 43, 11, 30, 3, 21, 29, 39, 32, 22, 45, 46, 21, 1, 19)","(88, 17, 37, 92, 11, 2, 67, 10, 35, 2, 9, 38, 54, 15, 83, 97, 83, 25, 27, 97)",709,709,False,0.0
420,independent,20,230,"(2, 24, 26, 49, 44, 8, 34, 32, 2, 50, 9, 22, 18, 22, 10, 7, 32, 31, 7, 32)","(87, 35, 13, 85, 85, 4, 42, 84, 98, 80, 70, 56, 16, 35, 88, 34, 24, 86, 32, 2)",809,809,False,0.0
421,independent,20,264,"(42, 40, 32, 32, 21, 29, 39, 25, 8, 47, 21, 32, 12, 34, 29, 20, 3, 17, 33, 13)","(79, 33, 86, 36, 68, 53, 32, 69, 37, 4, 100, 81, 64, 53, 41, 83, 2, 56, 27, 2)",778,778,False,0.0
422,independent,20,189,"(25, 1, 33, 5, 13, 3, 18, 3, 24, 40, 44, 16, 13, 19, 18, 49, 8, 1, 42, 3)","(38, 41, 78, 80, 39, 60, 20, 61, 68, 50, 98, 17, 55, 49, 35, 4, 92, 84, 54, 43)",883,883,False,0.0
423,independent,20,304,"(21, 35, 49, 47, 37, 28, 21, 15, 30, 49, 19, 48, 39, 45, 24, 38, 8, 44, 5, 5)","(21, 82, 98, 91, 66, 28, 71, 77, 89, 90, 77, 13, 73, 82, 14, 100, 42, 91, 56, 68)",872,910,True,0.041758241758241756
424,independent,20,276,"(36, 44, 9, 45, 27, 15, 1, 48, 43, 13, 13, 26, 41, 18, 29, 42, 30, 15, 33, 25)","(60, 92, 8, 83, 9, 21, 24, 50, 69, 27, 14, 30, 55, 16, 49, 94, 35, 75, 78, 46)",603,609,True,0.009852216748768473
425,independent,20,293,"(27, 11, 4, 48, 47, 15, 48, 39, 24, 35, 4, 24, 49, 31, 34, 41, 46, 27, 13, 19)","(12, 45, 79, 71, 71, 78, 29, 87, 54, 72, 25, 67, 93, 13, 7, 8, 85, 63, 97, 42)",814,845,True,0.036686390532544376
426,independent,20,264,"(11, 47, 23, 13, 20, 43, 36, 3, 42, 48, 20, 30, 23, 43, 18, 19, 23, 23, 29, 15)","(43, 95, 10, 16, 60, 68, 43, 79, 51, 37, 43, 45, 12, 98, 30, 63, 4, 96, 83, 65)",771,771,False,0.0
427,independent,20,244,"(11, 32, 3, 19, 44, 1, 45, 31, 30, 21, 33, 22, 48, 21, 11, 35, 11, 39, 11, 21)","(79, 47, 22, 12, 90, 65, 92, 44, 92, 55, 86, 78, 1, 85, 52, 82, 62, 77, 38, 71)",867,877,True,0.011402508551881414
428,independent,20,270,"(17, 34, 7, 17, 35, 17, 50, 39, 39, 1, 17, 41, 17, 36, 13, 19, 49, 5, 46, 42)","(7, 58, 77, 34, 13, 61, 9, 49, 22, 21, 73, 56, 83, 36, 9, 77, 27, 86, 49, 60)",744,744,False,0.0
429,independent,20,214,"(39, 2, 2, 32, 12, 26, 7, 29, 3, 20, 18, 50, 11, 23, 23, 13, 4, 48, 32, 35)","(16, 44, 29, 50, 3, 53, 71, 37, 70, 75, 24, 8, 9, 8, 83, 28, 18, 74, 51, 42)",646,646,False,0.0
430,independent,20,222,"(18, 9, 10, 30, 50, 13, 13, 26, 10, 5, 22, 28, 14, 11, 40, 41, 29, 36, 36, 2)","(85, 4, 28, 41, 40, 10, 73, 53, 28, 94, 32, 37, 23, 39, 28, 21, 84, 8, 60, 85)",698,707,True,0.01272984441301273
431,independent,20,196,"(19, 2, 3, 44, 41, 14, 13, 35, 23, 19, 5, 5, 46, 10, 5, 33, 12, 23, 36, 5)","(100, 92, 1, 55, 21, 68, 55, 32, 12, 51, 97, 82, 95, 49, 22, 84, 60, 24, 79, 96)",936,952,True,0.01680672268907563
432,independent,20,276,"(38, 43, 5, 25, 46, 16, 41, 43, 33, 14, 22, 19, 30, 14, 49, 11, 20, 47, 21, 15)","(83, 63, 99, 61, 24, 67, 21, 63, 1, 27, 98, 92, 30, 85, 59, 9, 14, 66, 87, 49)",874,874,False,0.0
433,independent,20,206,"(13, 32, 3, 40, 20, 8, 15, 13, 44, 21, 1, 3, 7, 25, 39, 36, 36, 7, 41, 8)","(87, 10, 63, 45, 88, 67, 75, 55, 19, 92, 94, 14, 18, 1, 83, 98, 88, 81, 27, 87)",1007,1007,False,0.0
434,independent,20,222,"(24, 34, 25, 19, 11, 47, 22, 24, 3, 22, 7, 12, 14, 31, 3, 42, 19, 18, 39, 29)","(9, 26, 65, 3, 59, 56, 20, 71, 5, 10, 89, 13, 66, 88, 70, 33, 5, 85, 11, 37)",691,699,True,0.011444921316165951
435,independent,20,242,"(13, 32, 4, 40, 45, 21, 35, 6, 20, 5, 7, 26, 35, 44, 44, 29, 4, 6, 30, 37)","(67, 40, 73, 89, 62, 70, 18, 72, 30, 60, 83, 32, 69, 82, 49, 62, 98, 13, 99, 22)",885,924,True,0.04220779220779221
436,independent,20,244,"(25, 50, 15, 24, 36, 7, 46, 7, 4, 29, 3, 34, 33, 31, 33, 13, 19, 31, 24, 25)","(62, 51, 23, 31, 84, 46, 73, 99, 81, 78, 7, 1, 57, 49, 75, 86, 55, 77, 93, 11)",843,859,True,0.018626309662398137
437,independent,20,263,"(34, 7, 9, 38, 29, 48, 31, 24, 43, 21, 28, 39, 2, 8, 28, 7, 1, 40, 48, 41)","(37, 4, 2, 33, 81, 98, 74, 85, 35, 5, 33, 85, 72, 46, 23, 2, 33, 65, 9, 65)",704,704,False,0.0
438,independent,20,162,"(14, 37, 6, 19, 38, 4, 1, 25, 15, 4, 10, 31, 7, 26, 9, 2, 29, 8, 38, 2)","(72, 65, 95, 69, 56, 91, 18, 52, 18, 33, 28, 24, 44, 72, 35, 9, 33, 20, 46, 28)",684,694,True,0.01440922190201729
439,independent,20,235,"(26, 20, 18, 28, 17, 27, 45, 18, 29, 20, 26, 39, 1, 6, 11, 1, 21, 45, 31, 41)","(43, 53, 66, 99, 78, 62, 84, 30, 89, 66, 18, 87, 89, 77, 100, 83, 29, 89, 16, 88)",979,979,False,0.0
440,independent,20,236,"(8, 6, 19, 14, 4, 36, 37, 39, 42, 15, 26, 6, 16, 30, 9, 4, 47, 23, 48, 44)","(97, 39, 30, 26, 42, 81, 31, 49, 18, 76, 4, 53, 13, 38, 51, 69, 84, 52, 57, 40)",738,749,True,0.014686248331108143
441,independent,20,290,"(12, 45, 40, 31, 14, 48, 39, 27, 7, 24, 47, 9, 20, 10, 24, 49, 45, 34, 18, 38)","(52, 98, 20, 99, 58, 39, 1, 36, 66, 76, 76, 56, 10, 31, 67, 2, 20, 96, 6, 56)",811,811,False,0.0
442,independent,20,276,"(24, 29, 29, 27, 25, 49, 45, 21, 6, 22, 12, 48, 36, 48, 28, 10, 19, 25, 37, 13)","(99, 79, 55, 61, 19, 74, 32, 52, 31, 31, 57, 49, 26, 87, 52, 17, 9, 91, 51, 78)",759,759,False,0.0
443,independent,20,240,"(49, 2, 42, 22, 7, 15, 23, 37, 35, 8, 21, 46, 6, 32, 32, 29, 23, 16, 29, 7)","(17, 82, 35, 37, 36, 2, 92, 91, 66, 43, 59, 31, 56, 76, 25, 4, 85, 54, 62, 73)",846,850,True,0.004705882352941176
444,independent,20,269,"(20, 1, 32, 20, 33, 29, 20, 5, 38, 40, 46, 1, 2, 45, 37, 24, 41, 33, 23, 48)","(37, 40, 36, 96, 82, 70, 64, 53, 28, 64, 85, 16, 16, 95, 3, 96, 41, 20, 43, 8)",793,793,False,0.0
445,independent,20,332,"(36, 16, 26, 17, 38, 20, 30, 50, 17, 24, 32, 38, 48, 32, 40, 50, 41, 50, 20, 39)","(55, 11, 87, 52, 95, 20, 100, 55, 34, 98, 18, 8, 39, 45, 75, 77, 55, 78, 54, 41)",770,773,True,0.0038809831824062097
446,independent,20,308,"(31, 35, 42, 42, 12, 49, 40, 25, 38, 18, 12, 33, 41, 18, 14, 30, 48, 17, 24, 46)","(98, 88, 80, 28, 18, 56, 26, 1, 29, 13, 18, 14, 50, 8, 57, 99, 6, 41, 98, 27)",703,703,False,0.0
447,independent,20,304,"(27, 34, 39, 27, 9, 25, 49, 19, 32, 36, 13, 3, 39, 42, 16, 46, 42, 39, 27, 44)","(88, 2, 49, 82, 51, 16, 99, 11, 58, 99, 93, 72, 21, 33, 12, 45, 1, 21, 71, 92)",828,828,False,0.0
448,independent,20,295,"(18, 8, 11, 38, 23, 44, 40, 50, 23, 46, 22, 20, 16, 27, 50, 35, 48, 47, 1, 23)","(32, 38, 1, 71, 55, 16, 25, 66, 41, 46, 61, 71, 46, 45, 16, 78, 8, 92, 37, 25)",668,668,False,0.0
449,independent,20,267,"(13, 13, 25, 44, 38, 32, 42, 41, 43, 35, 16, 6, 46, 25, 24, 16, 19, 7, 4, 45)","(27, 92, 16, 77, 28, 13, 47, 58, 78, 15, 55, 43, 49, 46, 38, 94, 96, 46, 17, 80)",751,763,True,0.015727391874180863
450,independent,20,253,"(7, 41, 26, 8, 32, 45, 16, 47, 38, 6, 21, 47, 7, 1, 17, 8, 14, 44, 40, 41)","(64, 19, 8, 76, 7, 4, 60, 77, 8, 82, 18, 35, 97, 38, 20, 75, 78, 63, 16, 51)",799,799,False,0.0
451,independent,20,276,"(3, 9, 48, 3, 50, 46, 20, 22, 4, 14, 25, 44, 15, 44, 26, 49, 28, 39, 24, 40)","(76, 62, 47, 13, 16, 44, 22, 63, 56, 20, 63, 28, 67, 23, 28, 82, 70, 73, 62, 20)",729,737,True,0.010854816824966078
452,independent,20,304,"(22, 43, 48, 22, 20, 13, 34, 45, 40, 32, 38, 9, 39, 26, 26, 24, 17, 50, 46, 14)","(48, 86, 40, 12, 12, 71, 98, 67, 92, 8, 64, 36, 35, 17, 53, 20, 43, 98, 70, 97)",742,758,True,0.021108179419525065
453,independent,20,264,"(16, 35, 43, 45, 25, 36, 29, 2, 46, 31, 5, 11, 1, 42, 35, 32, 26, 21, 2, 45)","(52, 62, 50, 68, 29, 78, 97, 41, 87, 90, 56, 29, 11, 87, 12, 8, 56, 49, 41, 50)",749,749,False,0.0
454,independent,20,258,"(20, 48, 42, 21, 17, 35, 42, 17, 22, 3, 22, 22, 6, 14, 37, 14, 32, 14, 44, 44)","(76, 69, 74, 89, 55, 27, 43, 20, 85, 86, 98, 81, 28, 22, 31, 85, 31, 66, 26, 78)",901,901,False,0.0
455,independent,20,254,"(47, 25, 41, 15, 12, 9, 9, 41, 48, 17, 29, 30, 36, 49, 2, 30, 21, 6, 29, 11)","(4, 73, 84, 92, 30, 60, 13, 49, 22, 10, 68, 9, 47, 38, 46, 87, 69, 16, 89, 20)",747,751,True,0.005326231691078562
456,independent,20,265,"(48, 30, 25, 3, 47, 8, 32, 8, 31, 30, 17, 9, 12, 25, 40, 46, 38, 45, 31, 5)","(58, 56, 83, 80, 67, 42, 97, 11, 90, 6, 20, 25, 94, 67, 69, 84, 71, 87, 44, 74)",866,866,False,0.0
457,independent,20,295,"(49, 22, 18, 48, 22, 11, 47, 36, 15, 45, 28, 27, 30, 45, 3, 40, 21, 34, 42, 7)","(24, 71, 59, 84, 6, 24, 27, 17, 54, 87, 24, 80, 80, 100, 12, 98, 10, 84, 16, 75)",761,812,True,0.06280788177339902
458,independent,20,234,"(5, 34, 5, 19, 42, 32, 46, 37, 2, 20, 5, 2, 24, 19, 43, 18, 15, 22, 27, 50)","(78, 57, 12, 66, 85, 46, 67, 89, 59, 42, 94, 95, 31, 21, 69, 14, 84, 8, 8, 81)",830,831,True,0.0012033694344163659
459,independent,20,280,"(42, 45, 26, 2, 29, 22, 6, 13, 40, 39, 30, 16, 36, 47, 3, 40, 25, 37, 48, 13)","(99, 20, 96, 23, 52, 40, 46, 69, 98, 91, 12, 1, 30, 3, 64, 20, 62, 94, 97, 90)",872,884,True,0.013574660633484163
460,independent,20,286,"(20, 49, 48, 26, 49, 1, 43, 35, 31, 42, 3, 4, 14, 45, 35, 37, 2, 17, 23, 49)","(93, 62, 3, 80, 42, 54, 78, 59, 41, 91, 23, 16, 72, 98, 100, 21, 56, 1, 84, 25)",846,870,True,0.027586206896551724
461,independent,20,246,"(47, 49, 37, 35, 27, 40, 6, 18, 15, 20, 23, 7, 21, 4, 27, 5, 18, 34, 15, 45)","(41, 9, 78, 76, 81, 23, 55, 64, 25, 61, 20, 47, 6, 96, 24, 39, 1, 33, 2, 100)",746,746,False,0.0
462,independent,20,278,"(38, 5, 48, 2, 1, 38, 47, 46, 12, 48, 14, 50, 24, 27, 34, 14, 4, 36, 50, 17)","(86, 50, 24, 13, 86, 34, 97, 35, 47, 8, 24, 50, 27, 5, 11, 11, 34, 49, 88, 46)",658,670,True,0.01791044776119403
463,independent,20,213,"(14, 36, 6, 34, 12, 30, 43, 14, 33, 19, 6, 28, 12, 13, 1, 50, 26, 16, 20, 13)","(61, 98, 28, 9, 76, 99, 31, 68, 49, 78, 86, 87, 24, 51, 82, 89, 75, 59, 91, 44)",934,957,True,0.024033437826541274
464,independent,20,248,"(18, 36, 16, 18, 11, 34, 28, 49, 29, 32, 25, 38, 6, 5, 42, 1, 47, 14, 33, 14)","(22, 80, 30, 71, 44, 15, 40, 67, 67, 7, 83, 23, 66, 62, 4, 97, 88, 23, 32, 61)",794,794,False,0.0
465,independent,20,268,"(13, 4, 2, 15, 50, 42, 26, 22, 32, 16, 34, 28, 41, 43, 18, 25, 21, 43, 31, 30)","(29, 83, 24, 71, 92, 23, 12, 25, 31, 18, 78, 49, 47, 7, 21, 67, 85, 7, 82, 13)",706,707,True,0.0014144271570014145
466,independent,20,236,"(4, 19, 10, 15, 31, 46, 9, 31, 8, 26, 18, 19, 37, 10, 34, 15, 30, 34, 39, 37)","(16, 25, 18, 66, 100, 46, 52, 57, 36, 37, 14, 16, 67, 6, 27, 33, 63, 90, 11, 25)",604,605,True,0.001652892561983471
467,independent,20,216,"(17, 26, 2, 7, 20, 27, 41, 7, 20, 15, 9, 8, 45, 24, 36, 2, 46, 28, 30, 21)","(62, 10, 55, 71, 34, 13, 24, 22, 14, 53, 44, 57, 7, 64, 3, 70, 100, 90, 33, 57)",779,779,False,0.0
468,independent,20,272,"(14, 4, 6, 45, 25, 47, 30, 28, 46, 49, 46, 12, 8, 13, 4, 21, 16, 36, 48, 46)","(49, 76, 24, 83, 20, 70, 85, 85, 38, 13, 37, 15, 60, 62, 47, 21, 19, 42, 29, 40)",717,723,True,0.008298755186721992
469,independent,20,262,"(17, 43, 27, 25, 4, 48, 3, 48, 16, 4, 13, 45, 41, 41, 28, 24, 33, 19, 17, 28)","(39, 33, 83, 84, 13, 33, 28, 67, 14, 2, 45, 72, 52, 57, 41, 36, 10, 82, 4, 88)",627,644,True,0.026397515527950312
470,independent,20,186,"(3, 23, 9, 42, 31, 7, 25, 4, 4, 22, 24, 16, 21, 4, 7, 2, 45, 3, 34, 47)","(93, 24, 67, 94, 91, 89, 52, 41, 75, 96, 10, 25, 67, 79, 63, 17, 7, 100, 73, 23)",1024,1024,False,0.0
471,independent,20,291,"(44, 42, 47, 21, 16, 24, 5, 34, 42, 34, 37, 37, 26, 31, 48, 14, 3, 27, 12, 38)","(9, 39, 60, 46, 70, 92, 64, 8, 94, 36, 90, 56, 52, 28, 47, 33, 81, 36, 64, 18)",778,802,True,0.029925187032418952
472,independent,20,212,"(10, 41, 4, 12, 26, 10, 10, 49, 8, 15, 33, 21, 18, 3, 14, 49, 5, 45, 7, 44)","(26, 59, 86, 15, 35, 18, 39, 6, 39, 44, 15, 98, 58, 38, 30, 48, 100, 33, 20, 68)",723,723,False,0.0
473,independent,20,262,"(22, 4, 24, 8, 20, 10, 30, 12, 32, 18, 37, 46, 24, 10, 5, 46, 47, 33, 50, 45)","(44, 1, 92, 94, 37, 76, 1, 41, 59, 61, 64, 85, 37, 15, 18, 98, 37, 77, 64, 29)",739,750,True,0.014666666666666666
474,independent,20,222,"(5, 27, 20, 24, 11, 24, 13, 12, 16, 2, 49, 31, 10, 30, 49, 41, 27, 33, 3, 16)","(7, 18, 47, 27, 10, 25, 5, 66, 98, 53, 56, 43, 86, 11, 33, 72, 78, 28, 74, 5)",680,683,True,0.004392386530014641
475,independent,20,250,"(5, 41, 43, 50, 21, 8, 30, 6, 39, 21, 48, 1, 10, 35, 26, 8, 31, 41, 9, 26)","(1, 72, 57, 86, 14, 48, 19, 48, 26, 36, 45, 85, 17, 93, 94, 76, 57, 9, 34, 2)",746,746,False,0.0
476,independent,20,308,"(32, 38, 23, 23, 46, 27, 46, 29, 48, 9, 28, 13, 5, 19, 24, 42, 25, 49, 47, 42)","(88, 36, 77, 97, 60, 31, 94, 6, 3, 18, 91, 69, 75, 7, 42, 51, 52, 98, 99, 49)",858,858,False,0.0
477,independent,20,240,"(40, 4, 46, 36, 27, 41, 2, 12, 25, 7, 47, 5, 8, 26, 9, 28, 13, 50, 17, 37)","(54, 39, 22, 75, 74, 24, 85, 57, 41, 38, 29, 1, 13, 87, 20, 57, 85, 69, 96, 91)",818,826,True,0.009685230024213076
478,independent,20,226,"(21, 8, 2, 26, 5, 36, 20, 36, 1, 20, 35, 32, 36, 38, 36, 22, 8, 8, 42, 20)","(20, 67, 38, 41, 73, 45, 43, 98, 43, 47, 67, 60, 29, 25, 92, 67, 40, 3, 77, 52)",730,744,True,0.01881720430107527
479,independent,20,326,"(27, 34, 34, 48, 35, 50, 49, 12, 50, 12, 42, 40, 46, 9, 1, 11, 31, 39, 35, 48)","(70, 66, 83, 88, 19, 68, 21, 11, 20, 2, 13, 21, 81, 40, 93, 40, 43, 88, 38, 84)",746,746,False,0.0
480,independent,20,266,"(26, 44, 34, 48, 14, 44, 6, 16, 12, 35, 23, 21, 18, 9, 24, 1, 45, 28, 45, 39)","(73, 38, 86, 59, 96, 40, 26, 15, 34, 17, 4, 6, 10, 6, 97, 36, 21, 80, 75, 11)",683,683,False,0.0
481,independent,20,248,"(44, 31, 43, 30, 20, 40, 8, 19, 21, 22, 1, 26, 34, 24, 4, 42, 29, 6, 18, 35)","(89, 55, 18, 83, 60, 25, 44, 5, 12, 32, 40, 34, 24, 2, 61, 22, 24, 93, 33, 12)",648,648,False,0.0
482,independent,20,266,"(34, 20, 42, 35, 43, 35, 12, 15, 47, 4, 31, 35, 21, 38, 28, 6, 28, 9, 44, 6)","(77, 54, 75, 16, 94, 33, 75, 56, 26, 47, 2, 67, 50, 55, 74, 88, 77, 100, 36, 85)",944,944,False,0.0
483,independent,20,250,"(34, 37, 17, 1, 33, 15, 15, 44, 8, 33, 8, 9, 17, 49, 48, 49, 27, 7, 44, 5)","(87, 41, 11, 6, 78, 45, 29, 11, 40, 74, 68, 37, 100, 15, 59, 55, 3, 16, 89, 23)",703,703,False,0.0
484,independent,20,204,"(37, 29, 3, 7, 16, 8, 18, 6, 14, 28, 22, 24, 35, 22, 9, 48, 26, 13, 4, 40)","(21, 42, 95, 59, 85, 85, 79, 95, 49, 100, 52, 78, 18, 44, 70, 17, 49, 100, 48, 71)",1039,1044,True,0.004789272030651341
485,independent,20,286,"(9, 49, 31, 23, 31, 47, 32, 7, 28, 48, 10, 16, 17, 7, 47, 27, 34, 46, 28, 34)","(19, 21, 44, 50, 76, 96, 75, 43, 69, 30, 44, 30, 100, 25, 81, 14, 99, 11, 64, 14)",760,771,True,0.014267185473411154
486,independent,20,252,"(12, 32, 12, 32, 32, 32, 1, 6, 37, 20, 10, 22, 44, 50, 40, 30, 13, 29, 18, 31)","(23, 33, 29, 39, 50, 40, 49, 58, 78, 43, 31, 87, 77, 12, 47, 60, 38, 28, 18, 65)",638,645,True,0.010852713178294573
487,independent,20,248,"(39, 21, 12, 49, 36, 29, 31, 20, 14, 17, 11, 14, 48, 14, 35, 46, 1, 31, 1, 27)","(48, 6, 35, 42, 30, 42, 60, 51, 12, 32, 31, 37, 48, 71, 92, 12, 31, 78, 68, 64)",692,692,False,0.0
488,independent,20,264,"(8, 47, 21, 42, 26, 33, 50, 9, 5, 43, 39, 17, 1, 30, 20, 28, 19, 50, 9, 32)","(66, 95, 68, 69, 37, 49, 46, 62, 81, 60, 39, 91, 65, 85, 17, 87, 47, 40, 10, 35)",865,865,False,0.0
489,independent,20,180,"(12, 28, 5, 40, 1, 35, 1, 32, 17, 15, 3, 1, 26, 48, 8, 13, 9, 8, 25, 33)","(79, 65, 91, 55, 7, 47, 66, 97, 28, 20, 11, 100, 36, 98, 91, 32, 88, 1, 34, 89)",864,875,True,0.012571428571428572
490,independent,20,242,"(48, 35, 36, 5, 38, 19, 16, 27, 27, 46, 11, 16, 11, 9, 6, 26, 28, 24, 35, 20)","(61, 61, 89, 95, 82, 64, 68, 43, 67, 60, 61, 8, 18, 79, 84, 33, 98, 85, 49, 94)",966,966,False,0.0
491,independent,20,279,"(32, 31, 40, 37, 22, 36, 16, 15, 31, 42, 26, 24, 32, 38, 33, 18, 33, 14, 1, 37)","(51, 98, 83, 70, 21, 55, 58, 48, 9, 45, 64, 9, 20, 28, 1, 33, 27, 43, 99, 97)",744,748,True,0.0053475935828877
492,independent,20,206,"(40, 24, 2, 41, 11, 11, 8, 41, 6, 15, 10, 13, 16, 49, 8, 44, 34, 21, 16, 2)","(14, 37, 5, 1, 28, 37, 61, 86, 36, 64, 42, 37, 31, 8, 28, 76, 89, 7, 88, 74)",706,715,True,0.012587412587412588
493,independent,20,232,"(17, 20, 17, 33, 43, 32, 43, 14, 20, 16, 33, 28, 39, 10, 20, 15, 4, 2, 33, 24)","(88, 75, 46, 79, 44, 6, 34, 80, 37, 73, 85, 91, 46, 44, 69, 16, 79, 78, 91, 86)",937,941,True,0.004250797024442083
494,independent,20,266,"(41, 45, 10, 2, 31, 28, 26, 13, 26, 26, 35, 30, 6, 24, 24, 10, 49, 50, 47, 9)","(77, 82, 3, 83, 36, 36, 53, 53, 84, 92, 59, 52, 59, 63, 31, 80, 2, 45, 69, 20)",798,805,True,0.008695652173913044
495,independent,20,301,"(44, 13, 7, 14, 23, 21, 10, 47, 35, 49, 38, 37, 15, 18, 4, 43, 50, 35, 49, 50)","(21, 69, 74, 82, 77, 47, 98, 25, 24, 98, 3, 24, 24, 21, 90, 11, 82, 46, 97, 80)",884,894,True,0.011185682326621925
496,independent,20,300,"(47, 25, 50, 41, 49, 46, 38, 15, 33, 25, 43, 3, 7, 19, 12, 15, 33, 45, 20, 35)","(58, 16, 41, 31, 65, 23, 78, 19, 42, 55, 89, 30, 98, 72, 30, 21, 88, 78, 96, 81)",816,816,False,0.0
497,independent,20,252,"(17, 47, 22, 19, 42, 6, 20, 21, 21, 46, 19, 8, 12, 10, 44, 34, 16, 39, 14, 48)","(77, 21, 26, 31, 14, 10, 65, 93, 14, 60, 6, 83, 7, 47, 23, 73, 45, 13, 87, 97)",741,744,True,0.004032258064516129
498,independent,20,296,"(31, 40, 16, 25, 39, 39, 44, 41, 35, 29, 9, 50, 11, 20, 35, 36, 15, 41, 20, 17)","(54, 32, 48, 2, 62, 34, 17, 79, 58, 61, 47, 71, 14, 52, 71, 51, 31, 71, 9, 27)",599,603,True,0.006633499170812604
499,independent,20,300,"(8, 49, 20, 32, 35, 44, 17, 17, 44, 49, 26, 12, 29, 48, 42, 10, 12, 35, 26, 44)","(23, 64, 76, 35, 16, 94, 9, 55, 38, 99, 95, 33, 40, 50, 73, 12, 100, 24, 49, 75)",772,772,False,0.0
500,independent,20,258,"(30, 38, 17, 49, 25, 7, 37, 6, 13, 15, 19, 49, 21, 40, 24, 32, 13, 35, 24, 22)","(68, 60, 82, 90, 28, 44, 95, 3, 43, 51, 7, 9, 58, 40, 18, 15, 48, 21, 47, 57)",686,686,False,0.0
501,independent,20,212,"(41, 41, 16, 21, 34, 11, 22, 29, 30, 24, 2, 24, 9, 50, 1, 9, 26, 23, 2, 8)","(37, 46, 82, 44, 47, 92, 46, 93, 2, 60, 97, 28, 59, 87, 60, 25, 48, 14, 85, 28)",847,862,True,0.01740139211136891
502,independent,20,318,"(33, 11, 23, 48, 11, 46, 42, 33, 16, 13, 50, 43, 50, 35, 46, 37, 41, 5, 40, 12)","(47, 81, 94, 90, 55, 6, 49, 10, 41, 83, 14, 42, 89, 30, 32, 9, 5, 12, 90, 26)",757,757,False,0.0
503,independent,20,296,"(11, 23, 13, 20, 42, 3, 45, 2, 48, 48, 27, 3, 49, 34, 49, 39, 31, 18, 42, 46)","(20, 93, 49, 18, 3, 55, 16, 5, 72, 60, 94, 12, 83, 48, 60, 54, 92, 54, 37, 63)",695,715,True,0.027972027972027972
504,independent,20,232,"(30, 24, 49, 4, 12, 24, 33, 37, 20, 22, 3, 27, 33, 12, 27, 4, 29, 19, 43, 11)","(74, 2, 25, 20, 96, 89, 79, 70, 14, 88, 31, 40, 19, 15, 16, 94, 98, 11, 94, 2)",803,803,False,0.0
505,independent,20,234,"(10, 20, 22, 31, 35, 42, 4, 40, 38, 42, 7, 22, 30, 8, 19, 10, 8, 28, 34, 18)","(33, 36, 90, 38, 69, 45, 53, 52, 69, 93, 96, 71, 32, 3, 36, 28, 98, 99, 100, 93)",893,898,True,0.005567928730512249
506,independent,20,254,"(49, 18, 37, 18, 50, 45, 43, 23, 10, 2, 25, 3, 10, 13, 49, 2, 38, 8, 35, 30)","(63, 50, 54, 31, 68, 23, 55, 63, 14, 84, 17, 80, 93, 84, 22, 28, 4, 94, 93, 84)",907,907,False,0.0
507,independent,20,274,"(31, 37, 32, 16, 24, 7, 50, 14, 29, 44, 9, 13, 35, 19, 42, 21, 24, 37, 20, 44)","(80, 19, 84, 58, 84, 48, 90, 16, 21, 3, 92, 87, 53, 49, 63, 83, 51, 28, 46, 17)",852,852,False,0.0
508,independent,20,300,"(35, 27, 5, 17, 43, 45, 34, 42, 37, 47, 23, 37, 26, 44, 21, 46, 7, 16, 24, 23)","(85, 64, 13, 47, 11, 82, 48, 63, 77, 73, 12, 96, 48, 18, 23, 22, 99, 3, 84, 28)",743,745,True,0.0026845637583892616
509,independent,20,251,"(46, 27, 11, 9, 38, 36, 45, 41, 25, 4, 18, 34, 8, 39, 13, 5, 9, 32, 33, 29)","(98, 27, 90, 16, 35, 85, 85, 40, 40, 76, 3, 41, 29, 55, 35, 4, 21, 50, 62, 64)",665,665,False,0.0
510,independent,20,218,"(44, 19, 27, 7, 10, 22, 12, 11, 47, 18, 27, 16, 22, 26, 1, 17, 6, 27, 35, 43)","(71, 98, 53, 10, 83, 82, 72, 48, 96, 92, 95, 37, 66, 56, 76, 12, 13, 93, 31, 28)",911,911,False,0.0
511,independent,20,240,"(7, 8, 16, 48, 14, 18, 9, 33, 2, 6, 5, 42, 33, 23, 46, 50, 48, 9, 39, 25)","(59, 19, 62, 90, 94, 75, 17, 72, 40, 16, 85, 53, 13, 5, 24, 27, 79, 77, 84, 12)",802,817,True,0.01835985312117503
512,independent,20,194,"(2, 10, 27, 40, 11, 16, 1, 7, 36, 8, 23, 2, 7, 39, 18, 16, 44, 24, 12, 46)","(57, 43, 47, 52, 29, 31, 96, 64, 53, 67, 92, 34, 80, 86, 3, 9, 27, 92, 58, 64)",876,876,False,0.0
513,independent,20,158,"(2, 9, 12, 28, 19, 27, 12, 19, 45, 1, 10, 7, 44, 10, 4, 5, 15, 13, 32, 3)","(27, 80, 86, 76, 42, 1, 91, 99, 56, 71, 65, 47, 92, 24, 74, 93, 9, 32, 76, 69)",976,986,True,0.010141987829614604
514,independent,20,235,"(23, 41, 14, 27, 42, 28, 37, 21, 31, 1, 8, 7, 19, 14, 33, 33, 35, 7, 9, 40)","(15, 84, 20, 54, 47, 35, 41, 42, 34, 87, 91, 47, 49, 26, 53, 50, 76, 90, 67, 23)",766,774,True,0.0103359173126615
515,independent,20,236,"(11, 19, 7, 30, 33, 3, 30, 26, 31, 44, 41, 3, 27, 10, 32, 41, 18, 23, 7, 35)","(36, 18, 2, 36, 4, 22, 31, 43, 75, 9, 60, 54, 30, 27, 86, 20, 47, 82, 14, 31)",582,582,False,0.0
516,independent,20,274,"(47, 35, 37, 34, 11, 4, 2, 33, 34, 17, 47, 29, 31, 39, 27, 6, 29, 6, 32, 47)","(31, 99, 82, 3, 46, 36, 20, 95, 47, 95, 38, 18, 19, 8, 73, 95, 39, 31, 5, 55)",776,777,True,0.001287001287001287
517,independent,20,288,"(28, 43, 13, 28, 32, 33, 37, 4, 26, 33, 21, 33, 17, 41, 42, 45, 16, 2, 43, 40)","(93, 52, 97, 23, 40, 17, 20, 11, 87, 58, 2, 84, 99, 2, 92, 54, 100, 27, 92, 55)",863,869,True,0.006904487917146145
518,independent,20,273,"(24, 23, 37, 33, 32, 16, 30, 29, 7, 14, 23, 38, 43, 7, 27, 33, 9, 45, 39, 37)","(67, 33, 33, 99, 93, 73, 3, 74, 45, 18, 25, 69, 57, 97, 82, 96, 25, 61, 21, 92)",861,861,False,0.0
519,independent,20,204,"(39, 2, 16, 19, 15, 4, 25, 14, 5, 27, 2, 27, 20, 37, 45, 40, 6, 3, 21, 40)","(57, 43, 17, 72, 78, 79, 84, 19, 96, 38, 57, 24, 84, 10, 27, 13, 50, 43, 35, 48)",835,835,False,0.0
520,independent,20,228,"(1, 26, 9, 28, 27, 16, 27, 39, 8, 21, 14, 25, 12, 32, 44, 43, 49, 17, 10, 9)","(8, 52, 58, 98, 27, 50, 23, 55, 47, 67, 5, 31, 62, 22, 15, 90, 100, 71, 61, 83)",795,795,False,0.0
521,independent,20,205,"(7, 20, 27, 50, 23, 7, 21, 20, 9, 27, 12, 44, 6, 21, 47, 1, 6, 22, 4, 36)","(1, 33, 92, 23, 46, 84, 35, 71, 5, 95, 44, 17, 50, 36, 62, 23, 65, 85, 78, 70)",808,808,False,0.0
522,independent,20,251,"(5, 25, 40, 2, 47, 35, 13, 9, 3, 35, 37, 33, 20, 27, 48, 9, 22, 5, 37, 50)","(30, 100, 98, 18, 12, 67, 86, 95, 81, 57, 74, 40, 32, 90, 61, 2, 52, 100, 61, 59)",923,923,False,0.0
523,independent,20,272,"(44, 19, 25, 31, 36, 40, 1, 48, 26, 31, 26, 31, 33, 17, 44, 31, 17, 11, 20, 14)","(88, 68, 21, 22, 74, 69, 54, 84, 99, 47, 80, 88, 82, 89, 27, 88, 6, 52, 4, 25)",820,843,True,0.027283511269276393
524,independent,20,263,"(15, 37, 32, 6, 20, 11, 37, 5, 16, 50, 37, 34, 18, 9, 28, 33, 37, 23, 32, 46)","(2, 35, 44, 92, 31, 12, 85, 18, 41, 89, 1, 38, 53, 89, 63, 90, 23, 76, 77, 69)",773,773,False,0.0
525,independent,20,280,"(35, 31, 44, 39, 10, 18, 35, 44, 16, 31, 29, 9, 18, 37, 37, 39, 15, 25, 7, 40)","(15, 22, 24, 14, 79, 57, 5, 28, 100, 25, 82, 70, 24, 2, 9, 94, 12, 39, 72, 38)",692,702,True,0.014245014245014245
526,independent,20,248,"(10, 12, 19, 49, 31, 50, 3, 10, 31, 41, 7, 36, 22, 43, 35, 21, 16, 11, 31, 19)","(28, 8, 50, 52, 66, 89, 83, 93, 25, 34, 61, 85, 83, 3, 91, 54, 100, 94, 89, 40)",951,951,False,0.0
527,independent,20,230,"(28, 44, 44, 21, 16, 36, 3, 46, 48, 31, 24, 6, 9, 25, 2, 12, 31, 1, 22, 10)","(44, 98, 21, 99, 40, 98, 2, 22, 37, 88, 93, 49, 93, 94, 45, 76, 82, 50, 40, 25)",934,934,False,0.0
528,independent,20,211,"(4, 20, 31, 46, 12, 37, 12, 26, 13, 9, 37, 38, 2, 6, 44, 19, 1, 26, 19, 20)","(73, 13, 63, 76, 90, 32, 79, 30, 19, 48, 83, 87, 49, 71, 93, 27, 55, 30, 98, 98)",924,924,False,0.0
529,independent,20,278,"(42, 48, 16, 43, 48, 28, 46, 25, 8, 38, 41, 24, 27, 21, 14, 13, 8, 27, 11, 28)","(20, 100, 93, 59, 27, 29, 55, 97, 19, 54, 21, 53, 70, 45, 93, 62, 17, 60, 44, 91)",844,844,False,0.0
530,independent,20,238,"(22, 48, 15, 32, 36, 25, 3, 41, 33, 19, 49, 50, 23, 2, 22, 11, 8, 18, 18, 1)","(14, 72, 78, 12, 51, 22, 8, 72, 91, 95, 38, 87, 4, 6, 17, 54, 3, 94, 27, 33)",667,682,True,0.021994134897360705
531,independent,20,246,"(47, 9, 29, 23, 35, 6, 30, 19, 13, 11, 43, 10, 47, 3, 15, 26, 32, 41, 43, 9)","(88, 95, 75, 56, 88, 7, 16, 31, 79, 12, 82, 30, 67, 8, 50, 92, 90, 92, 33, 75)",830,830,False,0.0
532,independent,20,202,"(14, 40, 6, 22, 1, 42, 9, 23, 17, 24, 38, 24, 13, 39, 34, 39, 4, 1, 5, 9)","(84, 19, 63, 92, 83, 13, 61, 20, 75, 24, 31, 60, 38, 82, 34, 96, 15, 99, 36, 100)",926,969,True,0.04437564499484004
533,independent,20,243,"(25, 45, 17, 43, 32, 19, 25, 39, 8, 2, 36, 8, 40, 44, 36, 17, 1, 1, 16, 32)","(22, 48, 53, 7, 46, 24, 18, 100, 46, 39, 91, 27, 65, 19, 96, 13, 18, 88, 83, 78)",784,784,False,0.0
534,independent,20,200,"(28, 13, 34, 17, 28, 9, 12, 18, 10, 20, 41, 48, 16, 8, 40, 2, 1, 24, 23, 8)","(71, 59, 20, 46, 2, 8, 66, 52, 23, 33, 11, 55, 92, 74, 42, 88, 99, 22, 6, 35)",780,780,False,0.0
535,independent,20,244,"(10, 26, 38, 26, 8, 7, 11, 36, 25, 32, 14, 46, 31, 48, 41, 14, 9, 23, 16, 28)","(54, 89, 87, 19, 30, 99, 60, 79, 24, 100, 4, 99, 3, 65, 57, 82, 39, 92, 100, 4)",915,931,True,0.017185821697099892
536,independent,20,292,"(48, 41, 36, 36, 28, 28, 31, 29, 26, 8, 25, 11, 50, 22, 36, 32, 3, 23, 49, 22)","(25, 69, 1, 49, 81, 93, 24, 43, 6, 34, 12, 30, 85, 48, 62, 8, 11, 100, 14, 80)",693,706,True,0.018413597733711047
537,independent,20,305,"(47, 16, 3, 34, 28, 45, 18, 37, 44, 48, 38, 27, 32, 41, 7, 13, 48, 15, 44, 25)","(57, 29, 59, 92, 18, 69, 41, 84, 92, 8, 78, 51, 46, 9, 35, 98, 100, 19, 38, 89)",819,819,False,0.0
538,independent,20,228,"(18, 4, 3, 17, 35, 12, 50, 25, 2, 30, 27, 50, 19, 17, 31, 30, 11, 45, 12, 19)","(38, 52, 22, 42, 13, 81, 18, 96, 70, 52, 19, 76, 59, 58, 77, 63, 38, 13, 20, 47)",763,763,False,0.0
539,independent,20,288,"(19, 49, 46, 10, 24, 5, 14, 34, 27, 44, 47, 27, 4, 12, 43, 32, 43, 33, 22, 41)","(25, 72, 6, 89, 31, 9, 40, 16, 74, 3, 2, 19, 6, 88, 1, 94, 56, 29, 64, 71)",688,694,True,0.008645533141210375
540,independent,20,242,"(40, 43, 2, 21, 30, 26, 17, 34, 25, 1, 32, 36, 10, 42, 3, 37, 44, 17, 4, 21)","(80, 48, 60, 78, 75, 12, 50, 8, 67, 30, 75, 32, 82, 52, 68, 34, 85, 92, 15, 10)",806,842,True,0.04275534441805225
541,independent,20,256,"(23, 30, 10, 35, 21, 49, 4, 47, 17, 20, 39, 18, 47, 15, 38, 30, 9, 8, 42, 10)","(1, 49, 23, 45, 60, 12, 75, 24, 2, 80, 14, 84, 52, 73, 92, 47, 40, 58, 81, 58)",820,820,False,0.0
542,independent,20,205,"(31, 11, 13, 29, 24, 18, 1, 43, 1, 7, 2, 29, 30, 26, 26, 45, 6, 26, 19, 23)","(15, 54, 22, 79, 17, 25, 91, 24, 23, 79, 48, 47, 52, 72, 99, 10, 88, 3, 47, 31)",801,804,True,0.0037313432835820895
543,independent,20,304,"(42, 6, 50, 39, 18, 37, 34, 40, 25, 47, 42, 21, 2, 18, 41, 39, 22, 10, 37, 39)","(17, 60, 88, 24, 11, 10, 60, 66, 40, 41, 88, 15, 78, 3, 99, 57, 79, 64, 51, 51)",737,750,True,0.017333333333333333
544,independent,20,197,"(43, 18, 20, 36, 42, 5, 2, 26, 4, 21, 42, 6, 2, 19, 5, 33, 32, 6, 9, 23)","(97, 14, 79, 36, 90, 90, 51, 61, 52, 30, 70, 82, 24, 50, 49, 4, 56, 65, 47, 51)",828,838,True,0.011933174224343675
545,independent,20,240,"(14, 47, 42, 4, 32, 25, 22, 39, 6, 14, 8, 18, 45, 12, 5, 44, 27, 18, 49, 10)","(81, 86, 90, 30, 10, 46, 91, 69, 30, 43, 91, 59, 16, 35, 99, 52, 9, 94, 5, 22)",880,880,False,0.0
546,independent,20,240,"(1, 26, 3, 24, 48, 21, 14, 36, 4, 46, 24, 38, 19, 14, 39, 38, 8, 14, 42, 20)","(36, 51, 96, 49, 20, 17, 46, 48, 7, 32, 20, 73, 72, 8, 54, 29, 40, 43, 35, 42)",629,629,False,0.0
547,independent,20,276,"(3, 46, 21, 32, 28, 36, 30, 5, 44, 3, 17, 13, 20, 18, 47, 49, 32, 12, 45, 50)","(10, 35, 100, 27, 47, 28, 38, 60, 93, 97, 100, 80, 6, 77, 88, 58, 26, 40, 14, 46)",857,857,False,0.0
548,independent,20,249,"(3, 33, 49, 26, 39, 11, 46, 5, 12, 5, 22, 33, 44, 37, 25, 41, 30, 4, 8, 25)","(5, 19, 11, 65, 81, 63, 35, 12, 56, 77, 2, 2, 76, 51, 73, 28, 55, 89, 100, 37)",789,803,True,0.017434620174346202
549,independent,20,231,"(42, 31, 45, 32, 19, 5, 23, 6, 14, 12, 46, 45, 4, 27, 18, 20, 30, 30, 9, 4)","(26, 21, 70, 24, 50, 42, 85, 10, 26, 65, 86, 95, 12, 29, 31, 62, 90, 45, 67, 66)",746,746,False,0.0
550,independent,20,228,"(31, 14, 24, 16, 28, 37, 8, 2, 45, 13, 33, 39, 31, 19, 6, 40, 8, 19, 16, 28)","(61, 91, 5, 14, 79, 15, 94, 66, 97, 10, 86, 1, 74, 11, 60, 41, 27, 3, 55, 36)",790,790,False,0.0
551,independent,20,287,"(33, 43, 1, 16, 27, 49, 2, 38, 44, 21, 28, 31, 33, 4, 33, 48, 29, 26, 41, 27)","(84, 31, 27, 48, 52, 68, 23, 33, 78, 11, 1, 93, 23, 90, 40, 40, 93, 70, 61, 31)",759,759,False,0.0
552,independent,20,267,"(2, 5, 33, 49, 45, 45, 46, 37, 31, 7, 33, 39, 21, 22, 8, 26, 38, 9, 32, 6)","(96, 85, 100, 50, 6, 30, 49, 72, 76, 29, 27, 47, 90, 17, 13, 93, 1, 97, 43, 28)",869,872,True,0.0034403669724770644
553,independent,20,280,"(31, 30, 29, 27, 50, 47, 37, 29, 12, 40, 37, 29, 37, 35, 3, 1, 25, 47, 12, 2)","(4, 18, 4, 50, 67, 86, 94, 23, 59, 95, 4, 23, 88, 55, 44, 36, 93, 89, 10, 30)",764,764,False,0.0
554,independent,20,219,"(33, 12, 14, 41, 1, 46, 24, 11, 19, 4, 38, 6, 13, 11, 31, 33, 18, 27, 6, 50)","(44, 47, 49, 20, 34, 37, 9, 7, 87, 25, 62, 75, 100, 65, 17, 75, 35, 98, 9, 75)",768,774,True,0.007751937984496124
555,independent,20,201,"(13, 11, 36, 7, 17, 13, 46, 19, 29, 9, 3, 29, 7, 8, 21, 39, 27, 17, 10, 41)","(36, 17, 91, 20, 53, 71, 97, 77, 3, 75, 63, 6, 87, 11, 77, 94, 77, 42, 92, 16)",861,861,False,0.0
556,independent,20,234,"(45, 13, 37, 50, 34, 19, 2, 40, 33, 12, 45, 6, 2, 3, 8, 10, 9, 28, 25, 46)","(61, 81, 91, 60, 91, 5, 51, 29, 85, 83, 84, 65, 36, 93, 24, 34, 17, 77, 60, 91)",888,902,True,0.015521064301552107
557,independent,20,268,"(2, 7, 36, 40, 41, 26, 13, 43, 49, 26, 8, 47, 18, 36, 30, 3, 32, 33, 42, 5)","(65, 87, 100, 69, 33, 65, 77, 99, 23, 3, 99, 18, 17, 9, 55, 66, 85, 31, 19, 57)",941,941,False,0.0
558,independent,20,252,"(25, 35, 34, 2, 29, 6, 15, 11, 2, 49, 10, 15, 38, 24, 19, 32, 30, 46, 35, 48)","(34, 6, 90, 23, 97, 76, 88, 80, 23, 90, 100, 67, 39, 8, 59, 51, 6, 31, 14, 34)",878,878,False,0.0
559,independent,20,275,"(1, 28, 24, 9, 35, 30, 22, 11, 23, 44, 43, 43, 32, 33, 23, 47, 23, 19, 19, 41)","(78, 44, 66, 19, 34, 91, 19, 1, 68, 54, 100, 10, 89, 10, 46, 80, 16, 17, 25, 50)",682,687,True,0.00727802037845706
560,independent,20,268,"(49, 3, 48, 1, 38, 23, 16, 28, 28, 10, 49, 44, 20, 5, 39, 12, 29, 38, 11, 44)","(82, 61, 60, 92, 50, 31, 10, 14, 31, 62, 18, 64, 9, 34, 85, 37, 29, 12, 57, 81)",696,715,True,0.026573426573426574
561,independent,20,294,"(38, 13, 36, 13, 15, 23, 35, 38, 36, 14, 28, 1, 40, 50, 45, 42, 32, 34, 42, 13)","(68, 23, 37, 26, 80, 97, 91, 57, 81, 93, 66, 10, 91, 69, 95, 17, 3, 58, 99, 10)",829,829,False,0.0
562,independent,20,284,"(48, 46, 8, 13, 46, 47, 23, 29, 30, 32, 40, 27, 20, 25, 36, 40, 4, 8, 28, 19)","(48, 100, 8, 15, 49, 24, 55, 8, 93, 53, 3, 94, 2, 96, 12, 1, 32, 11, 19, 17)",623,623,False,0.0
563,independent,20,239,"(34, 20, 1, 5, 24, 30, 39, 45, 21, 1, 6, 43, 31, 36, 42, 15, 1, 37, 46, 1)","(95, 83, 23, 48, 31, 18, 77, 80, 36, 25, 74, 57, 59, 63, 59, 4, 69, 34, 46, 88)",788,799,True,0.01376720901126408
564,independent,20,256,"(19, 45, 4, 28, 23, 9, 6, 49, 43, 17, 12, 11, 27, 50, 30, 23, 36, 47, 9, 25)","(26, 43, 40, 91, 36, 23, 23, 62, 30, 3, 90, 75, 65, 47, 66, 35, 11, 27, 91, 67)",731,764,True,0.04319371727748691
565,independent,20,256,"(41, 31, 25, 43, 27, 10, 21, 40, 48, 36, 28, 15, 40, 10, 33, 8, 17, 17, 18, 4)","(100, 42, 98, 55, 41, 16, 87, 83, 94, 45, 52, 89, 21, 41, 43, 62, 73, 40, 7, 21)",804,804,False,0.0
566,independent,20,284,"(32, 20, 28, 26, 33, 24, 5, 24, 42, 19, 30, 10, 42, 25, 47, 30, 43, 34, 13, 42)","(72, 17, 10, 8, 98, 44, 13, 26, 15, 88, 23, 28, 27, 50, 41, 85, 80, 6, 68, 69)",695,695,False,0.0
567,independent,20,242,"(10, 31, 48, 19, 26, 2, 21, 4, 12, 37, 15, 41, 35, 24, 44, 29, 40, 13, 29, 4)","(41, 11, 75, 60, 96, 21, 42, 83, 50, 52, 16, 55, 2, 94, 80, 60, 14, 71, 19, 83)",797,814,True,0.020884520884520884
568,independent,20,264,"(7, 35, 45, 26, 47, 29, 28, 21, 21, 25, 1, 11, 30, 16, 21, 37, 44, 2, 36, 45)","(5, 63, 35, 27, 9, 42, 91, 98, 15, 5, 38, 24, 23, 87, 30, 54, 13, 20, 85, 97)",699,699,False,0.0
569,independent,20,217,"(40, 4, 4, 17, 17, 5, 32, 7, 35, 41, 20, 17, 41, 36, 30, 23, 12, 14, 7, 32)","(69, 43, 43, 86, 73, 85, 74, 64, 23, 43, 3, 18, 64, 10, 4, 42, 44, 87, 71, 49)",830,830,False,0.0
570,independent,20,184,"(5, 1, 4, 17, 35, 15, 24, 2, 5, 18, 1, 50, 22, 41, 1, 38, 13, 46, 1, 28)","(26, 43, 1, 43, 76, 29, 47, 51, 42, 88, 92, 58, 89, 68, 55, 65, 35, 76, 73, 93)",854,856,True,0.002336448598130841
571,independent,20,207,"(10, 8, 27, 43, 4, 12, 11, 22, 2, 17, 43, 32, 3, 41, 18, 4, 25, 50, 3, 39)","(34, 80, 7, 17, 75, 68, 24, 70, 98, 47, 11, 78, 80, 57, 42, 6, 51, 7, 34, 61)",842,842,False,0.0
572,independent,20,256,"(14, 17, 40, 37, 48, 10, 50, 11, 25, 40, 31, 15, 37, 10, 23, 20, 15, 33, 29, 8)","(51, 36, 34, 62, 11, 32, 19, 30, 90, 46, 56, 78, 66, 1, 32, 82, 22, 14, 88, 13)",684,684,False,0.0
573,independent,20,262,"(45, 42, 15, 26, 33, 12, 38, 46, 18, 25, 31, 37, 30, 23, 34, 1, 24, 14, 5, 25)","(94, 34, 9, 71, 59, 80, 16, 61, 93, 50, 48, 90, 46, 79, 57, 59, 45, 73, 8, 97)",839,845,True,0.007100591715976331
574,independent,20,221,"(20, 36, 20, 28, 25, 27, 44, 15, 33, 3, 27, 12, 20, 22, 50, 6, 47, 4, 1, 2)","(74, 13, 30, 64, 90, 5, 91, 35, 84, 81, 52, 73, 51, 85, 98, 32, 24, 6, 94, 65)",886,890,True,0.0044943820224719105
575,independent,20,288,"(20, 43, 25, 27, 28, 40, 48, 7, 29, 19, 17, 37, 26, 13, 15, 43, 24, 23, 50, 42)","(96, 6, 15, 64, 83, 86, 41, 38, 18, 94, 91, 4, 89, 6, 95, 93, 51, 30, 58, 79)",886,908,True,0.024229074889867842
576,independent,20,265,"(49, 38, 13, 38, 25, 6, 17, 43, 44, 17, 10, 21, 19, 14, 45, 50, 10, 32, 32, 7)","(88, 63, 1, 44, 68, 26, 87, 60, 87, 85, 1, 69, 76, 46, 54, 20, 65, 63, 40, 21)",781,781,False,0.0
577,independent,20,292,"(26, 45, 22, 27, 50, 32, 16, 26, 13, 3, 48, 16, 28, 43, 43, 45, 13, 18, 49, 20)","(45, 11, 60, 13, 70, 38, 89, 90, 1, 71, 91, 62, 73, 32, 15, 99, 39, 25, 46, 87)",831,831,False,0.0
578,independent,20,322,"(49, 11, 37, 50, 23, 24, 42, 40, 39, 26, 33, 25, 4, 43, 49, 37, 5, 24, 35, 49)","(38, 86, 96, 51, 76, 12, 22, 45, 78, 6, 94, 81, 42, 4, 33, 70, 52, 88, 11, 2)",830,830,False,0.0
579,independent,20,256,"(21, 32, 10, 22, 22, 7, 28, 6, 46, 18, 30, 49, 49, 12, 27, 34, 49, 7, 21, 23)","(52, 93, 84, 5, 6, 98, 89, 68, 88, 88, 54, 75, 88, 56, 47, 23, 35, 69, 41, 56)",888,895,True,0.00782122905027933
580,independent,20,263,"(34, 19, 44, 19, 10, 19, 13, 13, 48, 33, 27, 49, 20, 33, 48, 20, 23, 8, 40, 6)","(67, 11, 83, 84, 56, 39, 86, 34, 35, 44, 89, 69, 23, 55, 45, 49, 55, 75, 71, 84)",824,838,True,0.016706443914081145
581,independent,20,258,"(46, 12, 20, 47, 37, 19, 36, 3, 17, 21, 44, 18, 11, 32, 9, 36, 31, 23, 12, 43)","(1, 37, 51, 1, 53, 59, 69, 39, 8, 73, 57, 57, 7, 6, 75, 29, 4, 56, 22, 4)",648,648,False,0.0
582,independent,20,265,"(14, 8, 30, 25, 43, 34, 42, 42, 33, 2, 46, 1, 9, 7, 46, 34, 10, 48, 26, 30)","(92, 30, 23, 5, 67, 8, 26, 23, 18, 77, 29, 35, 40, 17, 51, 74, 20, 7, 69, 57)",652,652,False,0.0
583,independent,20,318,"(35, 19, 10, 41, 19, 50, 41, 48, 42, 31, 41, 33, 42, 7, 49, 39, 7, 10, 46, 27)","(15, 90, 73, 78, 25, 83, 92, 98, 34, 65, 40, 30, 75, 18, 92, 17, 32, 91, 51, 94)",848,853,True,0.005861664712778429
584,independent,20,278,"(39, 17, 5, 19, 8, 7, 38, 29, 16, 18, 42, 38, 41, 37, 44, 32, 28, 22, 43, 34)","(91, 19, 64, 79, 11, 32, 80, 97, 88, 50, 96, 57, 52, 72, 6, 90, 30, 81, 75, 50)",859,859,False,0.0
585,independent,20,274,"(4, 47, 29, 23, 34, 32, 14, 17, 18, 14, 12, 48, 36, 39, 35, 26, 38, 30, 26, 27)","(12, 25, 80, 48, 98, 53, 1, 60, 81, 13, 64, 68, 83, 100, 82, 11, 7, 66, 50, 39)",739,762,True,0.030183727034120734
586,independent,20,300,"(48, 8, 39, 5, 50, 14, 4, 33, 47, 13, 30, 40, 39, 43, 25, 44, 9, 16, 48, 44)","(36, 98, 48, 89, 62, 80, 51, 39, 15, 60, 25, 21, 73, 20, 84, 86, 49, 10, 73, 95)",886,886,False,0.0
587,independent,20,270,"(46, 46, 3, 35, 23, 16, 46, 25, 39, 49, 33, 13, 16, 30, 3, 5, 33, 21, 31, 27)","(100, 42, 84, 65, 57, 86, 91, 87, 89, 18, 83, 86, 54, 64, 4, 58, 58, 5, 29, 49)",852,879,True,0.030716723549488054
588,independent,20,264,"(47, 19, 2, 35, 23, 35, 46, 25, 11, 35, 2, 41, 49, 42, 5, 13, 10, 40, 31, 17)","(52, 29, 41, 16, 93, 10, 83, 50, 14, 52, 4, 8, 33, 6, 54, 37, 13, 16, 79, 45)",594,615,True,0.03414634146341464
589,independent,20,232,"(8, 42, 19, 41, 15, 32, 7, 5, 23, 14, 41, 12, 38, 28, 15, 38, 33, 12, 36, 4)","(44, 29, 94, 50, 28, 84, 81, 87, 65, 53, 61, 14, 10, 24, 50, 86, 18, 35, 87, 55)",849,849,False,0.0
590,independent,20,256,"(2, 35, 26, 47, 10, 32, 44, 42, 12, 3, 16, 48, 16, 50, 5, 40, 37, 5, 9, 34)","(7, 63, 55, 45, 66, 42, 54, 13, 74, 95, 26, 15, 49, 81, 71, 49, 33, 95, 98, 7)",829,850,True,0.024705882352941175
591,independent,20,192,"(36, 33, 29, 6, 19, 13, 38, 17, 8, 11, 4, 23, 11, 18, 4, 17, 10, 32, 42, 12)","(49, 15, 17, 23, 25, 7, 67, 44, 1, 68, 13, 61, 93, 64, 80, 24, 9, 12, 39, 49)",620,620,False,0.0
592,independent,20,288,"(5, 33, 5, 46, 44, 49, 1, 23, 19, 47, 20, 31, 8, 49, 49, 9, 29, 13, 48, 49)","(60, 21, 19, 27, 42, 29, 44, 98, 26, 81, 52, 92, 45, 42, 5, 82, 69, 54, 35, 9)",785,785,False,0.0
593,independent,20,214,"(21, 23, 6, 32, 45, 46, 27, 1, 10, 18, 14, 6, 37, 43, 5, 18, 48, 23, 3, 3)","(47, 85, 86, 97, 50, 85, 80, 23, 49, 5, 27, 54, 98, 13, 2, 65, 23, 55, 7, 95)",841,841,False,0.0
594,independent,20,246,"(9, 44, 13, 4, 48, 29, 14, 2, 34, 27, 1, 23, 31, 37, 27, 44, 11, 32, 36, 26)","(61, 80, 38, 6, 80, 85, 1, 12, 23, 7, 93, 3, 65, 55, 72, 99, 29, 69, 39, 79)",709,723,True,0.019363762102351315
595,independent,20,330,"(23, 42, 47, 1, 33, 45, 21, 27, 47, 35, 27, 10, 42, 31, 45, 36, 47, 8, 43, 49)","(45, 66, 54, 29, 62, 53, 17, 94, 76, 100, 55, 10, 45, 62, 89, 24, 50, 27, 32, 41)",715,715,False,0.0
596,independent,20,262,"(26, 12, 10, 44, 48, 28, 3, 35, 45, 29, 2, 21, 48, 39, 38, 29, 5, 1, 34, 27)","(20, 99, 23, 28, 31, 30, 6, 40, 42, 79, 64, 9, 76, 11, 59, 81, 29, 33, 47, 4)",636,640,True,0.00625
597,independent,20,262,"(7, 17, 7, 26, 39, 26, 39, 30, 16, 32, 35, 21, 40, 48, 8, 38, 38, 17, 35, 6)","(20, 55, 69, 35, 35, 61, 50, 70, 65, 4, 88, 35, 81, 4, 95, 3, 22, 58, 49, 74)",806,806,False,0.0
598,independent,20,279,"(7, 47, 34, 7, 24, 21, 22, 24, 33, 38, 5, 12, 48, 49, 41, 15, 7, 48, 37, 39)","(86, 58, 94, 60, 47, 1, 60, 70, 19, 75, 61, 61, 41, 17, 14, 52, 10, 53, 33, 33)",767,767,False,0.0
599,independent,20,218,"(46, 22, 38, 4, 20, 17, 4, 8, 20, 37, 41, 1, 26, 12, 22, 18, 36, 44, 7, 14)","(5, 16, 56, 82, 17, 13, 24, 92, 11, 42, 9, 24, 98, 3, 70, 72, 45, 37, 81, 13)",699,699,False,0.0
600,independent,20,260,"(17, 41, 10, 7, 26, 28, 45, 36, 1, 49, 41, 22, 11, 8, 47, 3, 36, 33, 30, 28)","(45, 57, 78, 50, 57, 8, 10, 85, 88, 49, 48, 16, 1, 21, 18, 50, 90, 17, 1, 65)",734,734,False,0.0
601,independent,20,314,"(13, 37, 47, 7, 47, 32, 3, 30, 43, 43, 23, 43, 14, 31, 36, 26, 46, 15, 50, 42)","(88, 70, 5, 60, 49, 1, 46, 86, 77, 67, 86, 89, 31, 42, 35, 88, 82, 31, 57, 6)",834,839,True,0.0059594755661501785
602,independent,20,292,"(26, 22, 48, 30, 39, 25, 35, 3, 29, 29, 48, 21, 33, 9, 33, 32, 42, 26, 6, 49)","(24, 68, 39, 93, 62, 14, 74, 46, 79, 28, 83, 31, 18, 18, 8, 32, 22, 91, 5, 20)",673,673,False,0.0
603,independent,20,208,"(11, 37, 29, 37, 34, 4, 5, 4, 44, 30, 9, 12, 21, 16, 31, 44, 1, 5, 12, 29)","(71, 42, 2, 85, 98, 95, 59, 68, 81, 85, 53, 95, 12, 23, 13, 71, 1, 24, 38, 97)",891,891,False,0.0
604,independent,20,284,"(5, 25, 24, 37, 48, 30, 44, 13, 33, 32, 20, 21, 26, 4, 46, 45, 35, 27, 22, 31)","(26, 99, 88, 45, 51, 38, 65, 15, 48, 46, 86, 83, 5, 61, 26, 97, 59, 60, 5, 9)",772,772,False,0.0
605,independent,20,231,"(12, 28, 32, 4, 16, 40, 39, 5, 31, 4, 29, 12, 36, 32, 20, 14, 36, 10, 44, 18)","(74, 70, 13, 47, 61, 20, 56, 8, 9, 76, 61, 41, 53, 91, 73, 91, 99, 17, 7, 53)",845,845,False,0.0
606,independent,20,272,"(48, 24, 28, 23, 30, 29, 43, 42, 2, 22, 22, 48, 6, 35, 5, 14, 50, 36, 10, 28)","(8, 86, 85, 18, 61, 21, 24, 39, 97, 53, 13, 50, 54, 97, 64, 65, 5, 28, 83, 55)",850,857,True,0.008168028004667444
607,independent,20,214,"(45, 49, 9, 3, 33, 1, 11, 29, 29, 46, 37, 8, 27, 7, 4, 35, 18, 20, 15, 2)","(11, 15, 41, 21, 32, 88, 16, 8, 60, 38, 80, 12, 29, 55, 6, 80, 87, 9, 88, 19)",682,685,True,0.004379562043795621
608,independent,20,294,"(9, 14, 32, 39, 36, 43, 21, 41, 25, 24, 29, 41, 27, 40, 48, 17, 11, 26, 30, 36)","(86, 91, 88, 58, 47, 24, 1, 64, 16, 52, 82, 78, 80, 21, 58, 100, 51, 6, 50, 33)",822,830,True,0.00963855421686747
609,independent,20,240,"(41, 20, 12, 42, 15, 20, 1, 4, 23, 24, 30, 10, 31, 7, 44, 20, 44, 38, 31, 24)","(73, 6, 82, 28, 22, 96, 92, 72, 62, 60, 25, 10, 62, 68, 35, 40, 30, 44, 84, 37)",828,828,False,0.0
610,independent,20,238,"(29, 20, 24, 13, 44, 4, 1, 18, 38, 9, 19, 7, 49, 16, 2, 48, 49, 47, 26, 12)","(53, 37, 41, 47, 79, 20, 29, 66, 33, 96, 8, 40, 43, 33, 11, 56, 35, 12, 47, 6)",605,614,True,0.014657980456026058
611,independent,20,322,"(35, 41, 41, 36, 40, 13, 36, 41, 11, 38, 6, 46, 40, 1, 43, 32, 44, 50, 2, 48)","(45, 18, 44, 6, 60, 63, 71, 79, 29, 18, 32, 9, 7, 96, 49, 45, 81, 21, 29, 88)",718,722,True,0.00554016620498615
612,independent,20,274,"(15, 50, 39, 37, 15, 23, 45, 2, 28, 5, 31, 6, 15, 38, 29, 35, 17, 41, 41, 35)","(28, 71, 76, 97, 13, 40, 22, 9, 63, 51, 99, 10, 72, 25, 66, 70, 88, 64, 66, 14)",742,750,True,0.010666666666666666
613,independent,20,284,"(18, 8, 34, 30, 1, 37, 50, 25, 22, 38, 48, 38, 1, 38, 27, 42, 2, 31, 33, 44)","(17, 100, 59, 61, 13, 96, 65, 61, 15, 100, 55, 66, 55, 81, 71, 43, 49, 95, 23, 56)",848,848,False,0.0
614,independent,20,254,"(17, 39, 13, 38, 37, 2, 10, 37, 26, 11, 36, 24, 46, 31, 48, 14, 5, 12, 33, 30)","(30, 88, 11, 15, 14, 88, 25, 17, 59, 50, 41, 80, 53, 51, 48, 22, 68, 48, 70, 34)",713,713,False,0.0
615,independent,20,216,"(15, 5, 43, 10, 50, 25, 5, 23, 19, 11, 27, 36, 24, 14, 26, 50, 3, 15, 4, 26)","(49, 85, 23, 37, 44, 4, 72, 25, 60, 39, 31, 40, 88, 64, 5, 62, 22, 62, 22, 95)",757,766,True,0.01174934725848564
616,independent,20,222,"(2, 29, 35, 22, 9, 14, 34, 5, 9, 43, 43, 40, 16, 39, 46, 22, 3, 25, 2, 6)","(89, 67, 23, 67, 26, 37, 26, 83, 43, 82, 78, 93, 25, 80, 40, 92, 97, 76, 10, 25)",830,861,True,0.036004645760743324
617,independent,20,242,"(45, 30, 21, 42, 2, 29, 13, 50, 13, 30, 26, 27, 47, 24, 48, 1, 1, 13, 12, 11)","(61, 35, 11, 48, 54, 76, 63, 83, 18, 79, 46, 27, 18, 17, 12, 32, 38, 34, 12, 11)",596,601,True,0.008319467554076539
618,independent,20,272,"(30, 12, 8, 45, 45, 4, 48, 11, 17, 10, 48, 41, 26, 9, 45, 29, 27, 33, 47, 10)","(86, 57, 41, 23, 9, 21, 42, 40, 15, 94, 37, 29, 46, 7, 64, 58, 12, 99, 79, 18)",703,703,False,0.0
619,independent,20,214,"(33, 48, 31, 12, 1, 16, 8, 7, 4, 30, 22, 43, 43, 21, 42, 9, 30, 11, 4, 12)","(1, 20, 83, 70, 73, 18, 18, 55, 10, 87, 96, 46, 3, 79, 56, 35, 16, 16, 69, 62)",809,809,False,0.0
620,independent,20,252,"(15, 33, 39, 44, 49, 50, 13, 4, 16, 8, 16, 4, 6, 44, 33, 38, 8, 33, 21, 30)","(56, 61, 76, 11, 94, 62, 38, 19, 6, 49, 46, 86, 35, 4, 22, 62, 82, 10, 92, 10)",756,777,True,0.02702702702702703
621,independent,20,281,"(21, 40, 23, 23, 49, 37, 47, 44, 45, 29, 33, 21, 1, 50, 13, 15, 4, 24, 17, 26)","(79, 67, 100, 51, 67, 90, 40, 24, 63, 44, 53, 87, 91, 67, 25, 67, 32, 19, 95, 89)",926,926,False,0.0
622,independent,20,244,"(19, 50, 42, 1, 28, 26, 21, 36, 37, 4, 1, 12, 3, 49, 45, 35, 42, 7, 13, 17)","(8, 64, 40, 78, 1, 90, 20, 99, 21, 88, 64, 24, 28, 3, 36, 8, 86, 41, 88, 16)",790,790,False,0.0
623,independent,20,192,"(3, 11, 5, 38, 3, 43, 20, 7, 14, 25, 25, 22, 39, 36, 22, 50, 2, 14, 2, 2)","(49, 99, 49, 7, 13, 34, 89, 38, 8, 74, 83, 87, 83, 88, 14, 10, 61, 76, 92, 3)",909,910,True,0.001098901098901099
624,independent,20,254,"(13, 16, 19, 18, 20, 38, 4, 25, 31, 21, 50, 48, 4, 41, 43, 19, 40, 50, 5, 2)","(5, 28, 74, 44, 67, 84, 41, 79, 86, 38, 30, 52, 65, 76, 50, 5, 81, 32, 30, 21)",748,748,False,0.0
625,independent,20,273,"(27, 39, 6, 26, 32, 7, 22, 11, 47, 36, 44, 15, 38, 35, 40, 47, 32, 11, 6, 25)","(33, 78, 33, 42, 80, 92, 13, 16, 45, 75, 9, 29, 21, 64, 57, 78, 80, 74, 34, 4)",717,717,False,0.0
626,independent,20,262,"(24, 8, 2, 9, 50, 33, 14, 46, 16, 20, 48, 8, 44, 42, 6, 5, 31, 24, 48, 46)","(100, 29, 86, 82, 42, 50, 1, 64, 78, 97, 59, 1, 66, 94, 84, 16, 57, 35, 97, 64)",871,886,True,0.016930022573363433
627,independent,20,204,"(17, 38, 9, 2, 8, 11, 42, 35, 36, 13, 17, 11, 17, 18, 5, 31, 20, 30, 18, 29)","(94, 14, 29, 32, 54, 27, 66, 57, 91, 43, 96, 21, 94, 86, 14, 74, 98, 36, 68, 70)",847,855,True,0.00935672514619883
628,independent,20,266,"(26, 36, 47, 30, 9, 42, 31, 47, 12, 17, 41, 34, 20, 2, 30, 1, 33, 18, 6, 49)","(12, 72, 15, 19, 72, 57, 50, 61, 56, 75, 17, 46, 54, 25, 45, 49, 65, 26, 79, 82)",750,750,False,0.0
629,independent,20,229,"(4, 32, 1, 19, 34, 33, 39, 22, 26, 2, 5, 13, 23, 50, 6, 40, 24, 45, 1, 39)","(41, 75, 78, 1, 60, 45, 10, 54, 96, 88, 100, 12, 75, 45, 43, 34, 32, 28, 78, 100)",933,933,False,0.0
630,independent,20,284,"(30, 33, 39, 14, 47, 25, 25, 6, 14, 28, 44, 47, 26, 3, 27, 35, 39, 8, 33, 45)","(20, 11, 47, 33, 22, 78, 75, 28, 49, 65, 34, 21, 3, 81, 11, 39, 39, 22, 18, 42)",598,598,False,0.0
631,independent,20,277,"(19, 14, 39, 39, 33, 46, 9, 42, 49, 37, 40, 33, 3, 25, 20, 2, 50, 27, 3, 24)","(44, 23, 18, 28, 81, 37, 20, 47, 29, 70, 11, 93, 23, 71, 70, 19, 4, 26, 10, 95)",666,669,True,0.004484304932735426
632,independent,20,208,"(24, 35, 1, 40, 14, 24, 40, 27, 12, 16, 5, 26, 13, 3, 11, 18, 12, 28, 36, 32)","(30, 5, 39, 11, 36, 59, 83, 79, 22, 2, 55, 58, 79, 13, 84, 20, 42, 41, 63, 1)",669,669,False,0.0
633,independent,20,212,"(3, 4, 1, 1, 13, 49, 33, 27, 6, 17, 29, 39, 3, 43, 7, 44, 26, 12, 42, 26)","(48, 45, 11, 47, 23, 96, 57, 66, 97, 14, 7, 58, 7, 2, 81, 24, 89, 32, 98, 26)",754,767,True,0.01694915254237288
634,independent,20,239,"(9, 42, 1, 29, 33, 35, 50, 10, 23, 35, 25, 19, 16, 23, 9, 31, 36, 4, 29, 19)","(29, 95, 76, 68, 29, 99, 17, 49, 68, 18, 79, 11, 8, 93, 30, 89, 25, 57, 6, 54)",802,818,True,0.019559902200488997
635,independent,20,245,"(23, 50, 38, 18, 45, 9, 15, 39, 10, 24, 4, 44, 20, 1, 13, 31, 30, 37, 26, 13)","(45, 98, 60, 57, 9, 77, 73, 31, 34, 55, 77, 97, 21, 43, 36, 15, 22, 61, 73, 70)",790,801,True,0.01373283395755306
636,independent,20,232,"(13, 12, 34, 25, 17, 21, 36, 18, 3, 45, 43, 13, 8, 10, 7, 36, 34, 48, 37, 4)","(1, 88, 68, 56, 99, 52, 71, 94, 48, 4, 20, 33, 78, 45, 3, 8, 77, 82, 55, 43)",785,822,True,0.045012165450121655
637,independent,20,222,"(32, 18, 4, 26, 5, 44, 12, 50, 44, 17, 31, 1, 16, 5, 18, 49, 26, 25, 7, 15)","(26, 19, 58, 86, 19, 92, 5, 79, 86, 73, 50, 47, 23, 67, 36, 15, 4, 39, 19, 35)",668,668,False,0.0
638,independent,20,297,"(41, 31, 23, 25, 47, 21, 3, 50, 48, 49, 16, 29, 25, 19, 19, 29, 36, 16, 37, 30)","(30, 93, 93, 11, 17, 47, 95, 72, 39, 73, 92, 57, 92, 33, 10, 65, 72, 60, 18, 48)",857,872,True,0.017201834862385322
639,independent,20,262,"(46, 26, 42, 24, 33, 10, 48, 11, 36, 50, 12, 14, 19, 18, 2, 32, 19, 45, 31, 5)","(79, 88, 19, 4, 45, 26, 51, 92, 26, 9, 30, 54, 65, 48, 24, 15, 86, 72, 28, 38)",747,747,False,0.0
640,independent,20,256,"(2, 30, 4, 49, 43, 18, 25, 25, 26, 40, 26, 13, 47, 34, 12, 30, 8, 39, 7, 34)","(86, 23, 47, 25, 25, 64, 92, 36, 17, 39, 46, 13, 82, 45, 3, 30, 10, 61, 55, 73)",665,665,False,0.0
641,independent,20,268,"(25, 38, 28, 49, 34, 45, 3, 26, 28, 37, 12, 32, 44, 13, 26, 13, 42, 13, 3, 25)","(2, 10, 100, 48, 77, 51, 49, 93, 56, 88, 56, 69, 72, 48, 7, 3, 74, 2, 80, 89)",812,826,True,0.01694915254237288
642,independent,20,280,"(43, 27, 38, 50, 6, 27, 35, 24, 27, 27, 35, 28, 46, 13, 29, 27, 34, 4, 30, 10)","(33, 65, 61, 93, 43, 38, 73, 18, 65, 6, 82, 13, 12, 60, 9, 79, 20, 36, 15, 58)",715,715,False,0.0
643,independent,20,215,"(36, 49, 22, 13, 19, 23, 25, 13, 24, 3, 6, 26, 12, 15, 9, 11, 35, 39, 45, 5)","(50, 66, 68, 12, 32, 2, 82, 75, 59, 57, 54, 94, 50, 9, 48, 39, 5, 32, 20, 2)",710,710,False,0.0
644,independent,20,270,"(32, 28, 40, 38, 35, 14, 24, 32, 41, 47, 24, 6, 12, 33, 22, 3, 50, 10, 38, 11)","(41, 14, 58, 72, 23, 5, 65, 100, 87, 55, 89, 43, 18, 72, 75, 13, 40, 79, 29, 90)",808,808,False,0.0
645,independent,20,262,"(13, 10, 50, 19, 31, 14, 20, 2, 17, 18, 50, 22, 34, 5, 47, 47, 44, 46, 24, 11)","(80, 54, 14, 4, 99, 100, 35, 43, 41, 14, 70, 6, 87, 24, 6, 48, 42, 61, 15, 57)",751,751,False,0.0
646,independent,20,319,"(37, 21, 34, 13, 47, 25, 46, 28, 24, 42, 21, 50, 17, 48, 47, 35, 31, 18, 42, 12)","(76, 94, 79, 92, 69, 95, 48, 21, 72, 48, 70, 19, 4, 54, 60, 63, 42, 13, 41, 56)",821,826,True,0.006053268765133172
647,independent,20,214,"(43, 23, 5, 28, 22, 29, 15, 15, 17, 23, 3, 1, 17, 23, 10, 11, 33, 31, 40, 38)","(70, 84, 49, 97, 13, 62, 38, 32, 81, 79, 55, 50, 7, 11, 60, 36, 69, 24, 97, 85)",811,811,False,0.0
648,independent,20,254,"(42, 37, 36, 15, 27, 22, 37, 49, 7, 23, 9, 23, 27, 2, 34, 18, 25, 42, 17, 17)","(23, 41, 99, 15, 91, 63, 64, 76, 10, 14, 3, 73, 48, 17, 43, 3, 49, 4, 82, 15)",614,629,True,0.02384737678855326
649,independent,20,243,"(23, 23, 40, 6, 19, 22, 19, 15, 28, 46, 24, 20, 37, 21, 38, 9, 50, 13, 20, 13)","(29, 58, 77, 87, 5, 98, 54, 39, 77, 7, 36, 78, 93, 99, 33, 1, 45, 99, 96, 79)",957,957,False,0.0
650,independent,20,254,"(21, 44, 26, 29, 32, 9, 36, 31, 6, 38, 36, 23, 16, 14, 18, 48, 11, 2, 30, 38)","(86, 22, 58, 87, 27, 34, 22, 48, 31, 99, 3, 4, 76, 19, 9, 51, 19, 21, 60, 26)",647,647,False,0.0
651,independent,20,228,"(3, 9, 3, 45, 3, 19, 14, 37, 38, 44, 49, 41, 48, 2, 34, 24, 6, 25, 10, 3)","(73, 94, 15, 26, 32, 99, 46, 7, 95, 2, 3, 18, 76, 97, 45, 26, 81, 98, 76, 94)",1021,1021,False,0.0
652,independent,20,198,"(10, 38, 32, 23, 8, 14, 22, 18, 43, 1, 18, 38, 21, 3, 7, 7, 33, 29, 19, 13)","(68, 68, 94, 9, 91, 5, 57, 85, 57, 38, 8, 82, 39, 91, 28, 98, 60, 66, 89, 17)",887,887,False,0.0
653,independent,20,317,"(48, 38, 32, 29, 49, 25, 43, 27, 12, 33, 8, 40, 26, 7, 44, 44, 25, 41, 42, 21)","(64, 22, 36, 92, 88, 59, 71, 72, 58, 67, 31, 35, 28, 65, 27, 65, 15, 87, 39, 92)",782,788,True,0.007614213197969543
654,independent,20,266,"(43, 25, 21, 41, 7, 29, 17, 11, 19, 19, 44, 18, 46, 40, 2, 21, 30, 47, 28, 25)","(73, 81, 94, 81, 78, 63, 87, 59, 92, 9, 27, 18, 85, 36, 68, 59, 35, 9, 36, 12)",865,871,True,0.006888633754305396
655,independent,20,262,"(3, 19, 2, 29, 44, 38, 42, 9, 27, 23, 44, 36, 34, 36, 4, 49, 50, 23, 10, 1)","(25, 1, 26, 4, 69, 42, 17, 12, 72, 69, 80, 70, 67, 88, 35, 74, 27, 62, 60, 20)",686,688,True,0.0029069767441860465
656,independent,20,281,"(43, 44, 37, 4, 31, 33, 36, 15, 36, 39, 41, 9, 8, 2, 36, 48, 17, 7, 35, 41)","(91, 58, 14, 70, 9, 78, 12, 80, 86, 27, 12, 19, 73, 86, 81, 20, 68, 7, 2, 41)",797,812,True,0.01847290640394089
657,independent,20,269,"(39, 17, 17, 19, 1, 31, 32, 44, 4, 49, 17, 4, 46, 37, 21, 19, 37, 48, 36, 20)","(41, 41, 82, 56, 98, 94, 62, 63, 8, 1, 16, 100, 6, 58, 74, 99, 90, 53, 8, 90)",952,957,True,0.00522466039707419
658,independent,20,208,"(10, 5, 34, 44, 26, 3, 15, 26, 4, 19, 14, 1, 28, 21, 44, 34, 35, 18, 6, 29)","(37, 83, 56, 3, 59, 22, 2, 76, 87, 3, 99, 76, 65, 56, 17, 67, 98, 23, 80, 89)",927,927,False,0.0
659,independent,20,296,"(47, 50, 13, 49, 10, 18, 21, 18, 37, 30, 30, 13, 34, 42, 46, 9, 32, 41, 39, 14)","(38, 62, 2, 23, 76, 49, 52, 9, 50, 37, 46, 13, 56, 18, 98, 28, 16, 7, 69, 94)",655,655,False,0.0
660,independent,20,208,"(2, 42, 25, 6, 9, 8, 17, 2, 31, 37, 35, 44, 7, 5, 11, 21, 24, 31, 36, 22)","(87, 97, 33, 21, 86, 71, 49, 91, 70, 91, 81, 14, 23, 33, 2, 88, 98, 45, 83, 44)",889,893,True,0.004479283314669653
661,independent,20,299,"(12, 20, 35, 12, 15, 50, 3, 40, 38, 23, 45, 24, 34, 41, 38, 43, 34, 43, 28, 20)","(54, 11, 96, 42, 57, 78, 25, 52, 67, 77, 8, 23, 64, 13, 84, 42, 50, 34, 34, 91)",735,743,True,0.010767160161507403
662,independent,20,275,"(41, 2, 19, 50, 30, 33, 4, 33, 32, 29, 7, 26, 18, 20, 48, 50, 45, 31, 21, 11)","(15, 31, 33, 36, 83, 85, 77, 74, 71, 65, 60, 45, 11, 95, 71, 61, 86, 93, 83, 48)",898,898,False,0.0
663,independent,20,264,"(45, 8, 7, 42, 21, 48, 33, 39, 45, 42, 20, 48, 37, 11, 2, 8, 28, 6, 10, 29)","(79, 57, 99, 67, 13, 84, 55, 56, 26, 59, 92, 47, 24, 8, 94, 36, 76, 61, 88, 41)",888,889,True,0.0011248593925759281
664,independent,20,305,"(46, 31, 48, 9, 27, 26, 7, 25, 8, 40, 48, 20, 23, 12, 41, 40, 45, 38, 49, 27)","(66, 81, 75, 53, 17, 6, 48, 91, 74, 87, 41, 11, 87, 52, 66, 55, 29, 30, 78, 54)",788,792,True,0.005050505050505051
665,independent,20,236,"(34, 15, 29, 15, 17, 28, 42, 42, 11, 7, 9, 39, 31, 24, 32, 10, 11, 17, 11, 48)","(80, 65, 48, 64, 11, 81, 100, 33, 27, 96, 79, 91, 62, 93, 39, 77, 86, 17, 58, 5)",923,932,True,0.009656652360515022
666,independent,20,242,"(30, 28, 33, 36, 50, 22, 4, 25, 30, 16, 8, 7, 44, 11, 41, 35, 24, 19, 6, 14)","(49, 37, 2, 71, 92, 16, 19, 81, 75, 3, 35, 39, 20, 35, 79, 54, 90, 67, 40, 80)",714,732,True,0.02459016393442623
667,independent,20,264,"(7, 28, 27, 20, 11, 31, 32, 15, 44, 30, 27, 34, 4, 47, 6, 47, 29, 33, 36, 21)","(72, 85, 46, 47, 12, 82, 42, 21, 68, 72, 7, 18, 83, 84, 12, 58, 20, 74, 70, 3)",702,715,True,0.01818181818181818
668,independent,20,237,"(30, 2, 11, 12, 2, 9, 45, 28, 46, 10, 9, 31, 7, 41, 43, 14, 43, 33, 30, 28)","(16, 55, 5, 71, 80, 92, 96, 86, 47, 53, 85, 96, 96, 100, 72, 86, 94, 77, 58, 16)",1035,1035,False,0.0
669,independent,20,246,"(20, 34, 42, 20, 20, 11, 46, 37, 23, 21, 34, 33, 41, 5, 11, 18, 16, 23, 27, 10)","(77, 64, 25, 40, 91, 69, 82, 56, 48, 24, 49, 54, 89, 57, 68, 30, 72, 38, 85, 100)",860,864,True,0.004629629629629629
670,independent,20,255,"(37, 48, 27, 25, 17, 18, 1, 8, 43, 27, 25, 10, 19, 20, 27, 3, 26, 50, 33, 46)","(46, 25, 18, 52, 89, 56, 7, 19, 3, 71, 19, 40, 78, 42, 21, 73, 50, 68, 52, 53)",675,682,True,0.010263929618768328
671,independent,20,275,"(38, 25, 30, 22, 30, 8, 17, 26, 42, 17, 15, 31, 31, 41, 2, 47, 30, 34, 21, 43)","(18, 89, 49, 2, 3, 3, 69, 59, 58, 24, 94, 73, 14, 43, 45, 69, 40, 60, 89, 21)",723,725,True,0.002758620689655172
672,independent,20,184,"(2, 14, 12, 38, 6, 2, 1, 12, 32, 43, 2, 21, 50, 40, 1, 23, 10, 32, 2, 26)","(14, 84, 71, 33, 28, 34, 7, 95, 41, 97, 53, 37, 31, 90, 37, 44, 23, 68, 34, 72)",739,753,True,0.01859229747675963
673,independent,20,238,"(34, 29, 12, 24, 25, 15, 11, 9, 33, 20, 28, 7, 49, 41, 37, 20, 27, 10, 33, 13)","(46, 49, 4, 45, 89, 19, 79, 93, 90, 65, 27, 17, 54, 63, 92, 6, 2, 6, 93, 25)",713,720,True,0.009722222222222222
674,independent,20,230,"(26, 6, 41, 19, 5, 49, 39, 13, 12, 13, 17, 26, 40, 22, 33, 26, 10, 48, 10, 5)","(11, 19, 23, 44, 26, 50, 96, 49, 64, 39, 78, 93, 19, 29, 41, 42, 48, 30, 96, 47)",770,770,False,0.0
675,independent,20,247,"(14, 26, 19, 41, 20, 25, 40, 5, 4, 25, 10, 28, 44, 39, 42, 30, 12, 24, 31, 15)","(45, 97, 94, 63, 60, 6, 92, 29, 60, 86, 85, 67, 35, 7, 46, 40, 55, 91, 71, 83)",944,948,True,0.004219409282700422
676,independent,20,274,"(2, 40, 48, 36, 47, 26, 23, 23, 31, 5, 7, 21, 25, 24, 42, 20, 27, 40, 24, 37)","(86, 61, 72, 54, 41, 35, 92, 64, 25, 4, 34, 62, 14, 94, 94, 98, 93, 57, 31, 21)",836,843,True,0.00830367734282325
677,independent,20,320,"(41, 42, 44, 31, 30, 31, 49, 49, 26, 19, 28, 6, 45, 40, 40, 26, 41, 3, 21, 29)","(9, 9, 17, 75, 14, 78, 26, 12, 68, 87, 6, 42, 55, 29, 67, 68, 64, 74, 54, 48)",780,780,False,0.0
678,independent,20,177,"(8, 1, 1, 31, 46, 3, 47, 9, 7, 3, 25, 9, 37, 20, 48, 13, 8, 3, 8, 27)","(41, 43, 22, 96, 95, 93, 2, 73, 61, 65, 87, 53, 17, 28, 4, 96, 14, 40, 91, 30)",970,970,False,0.0
679,independent,20,245,"(42, 35, 23, 34, 36, 14, 27, 45, 23, 4, 23, 22, 3, 27, 19, 3, 12, 22, 34, 42)","(78, 50, 12, 14, 47, 69, 43, 67, 2, 8, 43, 56, 95, 6, 94, 21, 52, 54, 6, 82)",695,702,True,0.009971509971509971
680,independent,20,296,"(40, 38, 33, 23, 46, 34, 21, 9, 42, 37, 41, 37, 16, 22, 17, 40, 30, 18, 6, 42)","(63, 18, 70, 45, 50, 97, 57, 50, 57, 66, 89, 35, 84, 91, 84, 68, 80, 18, 71, 14)",884,886,True,0.002257336343115124
681,independent,20,256,"(27, 21, 30, 25, 31, 2, 34, 46, 39, 11, 10, 38, 13, 1, 32, 50, 41, 47, 12, 3)","(90, 15, 100, 7, 43, 16, 24, 84, 96, 80, 37, 82, 38, 91, 86, 91, 63, 56, 11, 14)",814,821,True,0.008526187576126675
682,independent,20,250,"(34, 13, 4, 43, 38, 27, 15, 27, 11, 17, 50, 6, 1, 1, 43, 38, 36, 40, 22, 34)","(30, 75, 51, 99, 59, 38, 26, 79, 97, 79, 6, 42, 84, 9, 34, 4, 56, 66, 58, 58)",823,836,True,0.01555023923444976
683,independent,20,264,"(26, 3, 13, 7, 4, 33, 50, 28, 30, 27, 14, 45, 49, 15, 32, 47, 19, 44, 37, 5)","(97, 36, 18, 72, 22, 23, 86, 99, 45, 8, 17, 64, 73, 9, 69, 18, 99, 43, 85, 9)",737,747,True,0.013386880856760375
684,independent,20,258,"(25, 39, 34, 29, 17, 29, 31, 48, 20, 10, 14, 42, 7, 2, 12, 19, 44, 23, 22, 49)","(85, 56, 70, 94, 83, 82, 25, 27, 33, 57, 90, 56, 50, 98, 34, 40, 1, 29, 5, 20)",872,872,False,0.0
685,independent,20,258,"(20, 16, 20, 1, 11, 20, 46, 9, 39, 6, 40, 50, 3, 21, 18, 48, 49, 15, 45, 38)","(11, 1, 78, 19, 79, 65, 84, 4, 34, 59, 21, 62, 87, 16, 25, 17, 65, 21, 86, 95)",718,742,True,0.03234501347708895
686,independent,20,270,"(34, 19, 44, 25, 43, 19, 8, 47, 34, 46, 7, 2, 34, 41, 5, 18, 23, 26, 23, 42)","(69, 38, 9, 56, 61, 87, 72, 85, 100, 67, 29, 35, 99, 44, 35, 69, 9, 24, 61, 20)",794,806,True,0.01488833746898263
687,independent,20,223,"(26, 40, 31, 1, 7, 15, 27, 26, 8, 6, 18, 24, 21, 7, 47, 27, 12, 46, 44, 13)","(18, 99, 81, 100, 66, 1, 64, 96, 64, 20, 90, 45, 43, 49, 79, 96, 78, 65, 24, 97)",1000,1000,False,0.0
688,independent,20,248,"(48, 21, 16, 45, 10, 13, 2, 8, 31, 30, 32, 48, 35, 46, 11, 5, 43, 36, 2, 13)","(35, 51, 66, 100, 33, 10, 59, 17, 65, 40, 59, 45, 41, 34, 90, 63, 68, 28, 67, 27)",765,765,False,0.0
689,independent,20,226,"(39, 22, 31, 36, 45, 6, 27, 7, 26, 5, 26, 18, 19, 1, 42, 37, 30, 13, 6, 16)","(21, 1, 76, 43, 27, 22, 61, 76, 100, 70, 57, 7, 34, 83, 50, 1, 49, 71, 50, 62)",811,812,True,0.0012315270935960591
690,independent,20,286,"(21, 30, 31, 5, 38, 42, 48, 44, 32, 14, 27, 35, 43, 11, 1, 15, 21, 46, 17, 50)","(93, 23, 93, 18, 40, 5, 78, 80, 10, 75, 13, 51, 64, 14, 15, 7, 62, 65, 81, 67)",710,711,True,0.0014064697609001407
691,independent,20,219,"(45, 9, 29, 21, 13, 20, 42, 7, 18, 43, 22, 3, 9, 21, 50, 5, 37, 25, 9, 10)","(20, 14, 37, 84, 81, 48, 77, 87, 46, 57, 24, 17, 30, 82, 75, 91, 35, 40, 75, 15)",787,793,True,0.007566204287515763
692,independent,20,236,"(2, 9, 30, 12, 3, 2, 39, 14, 36, 40, 29, 36, 31, 7, 11, 17, 42, 50, 18, 43)","(83, 71, 65, 58, 3, 99, 30, 29, 35, 56, 61, 52, 96, 44, 75, 98, 54, 100, 29, 84)",911,911,False,0.0
693,independent,20,298,"(31, 38, 23, 24, 15, 6, 47, 44, 35, 14, 45, 43, 24, 45, 37, 26, 42, 15, 31, 10)","(31, 85, 20, 2, 6, 4, 63, 34, 40, 54, 86, 52, 36, 86, 87, 12, 52, 35, 82, 26)",617,617,False,0.0
694,independent,20,272,"(45, 18, 45, 29, 19, 4, 4, 47, 30, 32, 38, 19, 1, 19, 40, 20, 39, 34, 46, 16)","(61, 99, 13, 55, 37, 92, 33, 47, 48, 2, 11, 21, 14, 90, 22, 73, 80, 61, 52, 26)",729,743,True,0.018842530282637954
695,independent,20,226,"(22, 16, 24, 28, 17, 10, 1, 20, 37, 13, 40, 18, 25, 47, 26, 12, 24, 24, 8, 40)","(94, 69, 71, 94, 40, 47, 60, 94, 99, 51, 16, 5, 74, 24, 78, 73, 35, 24, 31, 31)",876,876,False,0.0
696,independent,20,234,"(11, 29, 40, 16, 29, 28, 44, 33, 8, 43, 14, 24, 8, 3, 50, 7, 27, 20, 23, 11)","(31, 81, 64, 38, 22, 41, 43, 1, 12, 56, 5, 100, 49, 78, 27, 35, 95, 78, 34, 59)",754,761,True,0.009198423127463863
697,independent,20,214,"(9, 4, 50, 6, 30, 43, 5, 33, 1, 15, 2, 21, 1, 46, 20, 7, 16, 47, 43, 29)","(71, 35, 88, 42, 33, 24, 47, 70, 60, 93, 36, 25, 51, 24, 53, 85, 22, 35, 81, 82)",853,853,False,0.0
698,independent,20,229,"(24, 28, 9, 17, 29, 48, 29, 15, 2, 42, 22, 36, 11, 29, 24, 47, 8, 25, 11, 2)","(62, 57, 69, 17, 68, 20, 81, 33, 69, 45, 79, 95, 84, 29, 81, 36, 68, 86, 13, 90)",932,932,False,0.0
699,independent,20,266,"(24, 42, 35, 10, 2, 3, 45, 31, 14, 39, 8, 40, 37, 43, 28, 49, 4, 28, 44, 7)","(31, 7, 10, 4, 54, 21, 88, 20, 68, 7, 12, 80, 85, 100, 60, 82, 43, 47, 87, 69)",726,734,True,0.010899182561307902
700,independent,20,228,"(11, 29, 14, 40, 1, 36, 38, 16, 41, 12, 40, 21, 22, 26, 6, 6, 24, 26, 43, 3)","(25, 90, 68, 42, 78, 12, 21, 43, 37, 80, 38, 93, 91, 31, 68, 8, 71, 96, 73, 56)",932,932,False,0.0
701,independent,20,264,"(48, 32, 8, 38, 35, 31, 35, 19, 39, 10, 25, 21, 24, 17, 8, 45, 11, 34, 5, 42)","(36, 14, 71, 31, 29, 69, 6, 23, 16, 72, 6, 56, 43, 40, 99, 33, 70, 72, 72, 56)",757,757,False,0.0
702,independent,20,234,"(49, 7, 2, 18, 46, 30, 27, 18, 48, 12, 10, 43, 28, 25, 1, 6, 37, 16, 6, 40)","(97, 18, 99, 26, 38, 74, 10, 32, 73, 62, 94, 11, 96, 55, 92, 73, 83, 28, 47, 58)",922,922,False,0.0
703,independent,20,230,"(4, 10, 42, 27, 22, 1, 26, 47, 22, 11, 50, 10, 17, 12, 27, 8, 40, 38, 31, 15)","(41, 62, 32, 10, 14, 68, 30, 69, 52, 33, 33, 73, 31, 26, 12, 89, 39, 8, 6, 69)",682,682,False,0.0
704,independent,20,266,"(40, 46, 37, 25, 11, 29, 12, 24, 6, 13, 43, 41, 24, 14, 27, 39, 44, 2, 32, 24)","(48, 95, 40, 54, 42, 47, 22, 4, 93, 16, 90, 51, 31, 44, 46, 57, 65, 74, 48, 47)",685,689,True,0.005805515239477504
705,independent,20,251,"(50, 1, 20, 28, 20, 34, 47, 27, 7, 30, 20, 12, 44, 26, 34, 17, 35, 1, 17, 32)","(34, 38, 86, 62, 29, 93, 2, 87, 12, 97, 42, 72, 100, 70, 63, 51, 45, 56, 12, 31)",824,824,False,0.0
706,independent,20,255,"(40, 43, 48, 37, 31, 37, 39, 3, 24, 15, 16, 7, 25, 28, 1, 14, 25, 29, 41, 7)","(34, 86, 65, 71, 16, 71, 54, 35, 42, 20, 6, 33, 2, 48, 90, 69, 74, 23, 75, 20)",686,686,False,0.0
707,independent,20,288,"(2, 41, 33, 35, 43, 33, 36, 20, 32, 3, 5, 50, 7, 44, 42, 18, 42, 29, 36, 24)","(78, 43, 96, 60, 1, 68, 85, 15, 60, 82, 36, 56, 77, 36, 57, 91, 59, 31, 52, 79)",879,879,False,0.0
708,independent,20,276,"(8, 42, 19, 23, 39, 25, 39, 21, 26, 13, 13, 19, 42, 26, 43, 24, 28, 27, 50, 25)","(95, 45, 17, 99, 55, 27, 83, 32, 6, 54, 59, 30, 58, 18, 15, 36, 47, 16, 12, 14)",648,648,False,0.0
709,independent,20,202,"(35, 18, 16, 12, 32, 4, 27, 35, 16, 5, 17, 5, 23, 1, 29, 6, 48, 41, 24, 11)","(89, 7, 14, 16, 49, 2, 96, 70, 47, 82, 80, 67, 12, 50, 65, 38, 29, 12, 18, 70)",770,770,False,0.0
710,independent,20,326,"(25, 36, 45, 29, 35, 22, 41, 28, 1, 33, 10, 50, 47, 39, 46, 38, 27, 24, 39, 38)","(88, 58, 28, 38, 5, 39, 55, 90, 62, 69, 82, 49, 8, 38, 15, 9, 83, 41, 16, 90)",795,795,False,0.0
711,independent,20,264,"(40, 26, 28, 15, 16, 18, 41, 10, 43, 26, 29, 42, 16, 12, 18, 23, 47, 29, 25, 25)","(63, 90, 46, 56, 29, 62, 43, 13, 6, 1, 56, 19, 69, 25, 23, 11, 55, 60, 21, 50)",619,619,False,0.0
712,independent,20,202,"(19, 32, 6, 28, 4, 19, 45, 36, 43, 1, 23, 2, 4, 15, 34, 20, 47, 5, 14, 6)","(80, 63, 89, 26, 83, 57, 35, 26, 90, 18, 60, 52, 47, 62, 80, 30, 2, 28, 98, 58)",902,902,False,0.0
713,independent,20,208,"(25, 19, 31, 26, 5, 39, 24, 6, 34, 3, 50, 12, 2, 13, 34, 35, 3, 22, 26, 7)","(82, 47, 88, 85, 34, 57, 87, 88, 29, 29, 87, 83, 87, 10, 15, 58, 88, 88, 76, 11)",962,962,False,0.0
714,independent,20,184,"(50, 5, 8, 27, 5, 4, 12, 10, 36, 27, 39, 3, 49, 7, 21, 7, 41, 13, 1, 4)","(15, 42, 39, 94, 72, 29, 83, 87, 100, 28, 23, 89, 93, 4, 97, 52, 14, 93, 70, 91)",1066,1066,False,0.0
715,independent,20,245,"(33, 10, 6, 39, 23, 43, 26, 33, 15, 31, 22, 50, 3, 47, 20, 10, 23, 35, 18, 3)","(10, 31, 7, 18, 92, 92, 55, 75, 72, 71, 75, 13, 99, 78, 41, 64, 7, 57, 20, 71)",845,845,False,0.0
716,independent,20,267,"(11, 48, 9, 44, 11, 29, 47, 33, 5, 2, 39, 49, 10, 25, 30, 43, 25, 15, 50, 9)","(60, 32, 16, 63, 78, 75, 81, 57, 76, 52, 50, 55, 62, 37, 85, 31, 96, 84, 80, 95)",954,954,False,0.0
717,independent,20,298,"(16, 10, 39, 32, 5, 39, 4, 23, 46, 37, 44, 20, 44, 13, 34, 28, 48, 31, 50, 32)","(87, 99, 30, 32, 3, 45, 76, 83, 98, 55, 4, 91, 56, 37, 73, 97, 81, 12, 68, 26)",880,893,True,0.014557670772676373
718,independent,20,278,"(17, 41, 31, 9, 45, 43, 19, 50, 42, 24, 42, 30, 44, 33, 1, 2, 40, 24, 16, 3)","(97, 29, 56, 52, 53, 70, 61, 96, 70, 85, 77, 93, 95, 53, 29, 48, 15, 86, 81, 2)",900,900,False,0.0
719,independent,20,232,"(18, 8, 12, 18, 27, 22, 28, 42, 35, 33, 23, 27, 16, 36, 24, 13, 9, 30, 6, 37)","(90, 87, 66, 80, 86, 84, 89, 70, 89, 81, 80, 33, 27, 4, 48, 51, 63, 74, 51, 43)",916,928,True,0.01293103448275862
720,independent,20,253,"(48, 1, 13, 29, 6, 3, 29, 40, 20, 20, 20, 16, 19, 48, 34, 29, 11, 41, 29, 50)","(20, 96, 99, 60, 61, 78, 98, 55, 39, 46, 57, 47, 64, 59, 33, 2, 21, 60, 32, 72)",826,842,True,0.019002375296912115
721,independent,20,256,"(10, 27, 49, 23, 41, 38, 10, 16, 1, 13, 29, 49, 36, 30, 29, 50, 41, 1, 11, 7)","(94, 24, 92, 62, 54, 60, 46, 40, 91, 58, 89, 91, 74, 5, 50, 72, 42, 23, 38, 78)",876,876,False,0.0
722,independent,20,262,"(40, 10, 20, 28, 10, 15, 47, 42, 17, 11, 50, 41, 6, 2, 24, 26, 50, 41, 40, 4)","(90, 24, 69, 36, 35, 96, 80, 70, 23, 38, 61, 14, 97, 23, 44, 76, 55, 30, 29, 14)",756,756,False,0.0
723,independent,20,260,"(35, 14, 13, 17, 49, 10, 4, 46, 32, 35, 30, 9, 11, 43, 46, 46, 23, 2, 8, 47)","(23, 35, 96, 35, 74, 60, 88, 91, 55, 4, 27, 46, 76, 32, 91, 34, 34, 60, 16, 38)",783,807,True,0.02973977695167286
724,independent,20,285,"(47, 49, 46, 44, 13, 22, 13, 38, 17, 26, 38, 22, 23, 2, 15, 41, 38, 9, 45, 22)","(38, 6, 15, 37, 55, 15, 86, 53, 47, 37, 71, 58, 61, 54, 9, 27, 64, 57, 5, 69)",727,727,False,0.0
725,independent,20,212,"(6, 4, 36, 21, 9, 14, 16, 31, 14, 5, 39, 10, 25, 7, 22, 22, 24, 45, 49, 26)","(64, 1, 70, 71, 87, 43, 53, 16, 4, 71, 41, 66, 79, 90, 31, 43, 52, 92, 52, 92)",861,861,False,0.0
726,independent,20,240,"(17, 23, 5, 41, 6, 3, 36, 3, 3, 35, 32, 41, 29, 42, 33, 7, 32, 48, 10, 35)","(97, 53, 51, 19, 62, 82, 65, 84, 35, 23, 48, 53, 87, 49, 13, 41, 67, 60, 9, 9)",825,825,False,0.0
727,independent,20,264,"(34, 34, 45, 31, 39, 5, 22, 45, 50, 40, 8, 11, 38, 1, 36, 12, 19, 18, 31, 10)","(22, 8, 87, 21, 68, 37, 19, 32, 29, 14, 67, 45, 19, 4, 34, 46, 94, 97, 12, 76)",695,696,True,0.0014367816091954023
728,independent,20,252,"(3, 40, 36, 7, 1, 22, 10, 23, 23, 33, 39, 32, 26, 30, 32, 22, 42, 24, 43, 16)","(57, 92, 82, 89, 45, 90, 79, 9, 10, 72, 31, 61, 85, 99, 6, 50, 63, 97, 91, 10)",875,916,True,0.04475982532751092
729,independent,20,308,"(45, 19, 44, 50, 16, 11, 30, 31, 39, 41, 6, 37, 43, 9, 12, 43, 37, 37, 40, 27)","(42, 74, 13, 76, 45, 11, 98, 25, 16, 15, 1, 2, 98, 88, 14, 59, 74, 34, 18, 19)",671,671,False,0.0
730,independent,20,288,"(20, 40, 38, 41, 11, 19, 43, 46, 41, 40, 6, 24, 24, 14, 30, 18, 45, 42, 31, 2)","(16, 37, 69, 63, 21, 37, 32, 60, 87, 2, 86, 15, 64, 54, 72, 31, 83, 10, 88, 51)",743,743,False,0.0
731,independent,20,266,"(47, 45, 7, 25, 7, 49, 25, 17, 36, 18, 8, 26, 30, 17, 29, 50, 17, 37, 20, 21)","(9, 69, 1, 57, 88, 66, 75, 68, 35, 99, 82, 2, 28, 44, 87, 54, 65, 16, 34, 59)",828,828,False,0.0
732,independent,20,269,"(43, 25, 41, 16, 47, 34, 10, 43, 6, 42, 43, 12, 29, 1, 2, 45, 44, 28, 11, 16)","(16, 84, 82, 10, 13, 52, 99, 78, 23, 46, 80, 48, 21, 62, 22, 46, 48, 42, 53, 60)",753,762,True,0.011811023622047244
733,independent,20,260,"(27, 29, 50, 10, 48, 8, 15, 14, 14, 50, 47, 36, 29, 15, 45, 1, 48, 17, 16, 1)","(82, 18, 70, 82, 57, 96, 39, 100, 50, 100, 94, 93, 77, 36, 32, 71, 10, 13, 30, 60)",929,944,True,0.015889830508474576
734,independent,20,298,"(44, 17, 50, 36, 12, 33, 47, 44, 12, 47, 36, 47, 31, 22, 22, 8, 22, 38, 19, 9)","(44, 87, 46, 84, 8, 46, 14, 4, 13, 67, 64, 80, 84, 60, 98, 36, 39, 35, 52, 45)",750,757,True,0.009247027741083224
735,independent,20,224,"(28, 2, 32, 13, 21, 6, 47, 26, 37, 25, 21, 1, 9, 16, 20, 2, 37, 45, 25, 34)","(17, 70, 9, 7, 71, 3, 13, 26, 19, 58, 78, 100, 96, 16, 73, 48, 13, 84, 45, 96)",835,835,False,0.0
736,independent,20,252,"(17, 5, 32, 25, 5, 33, 10, 50, 47, 45, 7, 6, 17, 2, 32, 44, 15, 37, 32, 44)","(9, 5, 13, 68, 94, 38, 39, 44, 7, 57, 77, 65, 77, 19, 15, 83, 98, 5, 56, 27)",776,776,False,0.0
737,independent,20,242,"(1, 13, 13, 22, 18, 37, 7, 44, 18, 16, 38, 28, 15, 47, 13, 25, 31, 11, 41, 47)","(74, 1, 25, 94, 97, 64, 73, 9, 56, 76, 28, 73, 18, 100, 27, 31, 82, 49, 2, 90)",844,844,False,0.0
738,independent,20,230,"(11, 17, 11, 41, 21, 5, 9, 12, 45, 4, 27, 20, 25, 43, 13, 40, 14, 44, 30, 29)","(12, 95, 18, 37, 74, 52, 96, 3, 43, 39, 14, 16, 71, 23, 26, 89, 89, 51, 94, 44)",799,799,False,0.0
739,independent,20,264,"(13, 45, 31, 12, 9, 5, 26, 12, 27, 41, 40, 22, 38, 43, 44, 37, 37, 21, 23, 3)","(96, 46, 91, 86, 5, 52, 28, 93, 97, 70, 42, 37, 13, 92, 99, 88, 1, 52, 56, 44)",896,899,True,0.0033370411568409346
740,independent,20,250,"(37, 3, 16, 5, 7, 16, 20, 36, 24, 14, 34, 44, 45, 44, 35, 2, 16, 9, 46, 47)","(100, 37, 22, 92, 100, 31, 21, 95, 94, 21, 19, 38, 40, 69, 68, 15, 9, 58, 63, 59)",802,802,False,0.0
741,independent,20,284,"(15, 47, 27, 23, 50, 14, 19, 42, 31, 9, 28, 50, 30, 27, 34, 20, 8, 37, 11, 45)","(68, 3, 59, 11, 14, 89, 42, 2, 26, 58, 14, 42, 79, 3, 26, 44, 76, 35, 91, 99)",766,773,True,0.009055627425614488
742,independent,20,209,"(27, 9, 8, 39, 4, 12, 28, 6, 23, 49, 39, 10, 27, 20, 4, 35, 17, 24, 22, 15)","(40, 75, 93, 81, 56, 36, 81, 82, 95, 27, 12, 35, 39, 64, 22, 94, 4, 2, 40, 70)",843,862,True,0.022041763341067284
743,independent,20,288,"(45, 38, 2, 28, 22, 20, 48, 44, 39, 48, 19, 40, 34, 9, 5, 29, 15, 43, 28, 19)","(37, 6, 51, 94, 32, 71, 33, 35, 12, 10, 88, 83, 98, 38, 93, 61, 9, 24, 76, 82)",876,876,False,0.0
744,independent,20,237,"(20, 22, 7, 23, 21, 19, 19, 9, 21, 36, 20, 49, 26, 24, 32, 7, 10, 43, 32, 34)","(69, 67, 1, 41, 34, 21, 36, 18, 16, 41, 85, 58, 65, 25, 57, 22, 15, 52, 6, 33)",531,535,True,0.007476635514018692
745,independent,20,267,"(15, 43, 24, 2, 35, 26, 41, 37, 31, 47, 46, 44, 34, 19, 32, 14, 10, 21, 2, 11)","(89, 71, 21, 53, 51, 55, 84, 68, 78, 87, 17, 75, 5, 40, 89, 17, 86, 97, 78, 6)",853,864,True,0.01273148148148148
746,independent,20,291,"(28, 11, 30, 48, 42, 13, 45, 15, 49, 22, 10, 30, 43, 31, 33, 4, 33, 42, 16, 37)","(65, 51, 73, 65, 85, 91, 89, 22, 82, 46, 55, 95, 78, 77, 95, 18, 68, 43, 85, 99)",872,894,True,0.024608501118568233
747,independent,20,226,"(20, 8, 29, 19, 34, 50, 13, 1, 22, 15, 34, 18, 6, 20, 29, 35, 46, 27, 1, 24)","(81, 100, 35, 65, 56, 89, 87, 11, 55, 34, 47, 49, 74, 4, 62, 88, 23, 72, 100, 57)",873,901,True,0.03107658157602664
748,independent,20,242,"(5, 21, 25, 22, 22, 27, 36, 1, 43, 44, 4, 2, 3, 45, 33, 6, 26, 45, 46, 27)","(24, 40, 6, 57, 87, 85, 75, 86, 61, 16, 81, 76, 27, 42, 46, 51, 79, 45, 26, 10)",829,835,True,0.00718562874251497
749,independent,20,328,"(49, 44, 49, 11, 21, 41, 49, 30, 17, 40, 27, 45, 21, 39, 32, 13, 23, 44, 40, 20)","(59, 58, 83, 56, 88, 3, 65, 86, 3, 10, 6, 81, 66, 87, 49, 35, 2, 84, 62, 89)",804,804,False,0.0
750,independent,20,257,"(21, 9, 30, 8, 7, 45, 40, 17, 27, 25, 32, 12, 50, 28, 33, 38, 3, 7, 37, 45)","(55, 31, 75, 6, 81, 40, 46, 14, 53, 8, 77, 24, 11, 74, 56, 57, 79, 37, 97, 44)",745,745,False,0.0
751,independent,20,232,"(49, 34, 21, 36, 22, 13, 2, 8, 15, 35, 21, 2, 35, 50, 9, 33, 21, 3, 50, 5)","(94, 15, 56, 99, 70, 96, 84, 98, 18, 76, 40, 53, 64, 36, 90, 73, 86, 11, 22, 61)",993,993,False,0.0
752,independent,20,295,"(34, 3, 26, 42, 47, 10, 25, 22, 30, 31, 2, 43, 49, 43, 21, 12, 31, 33, 36, 50)","(93, 44, 12, 93, 34, 40, 11, 96, 94, 23, 54, 17, 40, 87, 4, 53, 51, 27, 74, 58)",791,791,False,0.0
753,independent,20,273,"(49, 5, 43, 3, 43, 4, 27, 18, 43, 47, 17, 38, 2, 50, 26, 30, 15, 45, 27, 14)","(47, 42, 21, 69, 86, 61, 59, 90, 3, 6, 24, 38, 9, 57, 98, 85, 12, 11, 2, 6)",718,718,False,0.0
754,independent,20,212,"(12, 32, 41, 8, 8, 16, 47, 6, 45, 7, 44, 2, 8, 24, 9, 42, 18, 5, 35, 16)","(96, 18, 23, 86, 4, 19, 65, 28, 60, 56, 90, 53, 20, 60, 45, 64, 54, 18, 45, 3)",693,695,True,0.0028776978417266188
755,independent,20,273,"(34, 22, 5, 39, 14, 47, 19, 48, 27, 17, 37, 30, 30, 30, 19, 13, 39, 34, 39, 3)","(52, 39, 39, 48, 45, 1, 93, 83, 57, 39, 40, 88, 20, 79, 41, 99, 50, 17, 5, 32)",734,753,True,0.025232403718459494
756,independent,20,281,"(30, 40, 24, 7, 15, 38, 21, 26, 12, 35, 30, 37, 34, 47, 11, 18, 35, 33, 41, 28)","(35, 78, 93, 13, 72, 24, 100, 31, 47, 7, 56, 92, 42, 45, 69, 51, 72, 90, 4, 16)",820,820,False,0.0
757,independent,20,238,"(26, 12, 13, 19, 50, 17, 20, 33, 31, 44, 16, 42, 29, 27, 22, 8, 26, 3, 27, 12)","(69, 59, 58, 54, 23, 97, 41, 3, 32, 94, 59, 59, 38, 93, 7, 8, 83, 55, 87, 78)",841,858,True,0.019813519813519812
758,independent,20,296,"(22, 34, 17, 49, 43, 27, 47, 27, 31, 15, 50, 15, 37, 6, 30, 31, 23, 23, 40, 26)","(9, 88, 66, 64, 69, 95, 1, 84, 85, 36, 23, 23, 87, 24, 24, 3, 11, 62, 99, 34)",760,771,True,0.014267185473411154
759,independent,20,224,"(4, 5, 50, 29, 31, 38, 1, 37, 6, 12, 31, 10, 5, 39, 21, 3, 44, 30, 41, 12)","(69, 41, 26, 15, 65, 4, 92, 48, 4, 1, 72, 72, 22, 16, 79, 52, 27, 6, 86, 31)",734,734,False,0.0
760,independent,20,219,"(9, 22, 14, 25, 22, 35, 30, 42, 14, 12, 2, 33, 43, 1, 13, 27, 19, 39, 1, 35)","(14, 14, 1, 83, 72, 62, 69, 82, 45, 72, 1, 39, 98, 38, 70, 27, 42, 7, 70, 92)",752,752,False,0.0
761,independent,20,269,"(15, 50, 15, 17, 21, 8, 22, 1, 36, 46, 48, 10, 37, 20, 14, 36, 41, 38, 49, 14)","(79, 87, 80, 75, 97, 75, 27, 13, 85, 39, 51, 51, 25, 9, 49, 21, 50, 53, 45, 39)",810,810,False,0.0
762,independent,20,190,"(41, 11, 16, 6, 14, 13, 16, 8, 11, 4, 46, 21, 23, 20, 8, 27, 9, 38, 7, 40)","(48, 50, 99, 43, 83, 4, 95, 14, 89, 28, 69, 1, 46, 96, 65, 5, 60, 97, 54, 58)",905,905,False,0.0
763,independent,20,255,"(40, 32, 4, 7, 21, 43, 10, 45, 41, 9, 23, 31, 8, 17, 16, 47, 46, 28, 17, 25)","(4, 16, 66, 95, 67, 91, 89, 94, 69, 79, 43, 62, 77, 85, 70, 82, 100, 74, 46, 21)",982,987,True,0.005065856129685917
764,independent,20,224,"(43, 5, 41, 26, 16, 50, 3, 50, 23, 8, 23, 10, 40, 7, 7, 7, 34, 10, 19, 26)","(21, 54, 65, 65, 18, 35, 18, 62, 54, 83, 88, 40, 19, 13, 59, 96, 45, 88, 24, 54)",801,809,True,0.009888751545117428
765,independent,20,268,"(3, 16, 18, 12, 34, 48, 49, 40, 4, 12, 47, 26, 34, 43, 13, 31, 46, 46, 6, 7)","(62, 54, 23, 13, 78, 99, 7, 51, 33, 35, 17, 50, 95, 55, 58, 34, 7, 44, 18, 38)",698,698,False,0.0
766,independent,20,263,"(18, 23, 22, 46, 20, 33, 22, 50, 42, 37, 40, 19, 39, 14, 5, 28, 17, 7, 19, 25)","(29, 36, 89, 19, 71, 13, 93, 96, 85, 60, 46, 60, 5, 55, 57, 5, 81, 41, 36, 61)",825,825,False,0.0
767,independent,20,308,"(47, 7, 31, 45, 19, 23, 40, 31, 21, 17, 34, 35, 29, 34, 9, 46, 47, 42, 46, 14)","(14, 81, 27, 59, 20, 76, 56, 44, 72, 29, 58, 18, 52, 51, 49, 6, 94, 41, 1, 51)",713,713,False,0.0
768,independent,20,220,"(6, 30, 15, 10, 48, 1, 13, 19, 14, 18, 41, 24, 34, 45, 13, 12, 44, 38, 1, 14)","(34, 38, 64, 82, 72, 95, 6, 16, 87, 90, 5, 76, 39, 65, 66, 10, 86, 11, 23, 45)",830,830,False,0.0
769,independent,20,226,"(1, 40, 7, 23, 35, 11, 5, 37, 2, 39, 4, 39, 12, 32, 17, 17, 33, 28, 24, 45)","(22, 81, 69, 1, 66, 90, 27, 56, 74, 32, 88, 76, 61, 73, 10, 59, 35, 40, 43, 13)",796,804,True,0.009950248756218905
770,independent,20,345,"(25, 50, 50, 48, 22, 38, 42, 45, 14, 27, 48, 23, 39, 48, 42, 35, 49, 3, 12, 30)","(23, 58, 17, 5, 6, 68, 89, 93, 52, 96, 73, 49, 33, 19, 98, 4, 99, 64, 74, 61)",843,855,True,0.014035087719298246
771,independent,20,269,"(25, 12, 25, 20, 37, 35, 25, 39, 45, 3, 44, 6, 20, 33, 20, 45, 25, 43, 28, 8)","(20, 60, 10, 39, 19, 46, 85, 1, 91, 98, 3, 62, 76, 36, 17, 95, 55, 28, 22, 26)",750,753,True,0.00398406374501992
772,independent,20,216,"(7, 22, 4, 10, 31, 45, 3, 6, 17, 48, 44, 11, 49, 2, 14, 7, 27, 18, 31, 36)","(71, 87, 25, 42, 36, 87, 24, 42, 88, 87, 90, 58, 40, 34, 63, 76, 44, 69, 65, 13)",834,856,True,0.02570093457943925
773,independent,20,315,"(12, 44, 46, 36, 46, 44, 40, 17, 29, 10, 14, 16, 49, 8, 16, 38, 46, 49, 44, 26)","(64, 47, 42, 64, 58, 23, 11, 16, 94, 81, 16, 36, 90, 79, 16, 61, 93, 74, 23, 41)",735,752,True,0.022606382978723406
774,independent,20,274,"(20, 8, 32, 46, 11, 48, 42, 42, 7, 11, 39, 44, 29, 43, 33, 21, 5, 20, 26, 21)","(2, 74, 57, 91, 29, 35, 57, 61, 82, 71, 42, 85, 85, 20, 97, 51, 75, 73, 86, 10)",899,905,True,0.0066298342541436465
775,independent,20,236,"(32, 11, 28, 2, 9, 21, 40, 33, 7, 31, 6, 32, 29, 50, 20, 24, 44, 10, 6, 38)","(3, 82, 54, 2, 89, 85, 77, 67, 73, 98, 38, 38, 25, 21, 57, 44, 37, 73, 55, 94)",867,890,True,0.025842696629213482
776,independent,20,283,"(29, 47, 28, 31, 37, 30, 28, 36, 34, 38, 42, 3, 11, 11, 18, 10, 32, 43, 24, 34)","(78, 89, 15, 1, 80, 96, 88, 76, 3, 30, 6, 51, 12, 87, 100, 7, 96, 10, 22, 53)",853,853,False,0.0
777,independent,20,238,"(15, 29, 37, 22, 49, 29, 40, 25, 19, 8, 5, 7, 1, 37, 19, 18, 41, 14, 33, 27)","(58, 48, 35, 69, 6, 86, 71, 77, 16, 89, 43, 95, 83, 44, 75, 14, 86, 40, 17, 76)",893,893,False,0.0
778,independent,20,201,"(3, 9, 24, 14, 41, 31, 1, 22, 35, 8, 43, 38, 3, 15, 13, 35, 10, 20, 22, 15)","(45, 98, 85, 53, 39, 80, 22, 84, 80, 12, 30, 51, 72, 57, 50, 4, 13, 80, 67, 24)",829,829,False,0.0
779,independent,20,278,"(37, 12, 33, 15, 19, 32, 30, 42, 14, 40, 10, 18, 27, 14, 47, 44, 41, 47, 20, 14)","(70, 52, 25, 37, 24, 36, 79, 93, 76, 95, 72, 25, 12, 85, 89, 49, 90, 21, 66, 6)",815,815,False,0.0
780,independent,20,216,"(13, 21, 45, 30, 27, 8, 5, 41, 33, 2, 7, 42, 25, 35, 14, 9, 19, 36, 3, 17)","(91, 92, 24, 28, 53, 77, 10, 71, 94, 24, 10, 47, 88, 83, 42, 40, 31, 45, 49, 75)",818,818,False,0.0
781,independent,20,241,"(14, 26, 21, 5, 7, 45, 38, 13, 29, 41, 17, 39, 26, 8, 10, 48, 10, 36, 8, 41)","(32, 20, 62, 35, 99, 93, 49, 56, 75, 44, 13, 20, 39, 69, 57, 72, 7, 66, 5, 31)",703,716,True,0.018156424581005588
782,independent,20,250,"(43, 17, 33, 30, 17, 19, 30, 13, 28, 11, 12, 43, 16, 46, 39, 12, 6, 9, 50, 27)","(15, 41, 46, 42, 36, 43, 23, 83, 49, 76, 84, 60, 49, 31, 2, 95, 50, 45, 83, 55)",789,795,True,0.007547169811320755
783,independent,20,234,"(36, 14, 30, 18, 13, 37, 46, 36, 5, 42, 9, 20, 17, 27, 47, 6, 35, 4, 26, 1)","(77, 26, 52, 95, 14, 80, 14, 22, 82, 32, 61, 28, 57, 23, 23, 62, 36, 4, 29, 90)",753,753,False,0.0
784,independent,20,257,"(28, 3, 16, 42, 22, 31, 28, 9, 16, 38, 26, 25, 43, 40, 25, 47, 29, 9, 31, 6)","(78, 40, 40, 38, 62, 48, 43, 4, 12, 44, 91, 22, 85, 99, 71, 54, 41, 85, 37, 65)",764,764,False,0.0
785,independent,20,256,"(33, 12, 45, 10, 38, 25, 18, 17, 42, 47, 5, 4, 26, 26, 28, 36, 32, 26, 10, 31)","(13, 51, 4, 91, 77, 17, 52, 99, 90, 33, 22, 16, 84, 33, 65, 61, 64, 53, 73, 72)",801,810,True,0.011111111111111112
786,independent,20,236,"(24, 46, 42, 11, 47, 6, 21, 44, 11, 37, 20, 2, 20, 26, 12, 1, 38, 31, 30, 2)","(7, 36, 28, 75, 83, 14, 15, 71, 18, 17, 69, 87, 69, 47, 17, 62, 28, 29, 27, 69)",710,710,False,0.0
787,independent,20,267,"(20, 41, 10, 40, 17, 42, 32, 43, 27, 1, 26, 39, 6, 47, 34, 25, 23, 20, 5, 36)","(62, 64, 48, 12, 96, 81, 23, 31, 75, 4, 100, 78, 90, 58, 54, 42, 37, 87, 20, 6)",820,820,False,0.0
788,independent,20,260,"(38, 1, 12, 45, 34, 41, 21, 41, 26, 28, 37, 5, 2, 3, 34, 4, 24, 28, 50, 47)","(62, 46, 84, 18, 26, 21, 82, 32, 30, 97, 98, 30, 76, 46, 81, 74, 83, 70, 22, 52)",929,929,False,0.0
789,independent,20,275,"(31, 41, 32, 26, 20, 20, 34, 39, 47, 23, 20, 42, 18, 15, 30, 14, 33, 12, 47, 6)","(91, 5, 18, 69, 68, 75, 27, 43, 39, 39, 47, 25, 71, 49, 80, 46, 95, 86, 54, 76)",892,892,False,0.0
790,independent,20,287,"(41, 19, 48, 32, 38, 17, 3, 19, 18, 8, 30, 41, 11, 37, 47, 13, 32, 32, 49, 39)","(93, 58, 11, 72, 18, 74, 35, 5, 43, 66, 7, 93, 94, 82, 97, 19, 25, 36, 20, 53)",826,826,False,0.0
791,independent,20,271,"(44, 39, 14, 11, 34, 22, 15, 43, 19, 10, 34, 29, 42, 37, 1, 47, 25, 41, 31, 4)","(27, 2, 22, 53, 4, 37, 78, 35, 22, 34, 72, 72, 10, 44, 8, 75, 25, 6, 38, 96)",629,638,True,0.014106583072100314
792,independent,20,286,"(37, 50, 28, 46, 28, 9, 6, 22, 37, 14, 31, 4, 33, 31, 7, 48, 24, 45, 50, 23)","(67, 97, 66, 14, 66, 9, 73, 26, 13, 41, 43, 94, 29, 65, 38, 59, 42, 37, 74, 37)",729,729,False,0.0
793,independent,20,322,"(40, 18, 35, 45, 17, 38, 13, 44, 42, 36, 36, 36, 37, 36, 43, 45, 42, 24, 10, 6)","(96, 13, 4, 58, 59, 25, 50, 59, 13, 48, 62, 13, 98, 76, 45, 58, 79, 6, 15, 8)",650,652,True,0.003067484662576687
794,independent,20,260,"(20, 34, 20, 27, 3, 40, 16, 46, 38, 13, 36, 18, 24, 12, 21, 23, 24, 40, 46, 20)","(21, 12, 54, 9, 1, 83, 45, 3, 13, 10, 97, 91, 78, 5, 76, 76, 95, 19, 14, 97)",803,803,False,0.0
795,independent,20,223,"(26, 32, 19, 50, 22, 13, 2, 9, 25, 14, 2, 45, 3, 42, 26, 49, 15, 26, 3, 23)","(59, 22, 40, 26, 31, 77, 55, 21, 7, 71, 96, 57, 85, 61, 97, 86, 61, 77, 95, 77)",972,976,True,0.004098360655737705
796,independent,20,250,"(36, 31, 40, 28, 29, 31, 4, 39, 27, 1, 4, 48, 21, 19, 6, 28, 12, 17, 43, 37)","(57, 69, 50, 56, 67, 3, 81, 58, 98, 76, 97, 92, 12, 65, 34, 36, 2, 62, 42, 78)",840,854,True,0.01639344262295082
797,independent,20,195,"(39, 9, 31, 31, 1, 18, 44, 8, 21, 22, 4, 7, 13, 4, 19, 22, 30, 12, 21, 34)","(51, 11, 75, 65, 82, 46, 63, 80, 97, 66, 70, 98, 25, 100, 52, 16, 58, 24, 78, 43)",909,913,True,0.004381161007667032
798,independent,20,244,"(27, 28, 27, 18, 6, 35, 32, 12, 22, 15, 18, 5, 12, 50, 41, 35, 24, 35, 32, 14)","(36, 6, 30, 59, 92, 98, 19, 76, 41, 48, 36, 41, 26, 70, 5, 6, 29, 76, 40, 38)",701,701,False,0.0
799,independent,20,203,"(13, 25, 1, 12, 2, 1, 24, 47, 9, 44, 5, 40, 35, 1, 37, 45, 7, 12, 24, 22)","(83, 61, 86, 51, 23, 7, 59, 46, 64, 74, 87, 53, 2, 99, 50, 6, 96, 94, 46, 53)",983,983,False,0.0
800,independent,20,280,"(43, 38, 31, 50, 21, 3, 14, 14, 35, 36, 28, 23, 21, 3, 11, 37, 48, 46, 45, 12)","(64, 7, 58, 66, 91, 64, 79, 8, 19, 45, 23, 39, 45, 22, 59, 29, 13, 1, 66, 92)",745,745,False,0.0
801,independent,20,268,"(7, 23, 50, 7, 40, 9, 34, 31, 41, 20, 38, 7, 11, 18, 34, 39, 38, 29, 34, 26)","(27, 15, 64, 64, 11, 43, 27, 20, 89, 90, 37, 98, 43, 81, 79, 92, 64, 38, 50, 72)",842,842,False,0.0
802,independent,20,332,"(36, 36, 21, 12, 23, 49, 25, 36, 49, 50, 35, 11, 34, 50, 21, 34, 31, 50, 27, 35)","(20, 45, 40, 85, 86, 61, 9, 95, 92, 63, 66, 65, 7, 42, 68, 11, 100, 9, 12, 31)",805,805,False,0.0
803,independent,20,265,"(7, 32, 27, 16, 10, 15, 38, 36, 48, 10, 10, 2, 25, 38, 25, 50, 47, 49, 29, 16)","(24, 68, 15, 96, 31, 78, 19, 2, 8, 65, 45, 1, 95, 26, 60, 89, 43, 88, 57, 44)",752,783,True,0.03959131545338442
804,independent,20,259,"(31, 30, 22, 5, 50, 24, 3, 22, 2, 34, 49, 27, 40, 5, 36, 29, 12, 37, 27, 33)","(88, 12, 3, 31, 22, 98, 77, 47, 87, 25, 67, 74, 18, 83, 91, 5, 5, 46, 48, 77)",847,847,False,0.0
805,independent,20,236,"(32, 5, 18, 30, 47, 37, 48, 29, 18, 6, 29, 29, 22, 27, 16, 13, 12, 37, 1, 17)","(29, 91, 8, 60, 93, 44, 90, 63, 93, 100, 64, 87, 62, 87, 25, 43, 87, 29, 32, 25)",869,869,False,0.0
806,independent,20,204,"(30, 37, 35, 40, 15, 6, 31, 27, 16, 34, 15, 5, 1, 47, 5, 4, 8, 8, 36, 9)","(2, 39, 41, 39, 60, 64, 45, 33, 13, 8, 25, 9, 26, 53, 67, 43, 25, 15, 67, 33)",525,544,True,0.034926470588235295
807,independent,20,264,"(24, 7, 11, 20, 36, 45, 11, 7, 9, 23, 16, 35, 15, 46, 43, 26, 47, 32, 32, 43)","(95, 98, 30, 23, 20, 6, 50, 79, 58, 69, 100, 42, 18, 100, 54, 96, 4, 29, 46, 24)",875,881,True,0.00681044267877412
808,independent,20,260,"(24, 42, 47, 29, 49, 23, 32, 16, 41, 1, 5, 49, 3, 7, 14, 18, 41, 44, 33, 3)","(58, 37, 17, 98, 31, 50, 100, 69, 24, 35, 90, 46, 75, 77, 67, 73, 10, 76, 5, 71)",963,963,False,0.0
809,independent,20,270,"(4, 12, 20, 30, 29, 3, 12, 2, 49, 13, 21, 37, 22, 17, 48, 39, 39, 49, 48, 46)","(49, 77, 84, 32, 87, 35, 47, 29, 64, 3, 9, 96, 21, 82, 2, 13, 22, 8, 66, 8)",748,748,False,0.0
810,independent,20,301,"(46, 30, 11, 17, 42, 5, 29, 33, 48, 46, 49, 10, 41, 40, 48, 3, 16, 10, 47, 31)","(74, 6, 83, 27, 56, 30, 37, 61, 54, 47, 6, 61, 29, 34, 9, 52, 31, 73, 92, 79)",756,756,False,0.0
811,independent,20,250,"(6, 34, 28, 16, 7, 22, 31, 38, 16, 5, 27, 43, 3, 19, 33, 32, 19, 40, 47, 33)","(23, 68, 5, 6, 72, 34, 41, 38, 32, 49, 13, 14, 43, 31, 50, 13, 7, 71, 89, 12)",568,572,True,0.006993006993006993
812,independent,20,272,"(3, 40, 19, 42, 19, 13, 45, 14, 25, 33, 50, 39, 5, 34, 50, 13, 47, 9, 33, 11)","(51, 92, 46, 98, 28, 29, 54, 10, 47, 43, 47, 70, 41, 37, 13, 31, 39, 33, 100, 29)",695,695,False,0.0
813,independent,20,225,"(9, 39, 39, 25, 11, 35, 2, 16, 19, 21, 4, 41, 15, 11, 18, 2, 44, 47, 45, 7)","(3, 95, 50, 34, 3, 44, 51, 91, 11, 35, 31, 82, 70, 2, 55, 4, 94, 92, 62, 92)",703,713,True,0.014025245441795231
814,independent,20,254,"(39, 9, 41, 22, 27, 34, 6, 29, 28, 18, 13, 4, 29, 45, 33, 14, 15, 27, 37, 38)","(18, 32, 1, 22, 24, 57, 67, 82, 95, 53, 87, 38, 50, 49, 57, 27, 1, 62, 13, 93)",743,750,True,0.009333333333333334
815,independent,20,216,"(1, 3, 20, 31, 34, 6, 46, 13, 17, 12, 23, 4, 40, 12, 10, 49, 50, 29, 23, 10)","(37, 79, 44, 16, 73, 83, 27, 100, 53, 7, 58, 33, 69, 39, 14, 89, 34, 62, 34, 23)",753,753,False,0.0
816,independent,20,255,"(11, 7, 31, 4, 24, 18, 25, 42, 47, 21, 48, 28, 40, 21, 9, 24, 19, 12, 40, 39)","(78, 53, 12, 40, 25, 78, 28, 73, 16, 23, 97, 20, 6, 63, 5, 30, 69, 47, 56, 37)",689,689,False,0.0
817,independent,20,213,"(9, 21, 13, 43, 38, 17, 30, 3, 5, 11, 36, 23, 27, 29, 6, 30, 4, 46, 23, 12)","(78, 45, 33, 76, 39, 88, 26, 19, 17, 49, 66, 14, 55, 24, 97, 84, 44, 11, 33, 92)",767,788,True,0.0266497461928934
818,independent,20,268,"(31, 21, 32, 5, 30, 37, 28, 50, 17, 16, 49, 8, 43, 50, 16, 25, 12, 44, 7, 14)","(69, 69, 99, 69, 6, 51, 24, 3, 34, 67, 52, 34, 85, 72, 91, 10, 49, 76, 64, 67)",873,873,False,0.0
819,independent,20,302,"(24, 9, 23, 45, 38, 47, 20, 14, 47, 30, 28, 13, 31, 27, 30, 43, 37, 48, 18, 33)","(22, 38, 17, 37, 35, 44, 75, 66, 34, 64, 62, 90, 88, 50, 44, 65, 31, 29, 75, 53)",770,770,False,0.0
820,independent,20,204,"(14, 34, 8, 15, 17, 4, 14, 5, 42, 23, 24, 3, 43, 41, 16, 29, 12, 28, 26, 11)","(44, 63, 25, 98, 73, 16, 44, 65, 39, 6, 59, 80, 72, 55, 34, 14, 69, 5, 36, 37)",743,745,True,0.0026845637583892616
821,independent,20,284,"(37, 32, 49, 15, 7, 41, 44, 18, 46, 29, 47, 13, 46, 48, 1, 27, 1, 1, 34, 32)","(84, 39, 47, 13, 52, 92, 72, 35, 46, 43, 40, 44, 36, 15, 49, 88, 68, 13, 49, 3)",702,715,True,0.01818181818181818
822,independent,20,290,"(8, 21, 47, 19, 48, 43, 40, 28, 44, 2, 39, 12, 16, 21, 33, 26, 29, 42, 36, 25)","(52, 21, 58, 55, 97, 12, 28, 75, 92, 37, 79, 79, 82, 16, 53, 18, 17, 81, 68, 26)",755,771,True,0.020752269779507133
823,independent,20,286,"(22, 16, 6, 50, 50, 13, 24, 38, 45, 40, 44, 17, 50, 14, 7, 46, 42, 4, 37, 7)","(77, 21, 97, 70, 46, 27, 74, 24, 38, 83, 7, 42, 50, 36, 31, 22, 14, 17, 21, 29)",654,654,False,0.0
824,independent,20,299,"(42, 49, 35, 3, 4, 49, 5, 35, 44, 17, 39, 18, 35, 5, 23, 47, 43, 50, 19, 36)","(98, 19, 45, 19, 89, 2, 28, 30, 12, 99, 23, 33, 53, 33, 51, 54, 1, 14, 77, 31)",710,710,False,0.0
825,independent,20,214,"(18, 48, 37, 41, 14, 13, 8, 22, 24, 17, 19, 20, 15, 32, 5, 14, 19, 33, 29, 1)","(83, 38, 15, 95, 77, 5, 76, 76, 100, 87, 37, 2, 34, 68, 16, 9, 22, 4, 51, 38)",759,771,True,0.01556420233463035
826,independent,20,202,"(36, 17, 23, 13, 1, 38, 15, 21, 9, 42, 24, 22, 11, 6, 14, 9, 31, 32, 11, 29)","(82, 62, 19, 80, 90, 17, 33, 30, 17, 68, 47, 66, 44, 57, 84, 71, 35, 32, 67, 61)",814,828,True,0.016908212560386472
827,independent,20,256,"(23, 32, 3, 32, 6, 26, 38, 34, 27, 24, 28, 20, 14, 47, 22, 14, 27, 14, 31, 49)","(36, 79, 68, 62, 51, 54, 11, 6, 29, 11, 56, 54, 96, 1, 4, 41, 12, 27, 52, 95)",683,708,True,0.03531073446327684
828,independent,20,237,"(13, 47, 15, 9, 24, 46, 27, 16, 3, 21, 8, 33, 41, 16, 25, 5, 46, 28, 47, 4)","(19, 11, 74, 91, 65, 48, 57, 59, 15, 22, 70, 9, 91, 90, 50, 15, 7, 43, 42, 6)",745,745,False,0.0
829,independent,20,276,"(14, 31, 38, 20, 33, 34, 25, 34, 17, 17, 36, 5, 44, 24, 14, 29, 20, 47, 45, 24)","(39, 25, 3, 79, 6, 99, 75, 11, 72, 52, 9, 67, 92, 92, 91, 36, 3, 62, 13, 80)",874,874,False,0.0
830,independent,20,288,"(7, 49, 18, 29, 47, 41, 16, 7, 34, 19, 20, 8, 48, 18, 30, 23, 32, 36, 49, 46)","(89, 30, 35, 83, 3, 85, 53, 81, 86, 53, 93, 58, 36, 35, 72, 91, 25, 81, 63, 74)",960,960,False,0.0
831,independent,20,248,"(11, 26, 10, 10, 33, 10, 15, 27, 7, 37, 36, 4, 6, 39, 50, 34, 24, 48, 50, 18)","(45, 81, 4, 30, 94, 84, 2, 62, 94, 56, 13, 84, 24, 81, 41, 90, 89, 13, 51, 6)",862,862,False,0.0
832,independent,20,298,"(47, 35, 33, 15, 39, 50, 8, 31, 22, 33, 35, 21, 11, 21, 40, 40, 12, 23, 38, 42)","(84, 44, 73, 50, 49, 99, 20, 77, 16, 55, 17, 14, 62, 32, 29, 72, 53, 30, 6, 94)",684,687,True,0.004366812227074236
833,independent,20,230,"(37, 19, 37, 7, 32, 43, 10, 20, 3, 25, 11, 45, 36, 8, 11, 18, 46, 32, 15, 5)","(79, 46, 22, 93, 64, 53, 63, 35, 48, 1, 78, 73, 25, 8, 34, 56, 84, 27, 24, 59)",747,747,False,0.0
834,independent,20,272,"(19, 15, 12, 8, 46, 50, 2, 32, 39, 26, 32, 44, 20, 31, 39, 36, 26, 6, 43, 19)","(26, 74, 72, 97, 40, 4, 87, 56, 31, 60, 83, 78, 61, 50, 84, 85, 30, 95, 87, 77)",962,962,False,0.0
835,independent,20,330,"(40, 46, 45, 24, 44, 22, 38, 20, 27, 47, 28, 8, 20, 49, 48, 7, 45, 28, 41, 34)","(82, 97, 28, 16, 81, 83, 76, 59, 76, 88, 97, 82, 70, 81, 91, 4, 12, 13, 43, 33)",833,847,True,0.01652892561983471
836,independent,20,268,"(27, 36, 41, 7, 5, 33, 28, 2, 30, 11, 16, 37, 31, 32, 23, 37, 36, 11, 47, 45)","(3, 89, 90, 2, 16, 45, 32, 89, 90, 12, 20, 54, 6, 86, 15, 12, 10, 48, 61, 91)",685,685,False,0.0
837,independent,20,264,"(36, 29, 37, 38, 16, 40, 8, 49, 38, 11, 42, 14, 11, 16, 37, 43, 25, 2, 34, 3)","(34, 15, 33, 18, 52, 67, 2, 60, 15, 71, 61, 72, 59, 84, 57, 55, 74, 69, 19, 68)",789,789,False,0.0
838,independent,20,264,"(33, 21, 46, 5, 29, 46, 40, 18, 22, 16, 49, 44, 38, 1, 8, 16, 27, 34, 9, 27)","(75, 75, 37, 66, 74, 51, 36, 62, 89, 1, 65, 57, 76, 14, 28, 24, 22, 82, 30, 65)",760,760,False,0.0
839,independent,20,272,"(40, 18, 14, 43, 15, 1, 31, 33, 2, 21, 50, 6, 44, 31, 24, 28, 38, 45, 48, 13)","(15, 82, 30, 52, 80, 40, 2, 2, 91, 6, 80, 26, 94, 84, 63, 87, 56, 95, 32, 40)",818,838,True,0.02386634844868735
840,independent,20,258,"(14, 30, 30, 23, 46, 33, 31, 50, 2, 5, 12, 28, 49, 15, 31, 7, 18, 28, 40, 25)","(53, 71, 59, 29, 14, 49, 36, 15, 64, 44, 96, 69, 67, 68, 63, 20, 66, 57, 91, 17)",791,801,True,0.012484394506866416
841,independent,20,330,"(37, 45, 25, 37, 34, 41, 42, 29, 43, 38, 39, 21, 43, 33, 33, 27, 47, 20, 5, 21)","(85, 77, 28, 28, 49, 87, 81, 53, 67, 84, 91, 98, 86, 15, 61, 18, 54, 34, 15, 1)",741,741,False,0.0
842,independent,20,202,"(5, 12, 6, 41, 6, 6, 7, 48, 44, 9, 18, 30, 14, 22, 42, 13, 30, 13, 16, 23)","(63, 73, 44, 80, 54, 14, 13, 95, 94, 66, 33, 38, 42, 97, 27, 52, 65, 91, 35, 83)",825,827,True,0.0024183796856106408
843,independent,20,287,"(43, 34, 46, 46, 27, 35, 10, 19, 25, 10, 6, 13, 43, 7, 22, 44, 29, 36, 33, 46)","(65, 3, 98, 100, 72, 43, 59, 39, 18, 27, 63, 32, 95, 84, 56, 61, 44, 48, 35, 11)",769,773,True,0.00517464424320828
844,independent,20,294,"(42, 34, 15, 49, 39, 33, 23, 38, 21, 45, 20, 1, 18, 33, 8, 41, 42, 11, 41, 34)","(95, 69, 14, 77, 35, 55, 80, 47, 48, 16, 23, 86, 54, 19, 76, 66, 56, 8, 88, 40)",748,753,True,0.006640106241699867
845,independent,20,252,"(4, 42, 35, 38, 4, 43, 29, 24, 18, 1, 22, 30, 34, 30, 12, 31, 10, 50, 32, 15)","(39, 9, 19, 30, 24, 59, 23, 87, 60, 52, 50, 9, 54, 62, 29, 3, 25, 23, 72, 98)",711,711,False,0.0
846,independent,20,220,"(7, 32, 12, 12, 25, 48, 45, 1, 21, 21, 3, 28, 7, 25, 32, 17, 14, 21, 45, 24)","(16, 21, 33, 19, 61, 15, 28, 48, 7, 36, 15, 100, 17, 70, 87, 100, 44, 96, 16, 66)",753,753,False,0.0
847,independent,20,274,"(25, 12, 50, 20, 7, 49, 32, 36, 22, 42, 13, 6, 22, 38, 23, 31, 35, 27, 34, 24)","(51, 71, 74, 13, 77, 34, 72, 64, 47, 41, 92, 53, 62, 5, 15, 96, 69, 44, 20, 66)",820,820,False,0.0
848,independent,20,238,"(29, 7, 20, 35, 23, 38, 9, 4, 37, 43, 7, 11, 17, 15, 46, 35, 5, 31, 26, 37)","(54, 3, 67, 3, 64, 62, 25, 69, 7, 87, 25, 33, 61, 92, 93, 57, 91, 55, 36, 22)",764,769,True,0.006501950585175552
849,independent,20,220,"(1, 4, 19, 2, 17, 36, 42, 42, 27, 21, 12, 36, 4, 28, 27, 11, 38, 12, 33, 27)","(86, 85, 43, 23, 6, 40, 83, 33, 31, 29, 17, 94, 73, 87, 64, 55, 70, 81, 22, 82)",856,856,False,0.0
850,independent,20,221,"(32, 6, 42, 8, 6, 4, 19, 16, 40, 20, 26, 6, 13, 23, 10, 49, 32, 20, 31, 39)","(58, 67, 57, 37, 100, 47, 80, 56, 45, 100, 77, 82, 22, 99, 71, 97, 11, 28, 55, 45)",935,951,True,0.016824395373291272
851,independent,20,233,"(38, 45, 30, 27, 50, 15, 11, 4, 30, 2, 32, 33, 4, 32, 39, 5, 4, 11, 36, 18)","(52, 40, 54, 83, 29, 97, 73, 91, 46, 57, 90, 93, 32, 3, 71, 27, 58, 31, 54, 20)",857,860,True,0.0034883720930232558
852,independent,20,274,"(40, 28, 32, 24, 39, 16, 18, 34, 22, 15, 46, 10, 6, 24, 45, 46, 29, 23, 8, 43)","(8, 98, 58, 99, 73, 52, 13, 76, 26, 62, 27, 45, 74, 4, 64, 56, 91, 46, 40, 45)",814,814,False,0.0
853,independent,20,226,"(26, 19, 23, 7, 11, 5, 31, 44, 8, 30, 47, 25, 43, 14, 8, 12, 25, 17, 10, 48)","(39, 96, 44, 97, 96, 96, 87, 91, 80, 47, 77, 12, 48, 38, 76, 73, 20, 53, 21, 71)",948,966,True,0.018633540372670808
854,independent,20,263,"(49, 22, 33, 39, 40, 38, 3, 50, 18, 1, 18, 40, 18, 24, 29, 44, 25, 1, 2, 32)","(46, 93, 72, 62, 70, 79, 89, 70, 28, 38, 66, 8, 96, 89, 5, 31, 75, 61, 6, 2)",862,890,True,0.03146067415730337
855,independent,20,274,"(16, 11, 48, 8, 18, 34, 49, 50, 50, 11, 23, 49, 41, 16, 21, 31, 2, 15, 10, 46)","(34, 83, 72, 13, 73, 81, 60, 25, 99, 58, 96, 29, 69, 13, 2, 18, 94, 8, 43, 45)",815,815,False,0.0
856,independent,20,281,"(14, 15, 36, 39, 18, 32, 8, 40, 43, 35, 43, 48, 27, 6, 41, 39, 12, 11, 18, 37)","(99, 99, 6, 20, 72, 54, 49, 28, 33, 6, 9, 9, 80, 92, 58, 75, 40, 58, 30, 23)",834,834,False,0.0
857,independent,20,280,"(31, 45, 43, 31, 47, 30, 46, 19, 21, 14, 42, 17, 7, 44, 2, 46, 11, 28, 34, 1)","(85, 56, 28, 59, 31, 29, 74, 69, 74, 27, 89, 69, 97, 34, 42, 29, 57, 86, 77, 59)",890,905,True,0.016574585635359115
858,independent,20,248,"(34, 6, 11, 44, 30, 12, 9, 15, 40, 42, 43, 25, 24, 10, 24, 45, 27, 26, 4, 26)","(66, 45, 56, 21, 62, 61, 54, 19, 51, 24, 63, 90, 32, 8, 8, 43, 46, 87, 87, 4)",736,737,True,0.0013568521031207597
859,independent,20,242,"(37, 8, 41, 4, 9, 30, 7, 17, 11, 50, 43, 17, 39, 31, 37, 3, 26, 3, 34, 36)","(29, 11, 80, 62, 76, 97, 100, 1, 53, 41, 72, 59, 90, 34, 98, 21, 41, 24, 34, 70)",830,830,False,0.0
860,independent,20,213,"(9, 43, 6, 23, 40, 19, 37, 40, 15, 10, 38, 17, 11, 11, 48, 2, 1, 7, 40, 9)","(18, 11, 69, 67, 93, 89, 70, 61, 78, 69, 89, 78, 50, 95, 67, 69, 94, 29, 94, 32)",1002,1006,True,0.003976143141153081
861,independent,20,292,"(29, 44, 2, 50, 47, 42, 6, 39, 27, 5, 50, 44, 19, 38, 16, 43, 25, 13, 21, 25)","(58, 7, 17, 19, 58, 7, 17, 98, 58, 37, 57, 35, 67, 18, 11, 7, 82, 31, 48, 82)",664,664,False,0.0
862,independent,20,270,"(37, 14, 33, 9, 33, 49, 14, 21, 19, 35, 44, 13, 22, 15, 19, 50, 14, 50, 37, 13)","(96, 81, 10, 18, 81, 12, 33, 58, 22, 84, 52, 71, 64, 9, 22, 65, 36, 17, 40, 77)",751,751,False,0.0
863,independent,20,268,"(38, 35, 28, 37, 42, 15, 35, 2, 35, 31, 43, 14, 19, 2, 25, 20, 40, 25, 15, 34)","(36, 93, 83, 37, 10, 28, 31, 2, 100, 41, 24, 26, 51, 67, 79, 20, 59, 14, 31, 24)",660,660,False,0.0
864,independent,20,223,"(20, 2, 44, 10, 41, 1, 23, 18, 25, 12, 39, 13, 36, 14, 9, 16, 31, 41, 18, 33)","(62, 45, 26, 99, 12, 17, 78, 37, 73, 11, 37, 92, 68, 97, 3, 43, 36, 66, 80, 46)",805,820,True,0.018292682926829267
865,independent,20,236,"(26, 36, 29, 2, 2, 29, 9, 23, 31, 49, 15, 43, 42, 50, 22, 18, 15, 9, 16, 5)","(66, 4, 83, 36, 96, 74, 83, 26, 75, 93, 32, 54, 62, 91, 91, 90, 22, 60, 75, 66)",949,954,True,0.005241090146750524
866,independent,20,240,"(8, 2, 23, 25, 23, 5, 13, 45, 49, 43, 43, 22, 2, 18, 48, 41, 26, 27, 9, 8)","(26, 19, 2, 13, 29, 90, 89, 56, 46, 59, 35, 81, 38, 29, 40, 8, 13, 7, 68, 24)",621,630,True,0.014285714285714285
867,independent,20,303,"(50, 41, 23, 14, 33, 18, 47, 3, 49, 44, 13, 38, 23, 22, 35, 46, 27, 6, 39, 35)","(18, 59, 99, 77, 34, 3, 33, 63, 84, 71, 35, 22, 66, 56, 49, 65, 2, 73, 10, 57)",743,764,True,0.0274869109947644
868,independent,20,231,"(26, 22, 33, 5, 32, 2, 47, 5, 7, 28, 33, 23, 30, 41, 3, 44, 27, 5, 10, 39)","(19, 72, 2, 28, 26, 82, 23, 63, 78, 88, 34, 80, 95, 97, 3, 15, 81, 62, 89, 58)",918,934,True,0.017130620985010708
869,independent,20,201,"(27, 26, 40, 30, 1, 7, 31, 8, 27, 23, 8, 3, 21, 20, 31, 2, 19, 14, 26, 38)","(87, 31, 30, 69, 23, 1, 24, 49, 81, 72, 32, 100, 41, 73, 38, 98, 35, 23, 13, 42)",761,763,True,0.002621231979030144
870,independent,20,294,"(16, 29, 24, 39, 26, 39, 13, 42, 32, 47, 24, 29, 8, 33, 14, 25, 26, 38, 49, 35)","(58, 5, 38, 41, 30, 59, 62, 50, 3, 69, 95, 9, 27, 78, 18, 85, 81, 13, 59, 79)",731,731,False,0.0
871,independent,20,266,"(23, 8, 47, 21, 45, 24, 48, 26, 44, 44, 33, 33, 5, 3, 37, 19, 24, 2, 2, 44)","(72, 58, 14, 34, 36, 97, 20, 44, 59, 82, 58, 96, 44, 66, 85, 94, 17, 80, 37, 69)",913,914,True,0.0010940919037199124
872,independent,20,267,"(36, 9, 28, 43, 50, 15, 45, 37, 18, 8, 32, 44, 38, 12, 36, 4, 14, 31, 24, 10)","(62, 50, 63, 76, 81, 1, 63, 83, 29, 9, 53, 21, 35, 73, 53, 50, 86, 98, 3, 84)",787,787,False,0.0
873,independent,20,252,"(10, 37, 20, 24, 2, 34, 1, 18, 20, 29, 21, 48, 6, 45, 45, 6, 45, 44, 17, 32)","(86, 94, 81, 48, 46, 53, 97, 27, 26, 34, 48, 71, 52, 89, 24, 71, 83, 94, 6, 39)",859,859,False,0.0
874,independent,20,198,"(34, 23, 2, 9, 6, 22, 33, 13, 37, 18, 42, 34, 7, 2, 43, 7, 24, 2, 20, 19)","(22, 47, 11, 49, 77, 2, 14, 52, 13, 64, 3, 86, 16, 41, 67, 27, 77, 94, 68, 20)",729,733,True,0.005457025920873124
875,independent,20,244,"(33, 48, 27, 15, 31, 23, 30, 29, 8, 3, 12, 3, 39, 30, 35, 7, 2, 37, 45, 30)","(34, 43, 79, 78, 10, 90, 69, 29, 93, 79, 98, 82, 10, 86, 33, 10, 19, 89, 82, 83)",955,968,True,0.013429752066115703
876,independent,20,238,"(46, 47, 30, 3, 6, 2, 48, 20, 32, 33, 32, 26, 47, 46, 9, 2, 18, 1, 6, 22)","(3, 34, 54, 11, 72, 26, 74, 73, 17, 9, 47, 58, 25, 64, 52, 100, 2, 61, 18, 81)",729,744,True,0.020161290322580645
877,independent,20,206,"(15, 12, 17, 39, 1, 24, 48, 31, 13, 1, 11, 12, 37, 43, 21, 9, 7, 43, 17, 11)","(56, 62, 79, 75, 58, 62, 5, 19, 38, 65, 66, 48, 63, 35, 11, 72, 76, 80, 56, 99)",912,918,True,0.006535947712418301
878,independent,20,268,"(35, 19, 22, 27, 35, 15, 43, 6, 22, 46, 24, 42, 13, 5, 35, 32, 41, 24, 10, 39)","(73, 100, 51, 12, 22, 73, 33, 68, 52, 19, 37, 99, 8, 31, 58, 47, 93, 35, 58, 55)",764,770,True,0.007792207792207792
879,independent,20,260,"(5, 24, 1, 10, 8, 23, 50, 45, 2, 27, 30, 28, 29, 2, 30, 40, 29, 48, 43, 47)","(69, 20, 25, 42, 36, 76, 92, 85, 24, 89, 8, 75, 28, 86, 61, 28, 65, 6, 85, 35)",818,825,True,0.008484848484848486
880,independent,20,262,"(7, 47, 43, 13, 9, 18, 3, 41, 6, 50, 50, 42, 41, 43, 21, 19, 6, 32, 23, 10)","(12, 33, 77, 74, 49, 77, 11, 40, 72, 51, 84, 51, 77, 11, 37, 34, 24, 47, 49, 38)",678,703,True,0.03556187766714083
881,independent,20,234,"(43, 11, 42, 47, 43, 26, 19, 9, 8, 34, 3, 11, 20, 34, 30, 17, 19, 8, 22, 23)","(42, 58, 97, 18, 69, 72, 1, 27, 37, 80, 42, 74, 3, 79, 33, 49, 7, 82, 76, 5)",773,773,False,0.0
882,independent,20,266,"(1, 42, 9, 41, 31, 45, 40, 10, 20, 38, 27, 19, 38, 10, 12, 41, 24, 18, 28, 38)","(89, 41, 81, 69, 66, 55, 50, 51, 26, 54, 65, 2, 30, 94, 70, 57, 88, 56, 78, 42)",861,864,True,0.003472222222222222
883,independent,20,208,"(36, 11, 37, 6, 41, 19, 41, 44, 2, 4, 16, 5, 29, 23, 4, 5, 38, 13, 21, 21)","(14, 43, 65, 45, 72, 78, 75, 37, 20, 35, 73, 79, 16, 91, 8, 86, 72, 28, 71, 23)",804,804,False,0.0
884,independent,20,242,"(44, 6, 32, 40, 45, 45, 27, 2, 4, 12, 31, 33, 2, 6, 14, 34, 46, 6, 28, 27)","(98, 95, 22, 72, 40, 6, 37, 84, 14, 12, 27, 62, 84, 86, 84, 82, 75, 41, 11, 52)",866,877,True,0.012542759407069556
885,independent,20,258,"(24, 4, 28, 22, 10, 7, 44, 41, 8, 34, 36, 49, 3, 5, 50, 47, 28, 19, 9, 49)","(56, 38, 11, 10, 38, 73, 16, 72, 92, 25, 14, 11, 43, 55, 83, 97, 85, 32, 96, 91)",868,868,False,0.0
886,independent,20,241,"(13, 36, 8, 20, 11, 5, 8, 8, 37, 50, 2, 30, 27, 46, 25, 1, 23, 50, 42, 40)","(65, 55, 32, 86, 61, 78, 2, 69, 86, 89, 23, 81, 71, 94, 7, 22, 46, 92, 26, 78)",816,816,False,0.0
887,independent,20,268,"(32, 32, 13, 40, 35, 32, 34, 46, 47, 22, 11, 5, 16, 41, 12, 30, 13, 40, 7, 27)","(49, 26, 45, 92, 14, 92, 34, 64, 75, 89, 29, 10, 61, 76, 99, 70, 84, 36, 63, 28)",810,830,True,0.024096385542168676
888,independent,20,282,"(6, 38, 32, 41, 35, 12, 26, 25, 41, 18, 35, 38, 41, 26, 21, 15, 39, 19, 11, 45)","(56, 57, 50, 48, 54, 91, 92, 97, 56, 49, 2, 68, 48, 31, 34, 15, 39, 83, 100, 59)",831,831,False,0.0
889,independent,20,314,"(41, 48, 40, 12, 50, 12, 38, 11, 7, 39, 45, 5, 47, 5, 27, 48, 43, 50, 26, 33)","(77, 30, 12, 85, 70, 31, 13, 95, 46, 64, 71, 16, 83, 3, 97, 65, 23, 60, 9, 65)",742,753,True,0.014608233731739707
890,independent,20,252,"(4, 19, 48, 50, 28, 21, 38, 4, 10, 39, 23, 19, 8, 37, 18, 29, 49, 27, 6, 28)","(40, 35, 68, 2, 10, 46, 63, 67, 97, 87, 87, 73, 64, 2, 57, 16, 66, 39, 38, 23)",793,798,True,0.006265664160401002
891,independent,20,222,"(41, 18, 16, 16, 29, 23, 31, 13, 41, 48, 12, 10, 4, 31, 9, 27, 3, 30, 38, 5)","(52, 68, 99, 7, 28, 54, 78, 73, 48, 80, 63, 2, 31, 3, 10, 61, 8, 61, 90, 95)",781,781,False,0.0
892,independent,20,316,"(15, 20, 46, 29, 28, 14, 16, 11, 42, 45, 33, 38, 37, 40, 25, 39, 34, 48, 38, 35)","(97, 86, 32, 95, 28, 84, 99, 41, 77, 72, 30, 36, 10, 69, 99, 10, 3, 5, 23, 77)",896,896,False,0.0
893,independent,20,302,"(33, 14, 23, 50, 46, 43, 29, 13, 23, 8, 48, 35, 21, 21, 29, 19, 45, 15, 40, 49)","(36, 85, 60, 84, 88, 11, 19, 58, 65, 43, 17, 63, 47, 15, 71, 58, 3, 91, 60, 62)",813,813,False,0.0
894,independent,20,284,"(29, 19, 44, 14, 33, 40, 40, 20, 15, 14, 21, 10, 21, 44, 39, 32, 50, 44, 9, 31)","(64, 98, 47, 7, 45, 5, 5, 49, 74, 29, 45, 17, 87, 36, 52, 23, 56, 60, 85, 61)",721,725,True,0.005517241379310344
895,independent,20,272,"(42, 28, 36, 15, 47, 45, 49, 40, 29, 24, 34, 35, 7, 4, 23, 4, 7, 22, 34, 18)","(4, 30, 29, 98, 64, 34, 57, 63, 62, 44, 83, 3, 20, 71, 59, 23, 75, 90, 25, 60)",778,792,True,0.017676767676767676
896,independent,20,216,"(13, 8, 21, 41, 30, 18, 7, 12, 29, 13, 9, 32, 20, 35, 12, 20, 40, 14, 10, 47)","(75, 22, 99, 88, 13, 37, 46, 44, 1, 82, 16, 7, 87, 78, 70, 12, 60, 52, 84, 23)",843,843,False,0.0
897,independent,20,256,"(4, 49, 26, 25, 22, 42, 5, 27, 17, 28, 5, 35, 42, 12, 27, 34, 1, 37, 50, 24)","(8, 36, 36, 11, 20, 33, 34, 78, 83, 63, 17, 93, 9, 12, 82, 66, 18, 80, 16, 52)",686,686,False,0.0
898,independent,20,208,"(27, 6, 2, 31, 3, 35, 38, 19, 24, 9, 8, 21, 25, 13, 49, 24, 31, 2, 22, 28)","(17, 41, 92, 29, 19, 64, 12, 72, 98, 64, 81, 32, 8, 95, 32, 42, 100, 14, 18, 24)",814,814,False,0.0
899,independent,20,275,"(9, 48, 46, 22, 19, 17, 38, 21, 47, 10, 2, 33, 1, 10, 41, 50, 23, 31, 36, 46)","(10, 73, 31, 12, 52, 59, 72, 4, 76, 86, 90, 2, 14, 84, 83, 21, 47, 42, 47, 9)",746,752,True,0.007978723404255319
900,independent,20,238,"(40, 24, 7, 6, 16, 22, 11, 15, 28, 19, 46, 37, 30, 22, 23, 34, 14, 36, 31, 16)","(30, 97, 85, 90, 93, 7, 57, 71, 68, 49, 31, 15, 68, 75, 7, 88, 11, 66, 24, 25)",866,866,False,0.0
901,independent,20,247,"(28, 19, 38, 25, 32, 46, 21, 41, 25, 27, 42, 37, 5, 8, 25, 7, 23, 7, 2, 36)","(85, 15, 20, 98, 35, 88, 97, 63, 87, 60, 78, 89, 65, 39, 88, 91, 79, 86, 53, 62)",1017,1017,False,0.0
902,independent,20,280,"(18, 41, 31, 38, 44, 35, 13, 10, 20, 22, 39, 30, 33, 11, 39, 47, 28, 22, 28, 12)","(83, 52, 9, 19, 83, 73, 67, 66, 98, 77, 88, 35, 85, 22, 39, 97, 35, 27, 40, 6)",796,796,False,0.0
903,independent,20,253,"(3, 42, 19, 12, 13, 26, 6, 16, 30, 24, 6, 48, 20, 49, 18, 41, 31, 42, 34, 26)","(87, 11, 58, 72, 25, 51, 75, 33, 83, 15, 48, 64, 38, 8, 10, 51, 24, 69, 93, 98)",830,830,False,0.0
904,independent,20,286,"(46, 19, 26, 45, 4, 32, 33, 32, 25, 31, 21, 49, 32, 9, 17, 13, 39, 49, 46, 3)","(78, 66, 78, 93, 53, 100, 6, 11, 4, 17, 61, 60, 62, 37, 5, 78, 31, 10, 85, 7)",737,754,True,0.022546419098143235
905,independent,20,244,"(44, 23, 31, 2, 25, 43, 3, 26, 26, 37, 8, 34, 30, 8, 36, 4, 41, 3, 17, 48)","(45, 69, 80, 18, 18, 76, 67, 45, 13, 79, 84, 73, 99, 5, 16, 32, 18, 39, 54, 15)",775,775,False,0.0
906,independent,20,188,"(1, 38, 5, 18, 26, 31, 34, 10, 11, 8, 3, 13, 30, 29, 17, 5, 2, 41, 47, 7)","(35, 47, 91, 37, 44, 44, 53, 45, 96, 67, 84, 58, 53, 90, 100, 69, 4, 64, 76, 12)",885,885,False,0.0
907,independent,20,278,"(45, 4, 19, 31, 45, 13, 5, 46, 16, 27, 33, 9, 40, 28, 36, 15, 44, 11, 43, 47)","(52, 20, 37, 21, 22, 61, 22, 29, 5, 97, 10, 79, 68, 30, 66, 37, 62, 81, 80, 14)",710,710,False,0.0
908,independent,20,254,"(42, 26, 49, 20, 23, 44, 19, 10, 21, 9, 28, 31, 10, 40, 48, 19, 18, 4, 17, 29)","(5, 24, 6, 82, 92, 58, 88, 71, 30, 19, 51, 21, 25, 89, 17, 72, 64, 97, 88, 21)",868,877,True,0.010262257696693273
909,independent,20,254,"(14, 26, 14, 1, 40, 25, 27, 32, 30, 28, 36, 43, 48, 15, 10, 42, 5, 38, 24, 9)","(85, 84, 31, 98, 38, 87, 66, 31, 80, 94, 9, 79, 50, 18, 68, 6, 1, 78, 81, 7)",870,870,False,0.0
910,independent,20,276,"(40, 29, 41, 40, 18, 8, 29, 36, 13, 35, 43, 44, 8, 22, 20, 25, 28, 15, 22, 37)","(79, 100, 12, 85, 40, 88, 17, 24, 26, 86, 8, 42, 60, 11, 9, 36, 96, 2, 84, 50)",780,780,False,0.0
911,independent,20,258,"(30, 46, 9, 34, 15, 50, 44, 5, 25, 46, 41, 4, 4, 26, 18, 34, 5, 47, 29, 5)","(50, 51, 23, 97, 90, 64, 17, 71, 28, 18, 96, 39, 15, 34, 32, 34, 42, 24, 86, 54)",757,761,True,0.005256241787122208
912,independent,20,262,"(34, 20, 36, 41, 35, 2, 4, 12, 48, 38, 21, 47, 9, 33, 16, 36, 47, 4, 39, 3)","(95, 25, 53, 21, 46, 5, 81, 67, 70, 63, 13, 6, 1, 58, 60, 36, 20, 83, 18, 13)",674,681,True,0.010279001468428781
913,independent,20,238,"(7, 31, 38, 22, 25, 14, 48, 12, 49, 27, 3, 38, 28, 29, 31, 6, 3, 24, 18, 24)","(3, 96, 87, 43, 50, 88, 40, 95, 85, 4, 66, 96, 26, 11, 14, 2, 2, 86, 91, 4)",803,803,False,0.0
914,independent,20,288,"(4, 48, 37, 22, 5, 32, 35, 44, 43, 23, 28, 22, 3, 37, 33, 46, 38, 18, 40, 17)","(39, 10, 23, 20, 83, 47, 88, 47, 24, 79, 3, 11, 41, 14, 70, 33, 86, 92, 55, 64)",764,767,True,0.003911342894393742
915,independent,20,204,"(12, 21, 4, 28, 33, 20, 26, 1, 44, 24, 17, 40, 43, 45, 5, 1, 12, 3, 1, 29)","(40, 62, 36, 61, 8, 36, 61, 24, 96, 12, 7, 2, 19, 76, 55, 56, 86, 66, 25, 23)",716,744,True,0.03763440860215054
916,independent,20,316,"(44, 43, 34, 36, 40, 39, 46, 9, 23, 48, 2, 42, 47, 20, 50, 1, 48, 16, 34, 11)","(75, 25, 13, 69, 67, 68, 35, 78, 44, 62, 36, 59, 56, 24, 71, 25, 68, 95, 86, 42)",756,757,True,0.001321003963011889
917,independent,20,250,"(49, 33, 4, 42, 28, 39, 24, 49, 25, 21, 26, 45, 40, 1, 12, 8, 16, 14, 4, 20)","(67, 9, 12, 74, 50, 36, 95, 14, 64, 13, 44, 78, 44, 10, 99, 69, 23, 35, 29, 9)",682,682,False,0.0
918,independent,20,232,"(46, 30, 6, 24, 1, 3, 35, 30, 16, 41, 2, 23, 32, 43, 10, 4, 33, 9, 47, 30)","(82, 92, 19, 95, 54, 50, 56, 54, 51, 80, 37, 92, 57, 81, 11, 57, 11, 2, 30, 38)",764,767,True,0.003911342894393742
919,independent,20,244,"(44, 48, 19, 36, 12, 35, 31, 26, 4, 41, 41, 21, 6, 16, 16, 15, 16, 20, 25, 16)","(67, 36, 32, 31, 19, 32, 16, 14, 82, 31, 7, 89, 93, 33, 81, 11, 59, 42, 85, 52)",745,748,True,0.004010695187165776
920,independent,20,229,"(39, 27, 10, 12, 39, 34, 16, 34, 6, 2, 25, 43, 3, 28, 38, 29, 10, 21, 19, 23)","(41, 84, 44, 3, 85, 93, 49, 62, 68, 72, 31, 28, 50, 22, 40, 83, 98, 25, 37, 38)",825,825,False,0.0
921,independent,20,258,"(23, 26, 39, 1, 43, 12, 25, 40, 14, 38, 22, 49, 47, 42, 6, 6, 8, 6, 44, 24)","(45, 11, 23, 30, 98, 83, 6, 56, 78, 96, 92, 99, 55, 54, 74, 13, 67, 34, 71, 84)",893,893,False,0.0
922,independent,20,231,"(4, 32, 14, 5, 16, 21, 38, 19, 15, 21, 10, 15, 41, 45, 49, 36, 10, 27, 21, 23)","(65, 26, 95, 90, 38, 15, 17, 41, 95, 56, 56, 93, 20, 94, 34, 98, 26, 26, 81, 79)",928,943,True,0.015906680805938492
923,independent,20,235,"(31, 39, 36, 40, 2, 27, 7, 46, 29, 29, 15, 7, 41, 32, 4, 2, 36, 14, 30, 3)","(20, 48, 96, 87, 90, 11, 100, 60, 26, 82, 74, 52, 57, 58, 67, 9, 76, 10, 83, 75)",901,901,False,0.0
924,independent,20,210,"(37, 22, 5, 26, 17, 5, 22, 21, 44, 7, 4, 27, 27, 10, 26, 7, 43, 20, 32, 18)","(98, 59, 89, 84, 81, 6, 25, 76, 92, 24, 71, 57, 57, 10, 35, 17, 10, 42, 90, 9)",752,752,False,0.0
925,independent,20,244,"(6, 46, 48, 4, 20, 37, 6, 26, 28, 7, 41, 31, 37, 16, 7, 22, 21, 20, 38, 27)","(6, 36, 49, 100, 20, 14, 71, 8, 59, 76, 96, 31, 1, 93, 86, 37, 8, 42, 96, 53)",835,835,False,0.0
926,independent,20,248,"(42, 9, 24, 40, 34, 2, 27, 44, 16, 14, 10, 9, 33, 48, 50, 20, 19, 6, 4, 46)","(54, 80, 24, 3, 100, 78, 41, 21, 15, 40, 95, 96, 25, 65, 8, 63, 75, 44, 7, 48)",838,838,False,0.0
927,independent,20,218,"(41, 6, 13, 25, 2, 43, 43, 13, 15, 27, 16, 16, 7, 49, 36, 43, 10, 3, 25, 3)","(17, 14, 39, 49, 3, 88, 47, 27, 75, 54, 70, 64, 2, 70, 5, 21, 22, 38, 21, 38)",602,602,False,0.0
928,independent,20,264,"(20, 35, 50, 50, 15, 19, 35, 7, 36, 12, 12, 27, 28, 2, 19, 11, 50, 28, 38, 35)","(53, 19, 18, 63, 87, 79, 27, 35, 43, 73, 78, 20, 94, 100, 18, 17, 67, 8, 77, 100)",860,861,True,0.0011614401858304297
929,independent,20,217,"(13, 5, 5, 50, 38, 23, 18, 38, 16, 14, 23, 33, 19, 39, 10, 47, 5, 15, 5, 18)","(68, 38, 78, 57, 81, 39, 5, 48, 33, 52, 71, 26, 20, 8, 14, 91, 6, 82, 3, 68)",701,701,False,0.0
930,independent,20,312,"(34, 31, 49, 18, 36, 15, 17, 14, 43, 40, 50, 38, 8, 21, 40, 49, 17, 22, 38, 44)","(12, 36, 76, 73, 60, 90, 64, 22, 54, 62, 39, 14, 39, 89, 13, 28, 42, 42, 21, 83)",742,742,False,0.0
931,independent,20,320,"(28, 44, 37, 29, 20, 12, 35, 16, 23, 45, 27, 47, 12, 42, 40, 38, 29, 43, 24, 48)","(50, 72, 99, 29, 52, 65, 44, 38, 49, 92, 11, 55, 58, 100, 11, 26, 58, 58, 74, 79)",764,776,True,0.015463917525773196
932,independent,20,216,"(34, 44, 41, 33, 10, 2, 1, 9, 8, 49, 14, 15, 7, 23, 38, 24, 30, 26, 19, 6)","(14, 66, 93, 53, 16, 23, 13, 67, 28, 37, 44, 69, 54, 29, 2, 99, 73, 45, 27, 64)",725,725,False,0.0
933,independent,20,304,"(34, 12, 33, 43, 39, 9, 23, 43, 36, 27, 36, 12, 33, 45, 10, 45, 25, 16, 38, 50)","(73, 72, 3, 10, 26, 43, 11, 6, 94, 4, 1, 53, 52, 79, 90, 19, 54, 27, 30, 23)",678,678,False,0.0
934,independent,20,252,"(30, 1, 5, 10, 45, 45, 11, 10, 23, 7, 18, 46, 44, 35, 21, 46, 24, 40, 34, 9)","(32, 4, 34, 43, 72, 46, 77, 82, 81, 90, 88, 50, 57, 65, 69, 21, 94, 47, 29, 6)",846,846,False,0.0
935,independent,20,262,"(44, 30, 4, 12, 19, 46, 30, 37, 32, 50, 13, 16, 10, 24, 35, 31, 6, 33, 44, 8)","(94, 50, 43, 65, 61, 54, 52, 60, 17, 80, 93, 5, 92, 13, 56, 57, 53, 91, 38, 82)",838,863,True,0.028968713789107765
936,independent,20,282,"(10, 12, 40, 8, 46, 14, 30, 42, 24, 43, 46, 50, 5, 18, 14, 18, 38, 49, 43, 13)","(55, 5, 26, 62, 76, 50, 53, 47, 26, 34, 27, 36, 34, 80, 55, 82, 47, 78, 79, 35)",744,744,False,0.0
937,independent,20,302,"(35, 41, 40, 37, 35, 33, 10, 32, 44, 43, 45, 14, 1, 37, 46, 37, 24, 3, 43, 4)","(18, 11, 54, 30, 54, 17, 38, 26, 2, 23, 29, 79, 14, 62, 10, 24, 80, 24, 75, 9)",545,548,True,0.005474452554744526
938,independent,20,277,"(29, 24, 36, 12, 22, 48, 8, 36, 10, 43, 42, 43, 4, 17, 44, 16, 39, 8, 40, 33)","(64, 88, 81, 95, 43, 58, 16, 97, 45, 42, 87, 15, 59, 18, 19, 72, 27, 29, 66, 73)",824,833,True,0.010804321728691477
939,independent,20,225,"(7, 15, 22, 2, 44, 22, 5, 33, 41, 22, 21, 13, 39, 3, 35, 30, 16, 34, 24, 22)","(19, 30, 13, 85, 94, 98, 36, 86, 80, 73, 59, 2, 15, 88, 9, 39, 25, 52, 37, 5)",748,755,True,0.009271523178807948
940,independent,20,236,"(23, 1, 43, 46, 47, 4, 4, 38, 8, 4, 33, 5, 46, 26, 4, 4, 49, 10, 36, 41)","(35, 16, 40, 79, 75, 80, 13, 64, 88, 97, 7, 67, 82, 50, 30, 73, 33, 72, 95, 22)",906,906,False,0.0
941,independent,20,258,"(23, 35, 48, 43, 27, 50, 3, 48, 22, 39, 7, 6, 1, 18, 15, 46, 32, 39, 7, 7)","(68, 51, 88, 94, 80, 41, 95, 42, 30, 62, 86, 28, 77, 73, 77, 18, 26, 10, 74, 52)",954,954,False,0.0
942,independent,20,330,"(26, 46, 14, 17, 39, 31, 24, 41, 48, 45, 19, 20, 43, 49, 50, 25, 20, 39, 42, 22)","(28, 92, 78, 63, 7, 67, 70, 72, 49, 66, 20, 44, 22, 70, 82, 69, 81, 2, 66, 61)",799,799,False,0.0
943,independent,20,258,"(35, 35, 9, 50, 29, 33, 18, 26, 36, 29, 29, 6, 49, 30, 18, 26, 15, 10, 14, 19)","(31, 89, 89, 23, 57, 40, 21, 7, 41, 31, 81, 26, 60, 49, 69, 49, 89, 86, 81, 24)",810,810,False,0.0
944,independent,20,254,"(1, 33, 24, 23, 36, 38, 49, 21, 12, 28, 6, 36, 13, 15, 28, 19, 25, 13, 47, 41)","(41, 69, 8, 51, 77, 8, 26, 52, 8, 99, 75, 2, 28, 25, 17, 75, 45, 63, 21, 76)",731,731,False,0.0
945,independent,20,269,"(28, 45, 13, 13, 31, 37, 19, 25, 28, 30, 2, 34, 37, 43, 7, 43, 19, 46, 14, 24)","(44, 84, 29, 20, 58, 64, 10, 100, 70, 46, 59, 32, 79, 42, 21, 73, 19, 65, 6, 22)",637,637,False,0.0
946,independent,20,198,"(3, 42, 18, 19, 12, 12, 21, 15, 6, 19, 2, 39, 4, 34, 29, 33, 11, 25, 5, 47)","(92, 97, 63, 44, 11, 81, 76, 82, 13, 22, 2, 7, 75, 28, 39, 85, 46, 43, 67, 88)",823,823,False,0.0
947,independent,20,251,"(13, 18, 33, 11, 43, 49, 18, 10, 46, 15, 45, 9, 28, 41, 6, 13, 13, 19, 36, 36)","(89, 46, 14, 62, 41, 7, 46, 45, 76, 2, 44, 97, 98, 36, 96, 56, 28, 39, 41, 79)",857,857,False,0.0
948,independent,20,293,"(34, 50, 39, 6, 48, 22, 10, 46, 18, 15, 45, 23, 18, 29, 46, 46, 8, 12, 42, 29)","(46, 4, 9, 75, 55, 82, 37, 25, 10, 97, 4, 67, 44, 80, 48, 7, 28, 1, 84, 35)",730,730,False,0.0
949,independent,20,228,"(22, 24, 21, 40, 41, 36, 21, 9, 2, 8, 25, 29, 4, 42, 7, 25, 16, 36, 26, 21)","(86, 83, 35, 35, 61, 74, 2, 36, 50, 28, 22, 39, 90, 67, 50, 43, 58, 10, 92, 55)",780,780,False,0.0
950,independent,20,206,"(14, 45, 14, 4, 2, 28, 14, 19, 32, 3, 2, 9, 25, 43, 22, 47, 16, 32, 11, 31)","(26, 53, 58, 45, 24, 37, 99, 60, 98, 6, 83, 43, 6, 34, 9, 35, 23, 12, 55, 85)",742,742,False,0.0
951,independent,20,234,"(49, 12, 17, 7, 13, 27, 8, 21, 5, 20, 30, 43, 38, 40, 14, 3, 21, 10, 43, 46)","(99, 33, 39, 53, 2, 47, 17, 16, 5, 82, 30, 35, 63, 6, 83, 49, 9, 30, 19, 17)",616,616,False,0.0
952,independent,20,204,"(8, 4, 13, 11, 48, 32, 28, 3, 8, 2, 30, 27, 32, 32, 1, 47, 28, 9, 27, 18)","(87, 59, 5, 6, 5, 1, 50, 33, 35, 17, 5, 34, 90, 10, 39, 84, 12, 87, 94, 48)",729,729,False,0.0
953,independent,20,249,"(1, 25, 17, 28, 5, 40, 36, 43, 6, 12, 3, 43, 19, 49, 40, 44, 19, 27, 38, 3)","(30, 90, 90, 32, 7, 89, 49, 69, 39, 41, 30, 42, 40, 35, 100, 79, 6, 59, 16, 48)",742,742,False,0.0
954,independent,20,243,"(12, 4, 44, 11, 46, 19, 39, 45, 23, 10, 49, 14, 18, 37, 3, 6, 37, 21, 28, 20)","(74, 93, 90, 70, 90, 37, 74, 3, 66, 9, 16, 45, 29, 73, 46, 11, 45, 76, 1, 43)",777,778,True,0.0012853470437017994
955,independent,20,265,"(43, 30, 40, 10, 32, 1, 32, 6, 10, 17, 43, 17, 45, 40, 20, 34, 6, 44, 38, 22)","(53, 35, 51, 69, 41, 66, 82, 5, 79, 86, 35, 67, 62, 39, 63, 76, 39, 81, 24, 73)",848,848,False,0.0
956,independent,20,277,"(44, 10, 48, 30, 43, 39, 17, 30, 21, 37, 24, 17, 14, 41, 15, 6, 18, 40, 24, 36)","(51, 55, 86, 92, 12, 36, 33, 78, 81, 91, 93, 16, 67, 3, 73, 1, 77, 11, 10, 49)",827,827,False,0.0
957,independent,20,272,"(30, 50, 18, 27, 45, 48, 14, 37, 2, 28, 22, 23, 22, 40, 15, 14, 36, 25, 20, 28)","(24, 26, 47, 66, 14, 83, 76, 59, 26, 53, 61, 89, 60, 66, 94, 5, 95, 40, 37, 96)",805,822,True,0.02068126520681265
958,independent,20,270,"(21, 31, 28, 32, 39, 38, 35, 21, 45, 14, 34, 20, 19, 50, 7, 46, 13, 13, 15, 18)","(79, 30, 49, 1, 22, 97, 60, 22, 96, 23, 58, 16, 63, 87, 43, 38, 95, 26, 44, 45)",724,724,False,0.0
959,independent,20,304,"(31, 8, 27, 15, 35, 40, 26, 39, 41, 30, 19, 21, 39, 30, 44, 32, 7, 37, 41, 45)","(25, 82, 50, 9, 92, 9, 87, 2, 69, 2, 24, 24, 35, 95, 72, 22, 24, 99, 16, 5)",718,718,False,0.0
960,independent,20,268,"(25, 12, 19, 34, 25, 20, 31, 20, 39, 45, 11, 17, 25, 31, 41, 14, 39, 16, 41, 32)","(71, 6, 100, 92, 98, 62, 72, 45, 9, 33, 30, 27, 95, 27, 20, 19, 26, 61, 99, 40)",825,825,False,0.0
961,independent,20,266,"(42, 34, 8, 35, 9, 25, 20, 31, 48, 28, 37, 43, 3, 15, 12, 25, 33, 12, 40, 33)","(99, 8, 54, 33, 46, 18, 49, 71, 55, 93, 93, 47, 23, 7, 58, 61, 96, 81, 8, 28)",824,824,False,0.0
962,independent,20,202,"(17, 42, 29, 9, 13, 37, 42, 2, 15, 20, 30, 2, 6, 12, 40, 24, 27, 20, 10, 6)","(73, 84, 43, 52, 44, 98, 34, 73, 6, 5, 38, 76, 76, 10, 81, 49, 14, 85, 70, 49)",836,839,True,0.003575685339690107
963,independent,20,303,"(35, 14, 48, 23, 17, 10, 41, 19, 50, 30, 22, 12, 45, 43, 36, 32, 47, 23, 36, 23)","(39, 21, 3, 84, 73, 95, 40, 81, 15, 88, 23, 9, 25, 20, 87, 70, 51, 75, 43, 2)",779,780,True,0.001282051282051282
964,independent,20,214,"(33, 36, 5, 14, 45, 32, 8, 3, 8, 11, 28, 5, 32, 34, 36, 32, 30, 31, 3, 2)","(56, 70, 31, 68, 89, 4, 75, 68, 66, 74, 59, 40, 45, 52, 78, 12, 99, 87, 65, 88)",898,928,True,0.032327586206896554
965,independent,20,316,"(15, 21, 45, 47, 49, 43, 13, 23, 39, 48, 31, 13, 32, 21, 45, 44, 45, 9, 27, 21)","(64, 58, 33, 34, 89, 50, 80, 57, 96, 32, 46, 25, 5, 53, 53, 97, 19, 90, 39, 1)",794,794,False,0.0
966,independent,20,192,"(3, 43, 32, 30, 22, 40, 4, 5, 11, 1, 21, 48, 11, 18, 9, 6, 47, 15, 16, 3)","(43, 74, 42, 49, 82, 40, 65, 37, 52, 18, 74, 18, 74, 90, 41, 55, 96, 97, 99, 45)",968,968,False,0.0
967,independent,20,240,"(34, 14, 36, 34, 2, 7, 9, 35, 10, 39, 37, 42, 11, 26, 8, 19, 39, 37, 36, 5)","(16, 55, 9, 5, 51, 37, 73, 45, 86, 74, 51, 24, 71, 52, 26, 10, 86, 26, 72, 98)",791,806,True,0.018610421836228287
968,independent,20,239,"(7, 50, 41, 14, 27, 19, 9, 21, 28, 18, 24, 34, 7, 47, 9, 43, 16, 13, 36, 15)","(37, 74, 8, 85, 37, 73, 2, 67, 14, 27, 13, 89, 17, 27, 13, 71, 88, 43, 60, 49)",692,693,True,0.001443001443001443
969,independent,20,243,"(25, 36, 50, 6, 26, 16, 27, 38, 39, 12, 17, 22, 48, 35, 13, 15, 17, 32, 3, 9)","(85, 12, 38, 88, 6, 71, 49, 66, 91, 51, 11, 57, 57, 61, 49, 6, 75, 74, 32, 96)",829,835,True,0.00718562874251497
970,independent,20,231,"(19, 8, 45, 9, 2, 3, 50, 15, 20, 2, 38, 47, 28, 17, 37, 5, 43, 28, 34, 12)","(90, 13, 72, 25, 42, 83, 26, 53, 47, 86, 71, 9, 19, 44, 85, 83, 81, 84, 49, 38)",854,865,True,0.012716763005780347
971,independent,20,227,"(17, 45, 11, 5, 15, 13, 13, 43, 9, 4, 22, 41, 35, 31, 27, 23, 16, 36, 34, 14)","(30, 34, 9, 22, 90, 86, 47, 4, 12, 97, 56, 15, 76, 23, 96, 59, 77, 26, 54, 25)",782,790,True,0.010126582278481013
972,independent,20,293,"(47, 35, 14, 28, 39, 21, 28, 49, 29, 38, 15, 33, 1, 33, 31, 37, 15, 19, 41, 33)","(16, 53, 49, 34, 32, 73, 16, 13, 3, 49, 92, 43, 30, 12, 52, 59, 24, 17, 15, 20)",575,575,False,0.0
973,independent,20,302,"(10, 4, 46, 50, 37, 30, 5, 24, 41, 5, 34, 41, 35, 33, 15, 27, 44, 34, 49, 41)","(77, 54, 34, 36, 14, 60, 10, 6, 99, 71, 19, 1, 71, 29, 11, 91, 62, 10, 1, 79)",714,714,False,0.0
974,independent,20,232,"(22, 39, 40, 45, 26, 26, 19, 23, 5, 39, 18, 13, 18, 5, 35, 24, 26, 16, 5, 20)","(66, 100, 75, 2, 62, 32, 92, 39, 90, 84, 78, 84, 75, 11, 91, 5, 7, 48, 48, 100)",883,901,True,0.01997780244173141
975,independent,20,288,"(32, 45, 42, 36, 4, 50, 17, 36, 4, 47, 41, 21, 38, 5, 9, 50, 36, 27, 16, 21)","(90, 8, 76, 88, 39, 9, 84, 74, 65, 7, 34, 67, 36, 42, 35, 98, 76, 26, 56, 21)",835,835,False,0.0
976,independent,20,308,"(22, 44, 46, 19, 38, 49, 16, 39, 17, 42, 30, 4, 36, 50, 1, 47, 35, 8, 28, 45)","(95, 25, 7, 71, 62, 43, 78, 1, 87, 67, 88, 62, 49, 20, 65, 44, 25, 51, 87, 70)",932,932,False,0.0
977,independent,20,296,"(41, 4, 35, 22, 38, 48, 41, 45, 13, 42, 24, 43, 14, 37, 14, 23, 5, 49, 16, 37)","(99, 83, 39, 86, 5, 31, 80, 34, 13, 73, 89, 33, 54, 26, 16, 61, 28, 36, 58, 69)",809,809,False,0.0
978,independent,20,240,"(38, 49, 26, 35, 13, 39, 11, 13, 13, 22, 7, 16, 10, 49, 24, 25, 15, 3, 47, 26)","(20, 12, 30, 56, 44, 61, 10, 88, 80, 34, 47, 94, 29, 65, 87, 14, 67, 34, 50, 47)",768,768,False,0.0
979,independent,20,255,"(30, 14, 24, 43, 6, 46, 2, 39, 32, 32, 5, 8, 32, 6, 47, 45, 21, 44, 3, 31)","(24, 14, 21, 16, 19, 70, 42, 31, 50, 87, 89, 19, 35, 80, 43, 46, 98, 28, 48, 47)",698,709,True,0.015514809590973202
980,independent,20,222,"(28, 12, 18, 43, 19, 22, 3, 11, 46, 10, 9, 35, 10, 6, 18, 13, 35, 50, 22, 35)","(40, 28, 37, 53, 96, 16, 95, 42, 25, 90, 87, 32, 80, 42, 46, 55, 77, 77, 34, 96)",905,905,False,0.0
981,independent,20,234,"(15, 9, 24, 32, 49, 30, 35, 12, 20, 31, 47, 10, 19, 21, 5, 1, 2, 37, 44, 25)","(8, 46, 92, 14, 47, 60, 64, 21, 7, 20, 94, 46, 77, 44, 85, 7, 87, 83, 100, 13)",756,782,True,0.03324808184143223
982,independent,20,237,"(33, 24, 31, 6, 40, 41, 19, 4, 44, 22, 13, 26, 25, 1, 50, 16, 39, 17, 17, 6)","(13, 11, 35, 33, 68, 99, 8, 31, 2, 9, 85, 55, 67, 59, 55, 55, 66, 53, 73, 83)",772,774,True,0.002583979328165375
983,independent,20,258,"(43, 49, 25, 38, 25, 34, 38, 17, 9, 7, 26, 14, 15, 11, 9, 33, 42, 48, 30, 3)","(68, 65, 71, 74, 2, 71, 15, 62, 8, 99, 25, 17, 9, 63, 39, 31, 57, 88, 56, 11)",659,671,True,0.01788375558867362
984,independent,20,260,"(47, 7, 9, 40, 23, 34, 17, 24, 39, 10, 49, 48, 20, 49, 36, 7, 18, 10, 28, 4)","(81, 61, 11, 46, 3, 68, 86, 29, 32, 33, 91, 87, 23, 7, 18, 29, 37, 78, 96, 86)",763,781,True,0.023047375160051217
985,independent,20,248,"(22, 24, 32, 38, 19, 10, 20, 33, 35, 9, 31, 17, 28, 30, 1, 36, 8, 25, 32, 47)","(28, 3, 53, 21, 15, 36, 55, 10, 92, 12, 67, 45, 10, 44, 51, 49, 24, 67, 50, 84)",586,602,True,0.026578073089700997
986,independent,20,269,"(8, 24, 5, 31, 41, 29, 11, 37, 46, 14, 21, 29, 2, 48, 49, 49, 29, 28, 11, 26)","(11, 24, 74, 63, 96, 31, 51, 41, 2, 2, 12, 36, 27, 66, 17, 75, 12, 13, 43, 37)",579,584,True,0.008561643835616438
987,independent,20,250,"(35, 50, 34, 2, 18, 15, 42, 43, 46, 21, 25, 4, 33, 9, 3, 6, 32, 34, 6, 42)","(68, 81, 7, 3, 7, 10, 86, 90, 28, 87, 17, 98, 88, 99, 75, 60, 28, 64, 6, 60)",824,835,True,0.013173652694610778
988,independent,20,228,"(20, 7, 7, 6, 19, 25, 25, 28, 19, 39, 14, 15, 45, 19, 34, 44, 30, 31, 29, 1)","(78, 74, 32, 40, 5, 51, 77, 70, 50, 79, 72, 21, 4, 47, 23, 58, 92, 13, 96, 20)",769,780,True,0.014102564102564103
989,independent,20,256,"(6, 20, 18, 46, 3, 7, 50, 6, 19, 29, 46, 24, 39, 14, 28, 22, 49, 19, 48, 19)","(18, 90, 55, 86, 92, 21, 25, 91, 54, 41, 42, 27, 90, 80, 24, 35, 40, 44, 35, 67)",823,832,True,0.010817307692307692
990,independent,20,331,"(33, 47, 19, 17, 40, 45, 35, 23, 50, 44, 38, 40, 33, 33, 1, 26, 31, 21, 49, 37)","(6, 34, 98, 35, 66, 7, 19, 36, 61, 82, 58, 7, 58, 97, 67, 14, 16, 28, 51, 37)",686,686,False,0.0
991,independent,20,236,"(10, 42, 19, 12, 10, 37, 24, 14, 25, 39, 37, 12, 2, 18, 39, 26, 16, 16, 45, 29)","(59, 24, 34, 89, 59, 20, 89, 92, 72, 82, 62, 97, 78, 16, 34, 93, 43, 74, 88, 19)",961,972,True,0.01131687242798354
992,independent,20,270,"(13, 1, 21, 40, 23, 22, 25, 18, 25, 40, 28, 24, 46, 38, 17, 32, 16, 34, 42, 34)","(47, 95, 38, 92, 13, 56, 16, 5, 43, 99, 84, 59, 57, 99, 90, 42, 8, 12, 68, 36)",802,802,False,0.0
993,independent,20,215,"(4, 10, 22, 38, 24, 28, 20, 27, 17, 3, 3, 34, 25, 2, 39, 37, 6, 4, 41, 46)","(11, 70, 79, 29, 98, 34, 80, 31, 39, 5, 30, 26, 73, 84, 11, 79, 92, 43, 28, 7)",817,817,False,0.0
994,independent,20,216,"(9, 36, 25, 24, 33, 7, 19, 19, 8, 50, 19, 8, 1, 17, 15, 8, 49, 15, 32, 37)","(98, 100, 84, 7, 18, 95, 89, 13, 2, 50, 97, 34, 35, 58, 50, 54, 3, 62, 29, 70)",926,926,False,0.0
995,independent,20,260,"(12, 49, 16, 20, 42, 22, 18, 7, 16, 27, 43, 8, 11, 39, 11, 47, 26, 19, 37, 50)","(37, 86, 56, 14, 68, 45, 86, 95, 29, 82, 28, 32, 96, 23, 5, 84, 19, 88, 54, 96)",826,828,True,0.0024154589371980675
996,independent,20,270,"(29, 15, 7, 34, 31, 40, 40, 21, 39, 35, 38, 12, 2, 35, 50, 45, 27, 20, 18, 1)","(62, 14, 47, 3, 46, 84, 29, 21, 47, 47, 75, 66, 58, 42, 21, 56, 78, 78, 28, 1)",670,679,True,0.013254786450662739
997,independent,20,229,"(30, 20, 12, 13, 13, 5, 49, 31, 1, 25, 13, 21, 2, 38, 1, 21, 41, 28, 45, 49)","(58, 36, 47, 46, 92, 13, 68, 55, 59, 1, 52, 68, 96, 100, 95, 14, 99, 6, 10, 27)",861,880,True,0.02159090909090909
998,independent,20,260,"(11, 39, 31, 13, 47, 30, 12, 44, 2, 23, 18, 17, 11, 29, 19, 48, 2, 35, 43, 45)","(62, 69, 24, 72, 86, 100, 100, 92, 78, 98, 99, 82, 66, 97, 2, 13, 42, 54, 27, 6)",1074,1074,False,0.0
999,independent,20,272,"(44, 37, 35, 31, 42, 42, 7, 13, 17, 4, 50, 26, 41, 5, 2, 42, 14, 44, 11, 36)","(11, 74, 63, 17, 41, 83, 83, 20, 74, 90, 33, 30, 52, 35, 26, 65, 24, 43, 12, 77)",726,726,False,0.0
