seed,family,number_of_items,capacity,weights,values,greedy_value,optimal_value,failure,relative_gap
0,strongly_correlated,20,252,"(25, 49, 27, 3, 17, 33, 32, 26, 20, 31, 23, 38, 14, 33, 9, 19, 9, 49, 7, 40)","(35, 59, 37, 13, 27, 43, 42, 36, 30, 41, 33, 48, 24, 43, 19, 29, 19, 59, 17, 50)",360,382,True,0.05759162303664921
1,strongly_correlated,20,264,"(9, 37, 49, 5, 17, 8, 32, 49, 29, 31, 42, 25, 14, 7, 32, 2, 25, 28, 39, 49)","(19, 47, 59, 15, 27, 18, 42, 59, 39, 41, 52, 35, 24, 17, 42, 12, 35, 38, 49, 59)",404,404,False,0.0
2,strongly_correlated,20,254,"(4, 6, 6, 24, 11, 48, 43, 20, 17, 39, 14, 39, 3, 38, 44, 11, 28, 41, 26, 47)","(14, 16, 16, 34, 21, 58, 53, 30, 27, 49, 24, 49, 13, 48, 54, 21, 38, 51, 36, 57)",387,394,True,0.017766497461928935
3,strongly_correlated,20,270,"(16, 38, 35, 9, 24, 39, 31, 41, 38, 5, 39, 1, 31, 17, 36, 15, 13, 46, 31, 35)","(26, 48, 45, 19, 34, 49, 41, 51, 48, 15, 49, 11, 41, 27, 46, 25, 23, 56, 41, 45)",393,400,True,0.0175
4,strongly_correlated,20,215,"(16, 20, 7, 47, 26, 31, 10, 6, 5, 2, 26, 36, 19, 49, 4, 15, 34, 35, 24, 18)","(26, 30, 17, 57, 36, 41, 20, 16, 15, 12, 36, 46, 29, 59, 14, 25, 44, 45, 34, 28)",338,355,True,0.04788732394366197
5,strongly_correlated,20,278,"(40, 17, 48, 23, 45, 48, 42, 34, 2, 30, 50, 16, 42, 4, 11, 8, 24, 31, 16, 25)","(50, 27, 58, 33, 55, 58, 52, 44, 12, 40, 60, 26, 52, 14, 21, 18, 34, 41, 26, 35)",371,408,True,0.09068627450980392
6,strongly_correlated,20,262,"(37, 6, 32, 49, 17, 3, 1, 10, 43, 38, 31, 49, 48, 24, 21, 50, 2, 18, 32, 13)","(47, 16, 42, 59, 27, 13, 11, 20, 53, 48, 41, 59, 58, 34, 31, 60, 12, 28, 42, 23)",387,401,True,0.034912718204488775
7,strongly_correlated,20,177,"(21, 10, 26, 42, 4, 5, 35, 7, 24, 38, 4, 33, 14, 3, 6, 28, 27, 5, 16, 6)","(31, 20, 36, 52, 14, 15, 45, 17, 34, 48, 14, 43, 24, 13, 16, 38, 37, 15, 26, 16)",291,317,True,0.08201892744479496
8,strongly_correlated,20,216,"(15, 24, 25, 9, 13, 46, 3, 6, 9, 16, 33, 14, 26, 42, 2, 30, 32, 30, 25, 32)","(25, 34, 35, 19, 23, 56, 13, 16, 19, 26, 43, 24, 36, 52, 12, 40, 42, 40, 35, 42)",317,346,True,0.0838150289017341
9,strongly_correlated,20,263,"(30, 40, 24, 18, 9, 12, 44, 1, 22, 33, 30, 39, 6, 22, 36, 40, 45, 3, 47, 25)","(40, 50, 34, 28, 19, 22, 54, 11, 32, 43, 40, 49, 16, 32, 46, 50, 55, 13, 57, 35)",365,393,True,0.07124681933842239
10,strongly_correlated,20,234,"(37, 3, 28, 31, 37, 1, 14, 30, 32, 18, 42, 11, 3, 34, 32, 21, 5, 16, 48, 24)","(47, 13, 38, 41, 47, 11, 24, 40, 42, 28, 52, 21, 13, 44, 42, 31, 15, 26, 58, 34)",335,364,True,0.07967032967032966
11,strongly_correlated,20,267,"(29, 36, 50, 30, 29, 33, 38, 13, 12, 33, 31, 41, 40, 12, 7, 29, 20, 10, 6, 35)","(39, 46, 60, 40, 39, 43, 48, 23, 22, 43, 41, 51, 50, 22, 17, 39, 30, 20, 16, 45)",391,397,True,0.015113350125944584
12,strongly_correlated,20,276,"(31, 18, 43, 34, 43, 23, 10, 25, 1, 24, 31, 18, 42, 30, 45, 39, 15, 36, 1, 43)","(41, 28, 53, 44, 53, 33, 20, 35, 11, 34, 41, 28, 52, 40, 55, 49, 25, 46, 11, 53)",391,406,True,0.03694581280788178
13,strongly_correlated,20,247,"(17, 19, 44, 44, 12, 42, 15, 43, 10, 15, 42, 47, 12, 9, 5, 35, 14, 48, 19, 2)","(27, 29, 54, 54, 22, 52, 25, 53, 20, 25, 52, 57, 22, 19, 15, 45, 24, 58, 29, 12)",366,384,True,0.046875
14,strongly_correlated,20,302,"(7, 40, 45, 49, 42, 34, 16, 18, 48, 17, 19, 47, 5, 43, 29, 20, 30, 44, 26, 26)","(17, 50, 55, 59, 52, 44, 26, 28, 58, 27, 29, 57, 15, 53, 39, 30, 40, 54, 36, 36)",417,432,True,0.034722222222222224
15,strongly_correlated,20,210,"(14, 1, 34, 48, 3, 11, 16, 2, 4, 44, 10, 45, 24, 16, 8, 22, 30, 46, 23, 18)","(24, 11, 44, 58, 13, 21, 26, 12, 14, 54, 20, 55, 34, 26, 18, 32, 40, 56, 33, 28)",352,356,True,0.011235955056179775
16,strongly_correlated,20,244,"(24, 31, 31, 19, 27, 15, 29, 1, 27, 43, 46, 17, 16, 41, 15, 1, 19, 20, 22, 43)","(34, 41, 41, 29, 37, 25, 39, 11, 37, 53, 56, 27, 26, 51, 25, 11, 29, 30, 32, 53)",353,374,True,0.05614973262032086
17,strongly_correlated,20,275,"(34, 27, 20, 24, 19, 12, 50, 46, 46, 35, 43, 18, 8, 2, 16, 25, 48, 27, 17, 33)","(44, 37, 30, 34, 29, 22, 60, 56, 56, 45, 53, 28, 18, 12, 26, 35, 58, 37, 27, 43)",378,405,True,0.06666666666666667
18,strongly_correlated,20,230,"(12, 8, 43, 29, 22, 16, 13, 32, 41, 32, 12, 31, 19, 30, 17, 13, 17, 45, 8, 21)","(22, 18, 53, 39, 32, 26, 23, 42, 51, 42, 22, 41, 29, 40, 27, 23, 27, 55, 18, 31)",337,360,True,0.06388888888888888
19,strongly_correlated,20,219,"(44, 3, 34, 8, 33, 13, 26, 23, 34, 19, 38, 10, 39, 17, 7, 17, 27, 21, 18, 7)","(54, 13, 44, 18, 43, 23, 36, 33, 44, 29, 48, 20, 49, 27, 17, 27, 37, 31, 28, 17)",356,356,False,0.0
20,strongly_correlated,20,248,"(47, 44, 50, 10, 17, 44, 41, 7, 21, 37, 11, 2, 27, 27, 5, 7, 9, 21, 31, 38)","(57, 54, 60, 20, 27, 54, 51, 17, 31, 47, 21, 12, 37, 37, 15, 17, 19, 31, 41, 48)",372,388,True,0.041237113402061855
21,strongly_correlated,20,236,"(11, 27, 45, 27, 41, 19, 31, 14, 31, 33, 12, 33, 34, 16, 1, 1, 24, 38, 28, 5)","(21, 37, 55, 37, 51, 29, 41, 24, 41, 43, 22, 43, 44, 26, 11, 11, 34, 48, 38, 15)",346,366,True,0.0546448087431694
22,strongly_correlated,20,234,"(9, 16, 2, 40, 29, 12, 45, 8, 48, 42, 23, 6, 15, 18, 4, 21, 39, 12, 36, 44)","(19, 26, 12, 50, 39, 22, 55, 18, 58, 52, 33, 16, 25, 28, 14, 31, 49, 22, 46, 54)",351,374,True,0.06149732620320856
23,strongly_correlated,20,224,"(50, 19, 6, 2, 38, 20, 28, 25, 34, 23, 9, 47, 13, 18, 29, 1, 15, 40, 30, 2)","(60, 29, 16, 12, 48, 30, 38, 35, 44, 33, 19, 57, 23, 28, 39, 11, 25, 50, 40, 12)",350,364,True,0.038461538461538464
24,strongly_correlated,20,280,"(46, 25, 38, 12, 14, 11, 13, 11, 43, 44, 6, 46, 49, 10, 46, 19, 47, 50, 1, 29)","(56, 35, 48, 22, 24, 21, 23, 21, 53, 54, 16, 56, 59, 20, 56, 29, 57, 60, 11, 39)",416,420,True,0.009523809523809525
25,strongly_correlated,20,260,"(25, 50, 1, 14, 20, 41, 31, 3, 49, 17, 3, 20, 37, 28, 7, 38, 8, 37, 44, 47)","(35, 60, 11, 24, 30, 51, 41, 13, 59, 27, 13, 30, 47, 38, 17, 48, 18, 47, 54, 57)",391,399,True,0.020050125313283207
26,strongly_correlated,20,305,"(48, 13, 43, 14, 28, 39, 35, 4, 9, 50, 49, 31, 3, 47, 44, 40, 33, 11, 41, 28)","(58, 23, 53, 24, 38, 49, 45, 14, 19, 60, 59, 41, 13, 57, 54, 50, 43, 21, 51, 38)",418,435,True,0.03908045977011494
27,strongly_correlated,20,224,"(42, 31, 45, 18, 19, 13, 5, 5, 17, 35, 22, 17, 24, 26, 12, 16, 16, 32, 5, 47)","(52, 41, 55, 28, 29, 23, 15, 15, 27, 45, 32, 27, 34, 36, 22, 26, 26, 42, 15, 57)",355,364,True,0.024725274725274724
28,strongly_correlated,20,246,"(8, 48, 9, 35, 39, 46, 12, 15, 9, 41, 30, 49, 27, 14, 14, 10, 26, 11, 9, 39)","(18, 58, 19, 45, 49, 56, 22, 25, 19, 51, 40, 59, 37, 24, 24, 20, 36, 21, 19, 49)",369,386,True,0.04404145077720207
29,strongly_correlated,20,218,"(36, 5, 23, 39, 39, 19, 6, 33, 23, 26, 27, 2, 3, 7, 29, 42, 15, 23, 6, 32)","(46, 15, 33, 49, 49, 29, 16, 43, 33, 36, 37, 12, 13, 17, 39, 52, 25, 33, 16, 42)",354,358,True,0.0111731843575419
30,strongly_correlated,20,204,"(35, 19, 40, 2, 40, 42, 14, 17, 4, 26, 25, 42, 9, 6, 30, 1, 34, 16, 2, 5)","(45, 29, 50, 12, 50, 52, 24, 27, 14, 36, 35, 52, 19, 16, 40, 11, 44, 26, 12, 15)",316,344,True,0.08139534883720931
31,strongly_correlated,20,226,"(1, 31, 8, 49, 26, 10, 44, 3, 9, 8, 35, 15, 46, 49, 9, 10, 48, 3, 43, 4)","(11, 41, 18, 59, 36, 20, 54, 13, 19, 18, 45, 25, 56, 59, 19, 20, 58, 13, 53, 14)",365,376,True,0.02925531914893617
32,strongly_correlated,20,227,"(5, 14, 10, 20, 45, 16, 32, 2, 47, 3, 7, 21, 33, 22, 4, 34, 45, 31, 24, 39)","(15, 24, 20, 30, 55, 26, 42, 12, 57, 13, 17, 31, 43, 32, 14, 44, 55, 41, 34, 49)",351,367,True,0.043596730245231606
33,strongly_correlated,20,306,"(37, 11, 41, 15, 18, 31, 42, 35, 34, 12, 42, 40, 33, 21, 44, 34, 31, 29, 19, 44)","(47, 21, 51, 25, 28, 41, 52, 45, 44, 22, 52, 50, 43, 31, 54, 44, 41, 39, 29, 54)",408,426,True,0.04225352112676056
34,strongly_correlated,20,207,"(34, 23, 38, 2, 15, 2, 25, 24, 5, 28, 20, 22, 7, 38, 33, 10, 7, 18, 23, 40)","(44, 33, 48, 12, 25, 12, 35, 34, 15, 38, 30, 32, 17, 48, 43, 20, 17, 28, 33, 50)",343,347,True,0.011527377521613832
35,strongly_correlated,20,300,"(36, 22, 49, 9, 48, 22, 10, 19, 28, 17, 37, 4, 48, 34, 49, 18, 42, 24, 46, 38)","(46, 32, 59, 19, 58, 32, 20, 29, 38, 27, 47, 14, 58, 44, 59, 28, 52, 34, 56, 48)",410,430,True,0.046511627906976744
36,strongly_correlated,20,223,"(22, 4, 2, 19, 6, 1, 33, 41, 12, 16, 18, 47, 42, 28, 24, 36, 18, 35, 5, 37)","(32, 14, 12, 29, 16, 11, 43, 51, 22, 26, 28, 57, 52, 38, 34, 46, 28, 45, 15, 47)",348,363,True,0.04132231404958678
37,strongly_correlated,20,318,"(44, 39, 6, 40, 43, 48, 41, 33, 3, 41, 24, 29, 34, 7, 44, 30, 39, 19, 25, 48)","(54, 49, 16, 50, 53, 58, 51, 43, 13, 51, 34, 39, 44, 17, 54, 40, 49, 29, 35, 58)",408,438,True,0.0684931506849315
38,strongly_correlated,20,284,"(41, 27, 28, 49, 47, 7, 5, 24, 45, 30, 24, 3, 39, 43, 11, 38, 23, 21, 18, 46)","(51, 37, 38, 59, 57, 17, 15, 34, 55, 40, 34, 13, 49, 53, 21, 48, 33, 31, 28, 56)",389,414,True,0.06038647342995169
39,strongly_correlated,20,226,"(14, 17, 25, 2, 13, 15, 26, 47, 37, 1, 42, 17, 44, 23, 46, 12, 2, 19, 44, 5)","(24, 27, 35, 12, 23, 25, 36, 57, 47, 11, 52, 27, 54, 33, 56, 22, 12, 29, 54, 15)",331,366,True,0.09562841530054644
40,strongly_correlated,20,275,"(30, 38, 34, 3, 16, 19, 43, 41, 43, 14, 9, 49, 23, 18, 48, 29, 2, 34, 48, 9)","(40, 48, 44, 13, 26, 29, 53, 51, 53, 24, 19, 59, 33, 28, 58, 39, 12, 44, 58, 19)",370,405,True,0.08641975308641975
41,strongly_correlated,20,276,"(25, 22, 15, 11, 25, 37, 45, 19, 36, 18, 25, 47, 49, 37, 1, 50, 16, 43, 2, 29)","(35, 32, 25, 21, 35, 47, 55, 29, 46, 28, 35, 57, 59, 47, 11, 60, 26, 53, 12, 39)",374,406,True,0.07881773399014778
42,strongly_correlated,20,218,"(41, 8, 2, 48, 18, 16, 15, 9, 48, 7, 44, 48, 35, 6, 38, 28, 3, 2, 6, 14)","(51, 18, 12, 58, 28, 26, 25, 19, 58, 17, 54, 58, 45, 16, 48, 38, 13, 12, 16, 24)",357,367,True,0.027247956403269755
43,strongly_correlated,20,290,"(3, 19, 45, 49, 10, 30, 24, 43, 45, 7, 30, 39, 32, 39, 2, 33, 28, 37, 24, 40)","(13, 29, 55, 59, 20, 40, 34, 53, 55, 17, 40, 49, 42, 49, 12, 43, 38, 47, 34, 50)",409,420,True,0.02619047619047619
44,strongly_correlated,20,224,"(27, 34, 35, 45, 8, 12, 25, 15, 19, 2, 15, 8, 37, 1, 7, 11, 50, 33, 45, 20)","(37, 44, 45, 55, 18, 22, 35, 25, 29, 12, 25, 18, 47, 11, 17, 21, 60, 43, 55, 30)",343,364,True,0.057692307692307696
45,strongly_correlated,20,187,"(18, 27, 32, 17, 6, 20, 22, 2, 5, 31, 1, 8, 19, 8, 20, 48, 42, 3, 40, 5)","(28, 37, 42, 27, 16, 30, 32, 12, 15, 41, 11, 18, 29, 18, 30, 58, 52, 13, 50, 15)",331,336,True,0.01488095238095238
46,strongly_correlated,20,203,"(5, 26, 3, 38, 38, 15, 41, 34, 10, 38, 35, 3, 2, 5, 21, 41, 4, 2, 9, 36)","(15, 36, 13, 48, 48, 25, 51, 44, 20, 48, 45, 13, 12, 15, 31, 51, 14, 12, 19, 46)",314,343,True,0.08454810495626822
47,strongly_correlated,20,226,"(23, 5, 28, 36, 30, 37, 22, 17, 33, 25, 26, 40, 3, 27, 43, 2, 7, 1, 17, 31)","(33, 15, 38, 46, 40, 47, 32, 27, 43, 35, 36, 50, 13, 37, 53, 12, 17, 11, 27, 41)",333,356,True,0.06460674157303371
48,strongly_correlated,20,273,"(36, 21, 9, 36, 46, 35, 20, 33, 13, 46, 49, 28, 11, 10, 43, 7, 32, 42, 15, 14)","(46, 31, 19, 46, 56, 45, 30, 43, 23, 56, 59, 38, 21, 20, 53, 17, 42, 52, 25, 24)",378,403,True,0.062034739454094295
49,strongly_correlated,20,267,"(5, 23, 27, 8, 21, 49, 36, 33, 4, 44, 3, 49, 48, 18, 10, 30, 47, 3, 41, 35)","(15, 33, 37, 18, 31, 59, 46, 43, 14, 54, 13, 59, 58, 28, 20, 40, 57, 13, 51, 45)",396,407,True,0.02702702702702703
50,strongly_correlated,20,252,"(32, 18, 24, 41, 16, 45, 31, 50, 22, 6, 35, 21, 15, 44, 36, 6, 10, 23, 7, 23)","(42, 28, 34, 51, 26, 55, 41, 60, 32, 16, 45, 31, 25, 54, 46, 16, 20, 33, 17, 33)",352,382,True,0.07853403141361257
51,strongly_correlated,20,301,"(16, 33, 36, 11, 16, 15, 36, 17, 26, 36, 30, 47, 45, 36, 34, 41, 22, 38, 43, 24)","(26, 43, 46, 21, 26, 25, 46, 27, 36, 46, 40, 57, 55, 46, 44, 51, 32, 48, 53, 34)",400,421,True,0.0498812351543943
52,strongly_correlated,20,216,"(18, 4, 47, 33, 31, 24, 27, 3, 9, 11, 27, 12, 23, 29, 41, 1, 3, 35, 25, 29)","(28, 14, 57, 43, 41, 34, 37, 13, 19, 21, 37, 22, 33, 39, 51, 11, 13, 45, 35, 39)",356,356,False,0.0
53,strongly_correlated,20,292,"(40, 14, 30, 33, 46, 31, 46, 34, 24, 47, 30, 47, 2, 3, 11, 23, 48, 9, 17, 48)","(50, 24, 40, 43, 56, 41, 56, 44, 34, 57, 40, 57, 12, 13, 21, 33, 58, 19, 27, 58)",391,422,True,0.07345971563981042
54,strongly_correlated,20,266,"(9, 29, 36, 20, 31, 32, 25, 15, 29, 22, 37, 47, 25, 14, 47, 13, 4, 32, 36, 29)","(19, 39, 46, 30, 41, 42, 35, 25, 39, 32, 47, 57, 35, 24, 57, 23, 14, 42, 46, 39)",395,396,True,0.0025252525252525255
55,strongly_correlated,20,249,"(6, 13, 10, 48, 20, 6, 48, 12, 20, 6, 23, 47, 43, 31, 35, 25, 25, 33, 26, 21)","(16, 23, 20, 58, 30, 16, 58, 22, 30, 16, 33, 57, 53, 41, 45, 35, 35, 43, 36, 31)",384,388,True,0.010309278350515464
56,strongly_correlated,20,272,"(36, 1, 31, 42, 34, 20, 50, 35, 27, 46, 15, 7, 24, 40, 5, 22, 42, 17, 37, 14)","(46, 11, 41, 52, 44, 30, 60, 45, 37, 56, 25, 17, 34, 50, 15, 32, 52, 27, 47, 24)",382,402,True,0.04975124378109453
57,strongly_correlated,20,251,"(3, 24, 38, 39, 2, 15, 33, 21, 31, 19, 28, 41, 25, 2, 48, 11, 34, 39, 24, 25)","(13, 34, 48, 49, 12, 25, 43, 31, 41, 29, 38, 51, 35, 12, 58, 21, 44, 49, 34, 35)",360,381,True,0.05511811023622047
58,strongly_correlated,20,230,"(38, 13, 14, 48, 42, 13, 3, 13, 29, 26, 23, 19, 17, 29, 40, 27, 19, 38, 7, 1)","(48, 23, 24, 58, 52, 23, 13, 23, 39, 36, 33, 29, 27, 39, 50, 37, 29, 48, 17, 11)",364,370,True,0.016216216216216217
59,strongly_correlated,20,254,"(15, 6, 42, 30, 2, 9, 20, 46, 2, 44, 40, 1, 32, 25, 32, 35, 20, 49, 11, 47)","(25, 16, 52, 40, 12, 19, 30, 56, 12, 54, 50, 11, 42, 35, 42, 45, 30, 59, 21, 57)",380,394,True,0.03553299492385787
60,strongly_correlated,20,194,"(20, 19, 37, 10, 17, 15, 31, 30, 22, 3, 6, 43, 12, 10, 25, 3, 16, 41, 1, 27)","(30, 29, 47, 20, 27, 25, 41, 40, 32, 13, 16, 53, 22, 20, 35, 13, 26, 51, 11, 37)",319,334,True,0.04491017964071856
61,strongly_correlated,20,219,"(32, 12, 36, 14, 21, 19, 21, 45, 2, 32, 23, 23, 5, 26, 30, 22, 11, 22, 41, 1)","(42, 22, 46, 24, 31, 29, 31, 55, 12, 42, 33, 33, 15, 36, 40, 32, 21, 32, 51, 11)",326,349,True,0.0659025787965616
62,strongly_correlated,20,198,"(37, 12, 5, 16, 30, 20, 43, 23, 11, 33, 12, 11, 1, 17, 41, 11, 8, 2, 31, 31)","(47, 22, 15, 26, 40, 30, 53, 33, 21, 43, 22, 21, 11, 27, 51, 21, 18, 12, 41, 41)",319,338,True,0.05621301775147929
63,strongly_correlated,20,246,"(29, 29, 19, 17, 31, 43, 6, 25, 48, 6, 5, 43, 13, 19, 5, 41, 20, 48, 40, 4)","(39, 39, 29, 27, 41, 53, 16, 35, 58, 16, 15, 53, 23, 29, 15, 51, 30, 58, 50, 14)",368,386,True,0.046632124352331605
64,strongly_correlated,20,294,"(31, 8, 41, 40, 26, 35, 44, 2, 14, 18, 46, 41, 49, 13, 45, 50, 42, 10, 6, 27)","(41, 18, 51, 50, 36, 45, 54, 12, 24, 28, 56, 51, 59, 23, 55, 60, 52, 20, 16, 37)",401,424,True,0.054245283018867926
65,strongly_correlated,20,260,"(27, 19, 19, 33, 15, 29, 30, 34, 29, 36, 22, 41, 28, 15, 5, 36, 30, 17, 13, 42)","(37, 29, 29, 43, 25, 39, 40, 44, 39, 46, 32, 51, 38, 25, 15, 46, 40, 27, 23, 52)",358,380,True,0.05789473684210526
66,strongly_correlated,20,255,"(5, 20, 28, 16, 29, 19, 17, 36, 7, 48, 32, 12, 30, 34, 9, 46, 5, 46, 24, 47)","(15, 30, 38, 26, 39, 29, 27, 46, 17, 58, 42, 22, 40, 44, 19, 56, 15, 56, 34, 57)",393,395,True,0.005063291139240506
67,strongly_correlated,20,234,"(5, 8, 50, 27, 30, 27, 18, 39, 28, 32, 40, 18, 14, 42, 3, 43, 12, 19, 3, 11)","(15, 18, 60, 37, 40, 37, 28, 49, 38, 42, 50, 28, 24, 52, 13, 53, 22, 29, 13, 21)",363,374,True,0.029411764705882353
68,strongly_correlated,20,315,"(48, 30, 45, 48, 33, 8, 39, 38, 16, 28, 31, 17, 47, 44, 22, 29, 36, 24, 11, 36)","(58, 40, 55, 58, 43, 18, 49, 48, 26, 38, 41, 27, 57, 54, 32, 39, 46, 34, 21, 46)",405,435,True,0.06896551724137931
69,strongly_correlated,20,253,"(44, 3, 7, 11, 5, 39, 23, 21, 36, 27, 30, 28, 37, 29, 34, 21, 36, 36, 29, 10)","(54, 13, 17, 21, 15, 49, 33, 31, 46, 37, 40, 38, 47, 39, 44, 31, 46, 46, 39, 20)",374,383,True,0.02349869451697128
70,strongly_correlated,20,272,"(8, 19, 45, 30, 29, 9, 21, 7, 10, 44, 44, 39, 14, 46, 43, 27, 25, 16, 26, 42)","(18, 29, 55, 40, 39, 19, 31, 17, 20, 54, 54, 49, 24, 56, 53, 37, 35, 26, 36, 52)",371,402,True,0.07711442786069651
71,strongly_correlated,20,224,"(21, 33, 40, 1, 17, 10, 49, 13, 17, 6, 13, 33, 4, 39, 13, 33, 2, 45, 34, 24)","(31, 43, 50, 11, 27, 20, 59, 23, 27, 16, 23, 43, 14, 49, 23, 43, 12, 55, 44, 34)",347,364,True,0.046703296703296704
72,strongly_correlated,20,314,"(5, 39, 48, 12, 23, 45, 35, 40, 24, 20, 48, 46, 44, 39, 9, 45, 45, 22, 15, 25)","(15, 49, 58, 22, 33, 55, 45, 50, 34, 30, 58, 56, 54, 49, 19, 55, 55, 32, 25, 35)",438,444,True,0.013513513513513514
73,strongly_correlated,20,226,"(18, 8, 33, 31, 37, 12, 30, 20, 38, 5, 32, 26, 34, 33, 13, 29, 8, 2, 17, 27)","(28, 18, 43, 41, 47, 22, 40, 30, 48, 15, 42, 36, 44, 43, 23, 39, 18, 12, 27, 37)",345,356,True,0.03089887640449438
74,strongly_correlated,20,225,"(40, 33, 8, 21, 8, 20, 12, 14, 23, 8, 29, 30, 34, 18, 29, 11, 21, 18, 33, 40)","(50, 43, 18, 31, 18, 30, 22, 24, 33, 18, 39, 40, 44, 28, 39, 21, 31, 28, 43, 50)",341,355,True,0.03943661971830986
75,strongly_correlated,20,330,"(29, 38, 28, 30, 3, 47, 50, 33, 44, 43, 31, 44, 44, 45, 23, 7, 45, 21, 6, 49)","(39, 48, 38, 40, 13, 57, 60, 43, 54, 53, 41, 54, 54, 55, 33, 17, 55, 31, 16, 59)",412,450,True,0.08444444444444445
76,strongly_correlated,20,222,"(24, 30, 25, 13, 20, 4, 27, 16, 19, 20, 49, 29, 32, 15, 6, 22, 20, 15, 22, 35)","(34, 40, 35, 23, 30, 14, 37, 26, 29, 30, 59, 39, 42, 25, 16, 32, 30, 25, 32, 45)",346,352,True,0.017045454545454544
77,strongly_correlated,20,223,"(17, 21, 13, 16, 13, 8, 19, 31, 36, 40, 16, 10, 36, 41, 43, 33, 1, 18, 2, 32)","(27, 31, 23, 26, 23, 18, 29, 41, 46, 50, 26, 20, 46, 51, 53, 43, 11, 28, 12, 42)",357,363,True,0.01652892561983471
78,strongly_correlated,20,294,"(13, 7, 20, 43, 47, 17, 48, 28, 3, 42, 10, 42, 26, 50, 43, 13, 45, 31, 25, 35)","(23, 17, 30, 53, 57, 27, 58, 38, 13, 52, 20, 52, 36, 60, 53, 23, 55, 41, 35, 45)",400,424,True,0.05660377358490566
79,strongly_correlated,20,237,"(10, 29, 23, 39, 11, 16, 16, 47, 45, 32, 10, 5, 23, 2, 13, 8, 47, 32, 46, 20)","(20, 39, 33, 49, 21, 26, 26, 57, 55, 42, 20, 15, 33, 12, 23, 18, 57, 42, 56, 30)",358,377,True,0.050397877984084884
80,strongly_correlated,20,254,"(18, 26, 35, 46, 27, 24, 24, 35, 26, 24, 2, 36, 49, 25, 15, 40, 4, 25, 16, 11)","(28, 36, 45, 56, 37, 34, 34, 45, 36, 34, 12, 46, 59, 35, 25, 50, 14, 35, 26, 21)",370,384,True,0.036458333333333336
81,strongly_correlated,20,261,"(33, 30, 22, 36, 35, 25, 31, 2, 11, 10, 29, 44, 49, 39, 1, 21, 19, 47, 23, 15)","(43, 40, 32, 46, 45, 35, 41, 12, 21, 20, 39, 54, 59, 49, 11, 31, 29, 57, 33, 25)",369,391,True,0.056265984654731455
82,strongly_correlated,20,236,"(10, 50, 32, 33, 19, 12, 11, 44, 17, 11, 49, 3, 28, 31, 38, 7, 13, 20, 36, 9)","(20, 60, 42, 43, 29, 22, 21, 54, 27, 21, 59, 13, 38, 41, 48, 17, 23, 30, 46, 19)",363,376,True,0.034574468085106384
83,strongly_correlated,20,174,"(32, 30, 6, 9, 25, 3, 4, 42, 14, 13, 12, 20, 6, 4, 27, 10, 23, 20, 36, 13)","(42, 40, 16, 19, 35, 13, 14, 52, 24, 23, 22, 30, 16, 14, 37, 20, 33, 30, 46, 23)",297,314,True,0.054140127388535034
84,strongly_correlated,20,308,"(47, 19, 50, 3, 32, 1, 34, 43, 21, 13, 30, 32, 36, 49, 48, 24, 39, 10, 35, 49)","(57, 29, 60, 13, 42, 11, 44, 53, 31, 23, 40, 42, 46, 59, 58, 34, 49, 20, 45, 59)",420,438,True,0.0410958904109589
85,strongly_correlated,20,304,"(13, 45, 40, 7, 21, 13, 15, 30, 50, 50, 23, 38, 15, 44, 25, 35, 35, 15, 50, 44)","(23, 55, 50, 17, 31, 23, 25, 40, 60, 60, 33, 48, 25, 54, 35, 45, 45, 25, 60, 54)",415,434,True,0.04377880184331797
86,strongly_correlated,20,288,"(50, 2, 36, 21, 48, 1, 50, 5, 46, 33, 48, 41, 20, 47, 25, 7, 33, 7, 27, 30)","(60, 12, 46, 31, 58, 11, 60, 15, 56, 43, 58, 51, 30, 57, 35, 17, 43, 17, 37, 40)",428,428,False,0.0
87,strongly_correlated,20,262,"(10, 48, 13, 35, 7, 18, 49, 22, 42, 35, 46, 21, 46, 8, 24, 1, 18, 25, 49, 6)","(20, 58, 23, 45, 17, 28, 59, 32, 52, 45, 56, 31, 56, 18, 34, 11, 28, 35, 59, 16)",383,401,True,0.04488778054862843
88,strongly_correlated,20,239,"(26, 13, 22, 12, 41, 1, 34, 50, 45, 1, 22, 44, 30, 9, 15, 8, 45, 9, 39, 12)","(36, 23, 32, 22, 51, 11, 44, 60, 55, 11, 32, 54, 40, 19, 25, 18, 55, 19, 49, 22)",354,379,True,0.06596306068601583
89,strongly_correlated,20,241,"(6, 50, 39, 46, 17, 9, 23, 5, 10, 27, 22, 14, 20, 45, 44, 22, 5, 37, 11, 30)","(16, 60, 49, 56, 27, 19, 33, 15, 20, 37, 32, 24, 30, 55, 54, 32, 15, 47, 21, 40)",361,381,True,0.05249343832020997
90,strongly_correlated,20,282,"(14, 46, 6, 31, 43, 37, 38, 20, 41, 23, 29, 37, 20, 17, 32, 18, 24, 5, 35, 47)","(24, 56, 16, 41, 53, 47, 48, 30, 51, 33, 39, 47, 30, 27, 42, 28, 34, 15, 45, 57)",404,412,True,0.019417475728155338
91,strongly_correlated,20,258,"(6, 38, 12, 44, 44, 11, 26, 30, 48, 29, 30, 30, 17, 16, 13, 39, 24, 32, 14, 14)","(16, 48, 22, 54, 54, 21, 36, 40, 58, 39, 40, 40, 27, 26, 23, 49, 34, 42, 24, 24)",372,388,True,0.041237113402061855
92,strongly_correlated,20,296,"(27, 34, 37, 36, 36, 38, 18, 44, 49, 7, 37, 34, 31, 11, 5, 37, 43, 41, 22, 4)","(37, 44, 47, 46, 46, 48, 28, 54, 59, 17, 47, 44, 41, 21, 15, 47, 53, 51, 32, 14)",385,416,True,0.07451923076923077
93,strongly_correlated,20,238,"(32, 37, 47, 23, 8, 6, 23, 10, 12, 26, 8, 11, 38, 3, 40, 36, 8, 44, 40, 24)","(42, 47, 57, 33, 18, 16, 33, 20, 22, 36, 18, 21, 48, 13, 50, 46, 18, 54, 50, 34)",370,378,True,0.021164021164021163
94,strongly_correlated,20,235,"(35, 12, 8, 18, 20, 28, 2, 44, 32, 24, 20, 28, 39, 18, 35, 2, 28, 1, 48, 28)","(45, 22, 18, 28, 30, 38, 12, 54, 42, 34, 30, 38, 49, 28, 45, 12, 38, 11, 58, 38)",339,365,True,0.07123287671232877
95,strongly_correlated,20,265,"(49, 35, 33, 48, 35, 9, 32, 2, 9, 1, 39, 6, 41, 18, 13, 3, 37, 47, 34, 39)","(59, 45, 43, 58, 45, 19, 42, 12, 19, 11, 49, 16, 51, 28, 23, 13, 47, 57, 44, 49)",360,395,True,0.08860759493670886
96,strongly_correlated,20,222,"(24, 21, 44, 26, 14, 7, 22, 49, 3, 45, 2, 11, 27, 42, 21, 6, 17, 22, 23, 18)","(34, 31, 54, 36, 24, 17, 32, 59, 13, 55, 12, 21, 37, 52, 31, 16, 27, 32, 33, 28)",351,362,True,0.03038674033149171
97,strongly_correlated,20,224,"(13, 28, 24, 4, 37, 2, 36, 50, 3, 2, 48, 18, 24, 2, 5, 41, 29, 31, 44, 8)","(23, 38, 34, 14, 47, 12, 46, 60, 13, 12, 58, 28, 34, 12, 15, 51, 39, 41, 54, 18)",333,364,True,0.08516483516483517
98,strongly_correlated,20,267,"(23, 37, 3, 23, 27, 4, 31, 19, 47, 44, 36, 5, 32, 13, 26, 3, 42, 46, 49, 24)","(33, 47, 13, 33, 37, 14, 41, 29, 57, 54, 46, 15, 42, 23, 36, 13, 52, 56, 59, 34)",363,397,True,0.08564231738035265
99,strongly_correlated,20,268,"(26, 25, 13, 39, 12, 15, 16, 9, 49, 6, 17, 47, 25, 34, 44, 45, 35, 6, 40, 32)","(36, 35, 23, 49, 22, 25, 26, 19, 59, 16, 27, 57, 35, 44, 54, 55, 45, 16, 50, 42)",366,398,True,0.08040201005025126
100,strongly_correlated,20,267,"(10, 30, 30, 50, 12, 46, 26, 47, 23, 28, 33, 8, 35, 8, 6, 48, 30, 17, 4, 43)","(20, 40, 40, 60, 22, 56, 36, 57, 33, 38, 43, 18, 45, 18, 16, 58, 40, 27, 14, 53)",405,407,True,0.004914004914004914
101,strongly_correlated,20,242,"(38, 13, 35, 23, 30, 4, 43, 33, 14, 39, 15, 19, 32, 45, 14, 22, 29, 5, 17, 13)","(48, 23, 45, 33, 40, 14, 53, 43, 24, 49, 25, 29, 42, 55, 24, 32, 39, 15, 27, 23)",348,372,True,0.06451612903225806
102,strongly_correlated,20,305,"(10, 44, 40, 23, 11, 36, 46, 43, 39, 12, 25, 19, 40, 28, 37, 38, 3, 47, 34, 35)","(20, 54, 50, 33, 21, 46, 56, 53, 49, 22, 35, 29, 50, 38, 47, 48, 13, 57, 44, 45)",393,425,True,0.07529411764705882
103,strongly_correlated,20,296,"(46, 30, 47, 45, 48, 14, 45, 5, 39, 48, 8, 42, 25, 30, 22, 44, 8, 32, 6, 9)","(56, 40, 57, 55, 58, 24, 55, 15, 49, 58, 18, 52, 35, 40, 32, 54, 18, 42, 16, 19)",400,426,True,0.06103286384976526
104,strongly_correlated,20,206,"(2, 13, 47, 50, 15, 26, 22, 1, 46, 9, 2, 11, 7, 10, 8, 5, 42, 49, 22, 24)","(12, 23, 57, 60, 25, 36, 32, 11, 56, 19, 12, 21, 17, 20, 18, 15, 52, 59, 32, 34)",327,356,True,0.08146067415730338
105,strongly_correlated,20,246,"(38, 23, 38, 7, 1, 20, 34, 50, 37, 22, 19, 11, 23, 11, 49, 10, 7, 43, 26, 23)","(48, 33, 48, 17, 11, 30, 44, 60, 47, 32, 29, 21, 33, 21, 59, 20, 17, 53, 36, 33)",377,386,True,0.023316062176165803
106,strongly_correlated,20,274,"(46, 31, 2, 36, 34, 31, 4, 17, 5, 13, 32, 24, 28, 29, 48, 42, 19, 45, 15, 48)","(56, 41, 12, 46, 44, 41, 14, 27, 15, 23, 42, 34, 38, 39, 58, 52, 29, 55, 25, 58)",380,404,True,0.0594059405940594
107,strongly_correlated,20,308,"(16, 40, 38, 50, 47, 43, 28, 31, 49, 20, 9, 28, 35, 49, 8, 17, 19, 39, 3, 46)","(26, 50, 48, 60, 57, 53, 38, 41, 59, 30, 19, 38, 45, 59, 18, 27, 29, 49, 13, 56)",421,438,True,0.03881278538812785
108,strongly_correlated,20,202,"(9, 46, 6, 43, 25, 47, 18, 25, 13, 6, 20, 14, 12, 13, 46, 21, 13, 8, 13, 6)","(19, 56, 16, 53, 35, 57, 28, 35, 23, 16, 30, 24, 22, 23, 56, 31, 23, 18, 23, 16)",347,352,True,0.014204545454545454
109,strongly_correlated,20,242,"(18, 15, 30, 29, 36, 4, 7, 15, 33, 32, 20, 37, 34, 6, 16, 29, 33, 18, 28, 43)","(28, 25, 40, 39, 46, 14, 17, 25, 43, 42, 30, 47, 44, 16, 26, 39, 43, 28, 38, 53)",365,372,True,0.01881720430107527
110,strongly_correlated,20,271,"(25, 39, 16, 27, 31, 46, 18, 41, 35, 45, 5, 35, 27, 33, 21, 48, 3, 8, 33, 6)","(35, 49, 26, 37, 41, 56, 28, 51, 45, 55, 15, 45, 37, 43, 31, 58, 13, 18, 43, 16)",383,401,True,0.04488778054862843
111,strongly_correlated,20,272,"(14, 21, 32, 13, 26, 27, 40, 11, 41, 13, 45, 27, 36, 15, 12, 43, 30, 27, 25, 46)","(24, 31, 42, 23, 36, 37, 50, 21, 51, 23, 55, 37, 46, 25, 22, 53, 40, 37, 35, 56)",391,402,True,0.02736318407960199
112,strongly_correlated,20,304,"(31, 43, 38, 40, 20, 45, 30, 27, 49, 43, 11, 24, 15, 34, 30, 2, 25, 39, 16, 47)","(41, 53, 48, 50, 30, 55, 40, 37, 59, 53, 21, 34, 25, 44, 40, 12, 35, 49, 26, 57)",433,434,True,0.002304147465437788
113,strongly_correlated,20,220,"(2, 42, 47, 18, 2, 31, 36, 23, 16, 28, 2, 5, 20, 9, 39, 20, 32, 19, 20, 28)","(12, 52, 57, 28, 12, 41, 46, 33, 26, 38, 12, 15, 30, 19, 49, 30, 42, 29, 30, 38)",352,360,True,0.022222222222222223
114,strongly_correlated,20,262,"(16, 37, 7, 22, 43, 16, 41, 40, 4, 10, 34, 34, 44, 34, 19, 38, 5, 35, 24, 22)","(26, 47, 17, 32, 53, 26, 51, 50, 14, 20, 44, 44, 54, 44, 29, 48, 15, 45, 34, 32)",377,392,True,0.03826530612244898
115,strongly_correlated,20,273,"(19, 13, 50, 8, 35, 8, 22, 49, 36, 19, 44, 41, 19, 44, 22, 31, 4, 36, 36, 10)","(29, 23, 60, 18, 45, 18, 32, 59, 46, 29, 54, 51, 29, 54, 32, 41, 14, 46, 46, 20)",376,403,True,0.06699751861042183
116,strongly_correlated,20,288,"(48, 39, 35, 47, 20, 1, 49, 42, 8, 48, 9, 31, 31, 16, 18, 27, 38, 28, 37, 5)","(58, 49, 45, 57, 30, 11, 59, 52, 18, 58, 19, 41, 41, 26, 28, 37, 48, 38, 47, 15)",396,418,True,0.05263157894736842
117,strongly_correlated,20,238,"(16, 12, 11, 14, 26, 11, 36, 27, 45, 8, 46, 34, 37, 22, 23, 30, 42, 3, 9, 24)","(26, 22, 21, 24, 36, 21, 46, 37, 55, 18, 56, 44, 47, 32, 33, 40, 52, 13, 19, 34)",376,376,False,0.0
118,strongly_correlated,20,273,"(46, 41, 12, 20, 7, 45, 24, 19, 50, 2, 20, 22, 2, 39, 32, 33, 39, 22, 37, 34)","(56, 51, 22, 30, 17, 55, 34, 29, 60, 12, 30, 32, 12, 49, 42, 43, 49, 32, 47, 44)",379,403,True,0.05955334987593052
119,strongly_correlated,20,274,"(19, 12, 48, 35, 43, 49, 36, 49, 28, 7, 6, 28, 41, 16, 12, 17, 18, 14, 31, 38)","(29, 22, 58, 45, 53, 59, 46, 59, 38, 17, 16, 38, 51, 26, 22, 27, 28, 24, 41, 48)",373,404,True,0.07673267326732673
120,strongly_correlated,20,269,"(33, 16, 13, 41, 47, 38, 43, 30, 6, 21, 14, 15, 17, 47, 21, 24, 48, 11, 7, 46)","(43, 26, 23, 51, 57, 48, 53, 40, 16, 31, 24, 25, 27, 57, 31, 34, 58, 21, 17, 56)",406,409,True,0.007334963325183374
121,strongly_correlated,20,258,"(6, 14, 38, 26, 41, 12, 40, 34, 12, 22, 19, 12, 41, 28, 4, 44, 47, 39, 28, 9)","(16, 24, 48, 36, 51, 22, 50, 44, 22, 32, 29, 22, 51, 38, 14, 54, 57, 49, 38, 19)",356,388,True,0.08247422680412371
122,strongly_correlated,20,284,"(33, 14, 39, 20, 5, 47, 24, 49, 15, 30, 43, 47, 38, 11, 7, 20, 29, 46, 16, 36)","(43, 24, 49, 30, 15, 57, 34, 59, 25, 40, 53, 57, 48, 21, 17, 30, 39, 56, 26, 46)",390,414,True,0.057971014492753624
123,strongly_correlated,20,211,"(4, 18, 6, 50, 27, 18, 7, 3, 25, 35, 36, 22, 22, 4, 11, 9, 22, 36, 22, 45)","(14, 28, 16, 60, 37, 28, 17, 13, 35, 45, 46, 32, 32, 14, 21, 19, 32, 46, 32, 55)",333,351,True,0.05128205128205128
124,strongly_correlated,20,193,"(18, 36, 1, 12, 4, 27, 18, 24, 3, 21, 11, 26, 20, 27, 2, 35, 31, 40, 28, 2)","(28, 46, 11, 22, 14, 37, 28, 34, 13, 31, 21, 36, 30, 37, 12, 45, 41, 50, 38, 12)",329,333,True,0.012012012012012012
125,strongly_correlated,20,264,"(16, 15, 39, 20, 37, 48, 12, 23, 10, 39, 20, 40, 41, 1, 5, 46, 41, 10, 31, 33)","(26, 25, 49, 30, 47, 58, 22, 33, 20, 49, 30, 50, 51, 11, 15, 56, 51, 20, 41, 43)",363,394,True,0.07868020304568528
126,strongly_correlated,20,274,"(37, 4, 37, 39, 30, 16, 42, 12, 31, 31, 15, 11, 44, 9, 41, 32, 6, 48, 44, 19)","(47, 14, 47, 49, 40, 26, 52, 22, 41, 41, 25, 21, 54, 19, 51, 42, 16, 58, 54, 29)",383,404,True,0.05198019801980198
127,strongly_correlated,20,216,"(3, 40, 38, 37, 7, 2, 2, 18, 13, 27, 15, 20, 44, 43, 20, 25, 4, 21, 19, 35)","(13, 50, 48, 47, 17, 12, 12, 28, 23, 37, 25, 30, 54, 53, 30, 35, 14, 31, 29, 45)",336,356,True,0.056179775280898875
128,strongly_correlated,20,272,"(16, 26, 33, 24, 9, 31, 2, 10, 21, 41, 35, 17, 41, 43, 37, 46, 36, 20, 5, 50)","(26, 36, 43, 34, 19, 41, 12, 20, 31, 51, 45, 27, 51, 53, 47, 56, 46, 30, 15, 60)",379,402,True,0.05721393034825871
129,strongly_correlated,20,244,"(38, 34, 18, 3, 45, 26, 41, 15, 22, 15, 8, 46, 36, 10, 9, 44, 18, 37, 15, 9)","(48, 44, 28, 13, 55, 36, 51, 25, 32, 25, 18, 56, 46, 20, 19, 54, 28, 47, 25, 19)",378,383,True,0.013054830287206266
130,strongly_correlated,20,292,"(34, 28, 18, 48, 43, 29, 42, 30, 2, 23, 16, 38, 22, 15, 22, 43, 34, 43, 47, 7)","(44, 38, 28, 58, 53, 39, 52, 40, 12, 33, 26, 48, 32, 25, 32, 53, 44, 53, 57, 17)",410,422,True,0.02843601895734597
131,strongly_correlated,20,266,"(21, 24, 50, 33, 6, 26, 19, 2, 25, 50, 8, 23, 37, 39, 7, 46, 11, 15, 45, 45)","(31, 34, 60, 43, 16, 36, 29, 12, 35, 60, 18, 33, 47, 49, 17, 56, 21, 25, 55, 55)",397,406,True,0.022167487684729065
132,strongly_correlated,20,209,"(27, 10, 27, 4, 11, 3, 20, 8, 50, 35, 2, 16, 29, 17, 13, 29, 11, 43, 37, 26)","(37, 20, 37, 14, 21, 13, 30, 18, 60, 45, 12, 26, 39, 27, 23, 39, 21, 53, 47, 36)",335,349,True,0.04011461318051576
133,strongly_correlated,20,319,"(32, 23, 31, 21, 50, 40, 50, 22, 35, 45, 40, 48, 46, 3, 48, 6, 19, 43, 17, 19)","(42, 33, 41, 31, 60, 50, 60, 32, 45, 55, 50, 58, 56, 13, 58, 16, 29, 53, 27, 29)",438,449,True,0.024498886414253896
134,strongly_correlated,20,300,"(31, 34, 13, 47, 36, 47, 48, 41, 9, 2, 42, 49, 32, 8, 25, 15, 32, 16, 39, 35)","(41, 44, 23, 57, 46, 57, 58, 51, 19, 12, 52, 59, 42, 18, 35, 25, 42, 26, 49, 45)",418,430,True,0.027906976744186046
135,strongly_correlated,20,268,"(43, 24, 41, 42, 38, 18, 32, 19, 46, 8, 29, 19, 1, 38, 10, 24, 41, 17, 24, 23)","(53, 34, 51, 52, 48, 28, 42, 29, 56, 18, 39, 29, 11, 48, 20, 34, 51, 27, 34, 33)",378,398,True,0.05025125628140704
136,strongly_correlated,20,249,"(37, 28, 34, 4, 28, 32, 49, 13, 28, 45, 9, 11, 41, 32, 3, 11, 4, 46, 39, 4)","(47, 38, 44, 14, 38, 42, 59, 23, 38, 55, 19, 21, 51, 42, 13, 21, 14, 56, 49, 14)",381,388,True,0.01804123711340206
137,strongly_correlated,20,224,"(5, 12, 27, 21, 13, 15, 32, 23, 1, 26, 33, 21, 26, 34, 31, 9, 28, 34, 34, 22)","(15, 22, 37, 31, 23, 25, 42, 33, 11, 36, 43, 31, 36, 44, 41, 19, 38, 44, 44, 32)",351,353,True,0.0056657223796034
138,strongly_correlated,20,254,"(13, 25, 29, 45, 20, 14, 34, 18, 16, 12, 10, 29, 11, 22, 48, 46, 50, 14, 6, 45)","(23, 35, 39, 55, 30, 24, 44, 28, 26, 22, 20, 39, 21, 32, 58, 56, 60, 24, 16, 55)",379,393,True,0.035623409669211195
139,strongly_correlated,20,304,"(1, 45, 40, 35, 39, 43, 20, 48, 36, 1, 34, 22, 49, 18, 23, 38, 49, 10, 39, 18)","(11, 55, 50, 45, 49, 53, 30, 58, 46, 11, 44, 32, 59, 28, 33, 48, 59, 20, 49, 28)",425,434,True,0.020737327188940093
140,strongly_correlated,20,240,"(50, 7, 2, 18, 2, 35, 47, 4, 44, 47, 15, 1, 33, 13, 46, 25, 41, 25, 20, 4)","(60, 17, 12, 28, 12, 45, 57, 14, 54, 57, 25, 11, 43, 23, 56, 35, 51, 35, 30, 14)",344,380,True,0.09473684210526316
141,strongly_correlated,20,268,"(34, 50, 2, 38, 31, 12, 37, 45, 30, 1, 18, 42, 36, 1, 44, 22, 27, 16, 18, 33)","(44, 60, 12, 48, 41, 22, 47, 55, 40, 11, 28, 52, 46, 11, 54, 32, 37, 26, 28, 43)",375,398,True,0.05778894472361809
142,strongly_correlated,20,263,"(38, 45, 44, 41, 32, 11, 32, 19, 23, 23, 17, 3, 7, 19, 11, 37, 36, 14, 39, 35)","(48, 55, 54, 51, 42, 21, 42, 29, 33, 33, 27, 13, 17, 29, 21, 47, 46, 24, 49, 45)",376,393,True,0.043256997455470736
143,strongly_correlated,20,195,"(12, 3, 2, 15, 10, 16, 6, 47, 27, 32, 9, 37, 9, 49, 6, 38, 19, 28, 7, 18)","(22, 13, 12, 25, 20, 26, 16, 57, 37, 42, 19, 47, 19, 59, 16, 48, 29, 38, 17, 28)",337,342,True,0.014619883040935672
144,strongly_correlated,20,236,"(29, 3, 30, 6, 47, 11, 26, 6, 43, 27, 32, 38, 16, 30, 44, 9, 15, 27, 3, 30)","(39, 13, 40, 16, 57, 21, 36, 16, 53, 37, 42, 48, 26, 40, 54, 19, 25, 37, 13, 40)",338,366,True,0.07650273224043716
145,strongly_correlated,20,274,"(49, 28, 34, 1, 29, 2, 43, 21, 47, 42, 44, 47, 31, 37, 33, 18, 8, 17, 12, 4)","(59, 38, 44, 11, 39, 12, 53, 31, 57, 52, 54, 57, 41, 47, 43, 28, 18, 27, 22, 14)",368,404,True,0.0891089108910891
146,strongly_correlated,20,228,"(9, 9, 40, 22, 50, 5, 11, 37, 19, 6, 23, 3, 14, 43, 27, 20, 35, 46, 28, 10)","(19, 19, 50, 32, 60, 15, 21, 47, 29, 16, 33, 13, 24, 53, 37, 30, 45, 56, 38, 20)",346,368,True,0.059782608695652176
147,strongly_correlated,20,277,"(39, 42, 10, 26, 29, 40, 29, 12, 41, 48, 20, 27, 30, 46, 7, 30, 23, 5, 27, 23)","(49, 52, 20, 36, 39, 50, 39, 22, 51, 58, 30, 37, 40, 56, 17, 40, 33, 15, 37, 33)",398,407,True,0.022113022113022112
148,strongly_correlated,20,268,"(26, 45, 41, 3, 44, 26, 23, 19, 18, 7, 13, 32, 41, 5, 17, 35, 43, 37, 45, 15)","(36, 55, 51, 13, 54, 36, 33, 29, 28, 17, 23, 42, 51, 15, 27, 45, 53, 47, 55, 25)",369,398,True,0.0728643216080402
149,strongly_correlated,20,125,"(5, 7, 17, 25, 9, 9, 4, 2, 12, 37, 3, 26, 4, 4, 20, 7, 13, 32, 9, 5)","(15, 17, 27, 35, 19, 19, 14, 12, 22, 47, 13, 36, 14, 14, 30, 17, 23, 42, 19, 15)",260,275,True,0.05454545454545454
150,strongly_correlated,20,226,"(21, 26, 13, 15, 20, 31, 10, 11, 27, 6, 48, 19, 22, 19, 48, 29, 49, 26, 4, 9)","(31, 36, 23, 25, 30, 41, 20, 21, 37, 16, 58, 29, 32, 29, 58, 39, 59, 36, 14, 19)",361,366,True,0.01366120218579235
151,strongly_correlated,20,282,"(46, 27, 46, 41, 47, 14, 23, 19, 24, 37, 8, 30, 32, 37, 5, 30, 7, 26, 47, 19)","(56, 37, 56, 51, 57, 24, 33, 29, 34, 47, 18, 40, 42, 47, 15, 40, 17, 36, 57, 29)",394,412,True,0.043689320388349516
152,strongly_correlated,20,236,"(49, 26, 41, 10, 25, 13, 6, 40, 2, 8, 41, 8, 2, 23, 49, 32, 39, 12, 30, 16)","(59, 36, 51, 20, 35, 23, 16, 50, 12, 18, 51, 18, 12, 33, 59, 42, 49, 22, 40, 26)",353,376,True,0.061170212765957445
153,strongly_correlated,20,289,"(32, 5, 3, 17, 46, 27, 38, 37, 39, 36, 21, 28, 16, 33, 33, 21, 43, 39, 14, 50)","(42, 15, 13, 27, 56, 37, 48, 47, 49, 46, 31, 38, 26, 43, 43, 31, 53, 49, 24, 60)",416,419,True,0.007159904534606206
154,strongly_correlated,20,296,"(14, 25, 32, 14, 29, 33, 1, 29, 17, 26, 28, 42, 41, 38, 45, 4, 46, 49, 49, 29)","(24, 35, 42, 24, 39, 43, 11, 39, 27, 36, 38, 52, 51, 48, 55, 14, 56, 59, 59, 39)",411,426,True,0.035211267605633804
155,strongly_correlated,20,274,"(38, 33, 35, 19, 44, 50, 27, 35, 35, 27, 38, 18, 13, 42, 4, 37, 2, 34, 6, 12)","(48, 43, 45, 29, 54, 60, 37, 45, 45, 37, 48, 28, 23, 52, 14, 47, 12, 44, 16, 22)",395,404,True,0.022277227722772276
156,strongly_correlated,20,218,"(32, 27, 48, 16, 50, 23, 10, 15, 11, 9, 48, 36, 29, 25, 22, 10, 6, 10, 9, 1)","(42, 37, 58, 26, 60, 33, 20, 25, 21, 19, 58, 46, 39, 35, 32, 20, 16, 20, 19, 11)",334,358,True,0.0670391061452514
157,strongly_correlated,20,192,"(40, 32, 15, 11, 2, 2, 23, 23, 15, 21, 9, 6, 12, 15, 48, 7, 2, 8, 45, 47)","(50, 42, 25, 21, 12, 12, 33, 33, 25, 31, 19, 16, 22, 25, 58, 17, 12, 18, 55, 57)",321,342,True,0.06140350877192982
158,strongly_correlated,20,224,"(44, 15, 7, 4, 27, 37, 50, 22, 49, 41, 30, 41, 3, 5, 8, 1, 36, 19, 4, 4)","(54, 25, 17, 14, 37, 47, 60, 32, 59, 51, 40, 51, 13, 15, 18, 11, 46, 29, 14, 14)",372,372,False,0.0
159,strongly_correlated,20,258,"(26, 11, 44, 29, 16, 34, 13, 40, 13, 2, 49, 46, 32, 25, 3, 18, 43, 25, 15, 31)","(36, 21, 54, 39, 26, 44, 23, 50, 23, 12, 59, 56, 42, 35, 13, 28, 53, 35, 25, 41)",357,388,True,0.07989690721649484
160,strongly_correlated,20,242,"(8, 33, 22, 26, 12, 38, 23, 46, 34, 32, 35, 14, 48, 28, 31, 1, 18, 8, 22, 4)","(18, 43, 32, 36, 22, 48, 33, 56, 44, 42, 45, 24, 58, 38, 41, 11, 28, 18, 32, 14)",347,372,True,0.06720430107526881
161,strongly_correlated,20,294,"(34, 14, 36, 11, 15, 41, 38, 31, 3, 49, 45, 47, 31, 32, 47, 4, 30, 46, 4, 31)","(44, 24, 46, 21, 25, 51, 48, 41, 13, 59, 55, 57, 41, 42, 57, 14, 40, 56, 14, 41)",406,424,True,0.04245283018867924
162,strongly_correlated,20,262,"(4, 45, 41, 14, 33, 13, 27, 32, 50, 40, 19, 29, 30, 2, 12, 8, 27, 21, 42, 36)","(14, 55, 51, 24, 43, 23, 37, 42, 60, 50, 29, 39, 40, 12, 22, 18, 37, 31, 52, 46)",368,392,True,0.061224489795918366
163,strongly_correlated,20,219,"(35, 40, 30, 38, 12, 32, 19, 14, 23, 14, 24, 9, 10, 12, 40, 4, 45, 5, 22, 10)","(45, 50, 40, 48, 22, 42, 29, 24, 33, 24, 34, 19, 20, 22, 50, 14, 55, 15, 32, 20)",348,359,True,0.03064066852367688
164,strongly_correlated,20,219,"(7, 48, 20, 17, 30, 32, 39, 25, 8, 6, 27, 26, 1, 38, 13, 10, 20, 21, 42, 8)","(17, 58, 30, 27, 40, 42, 49, 35, 18, 16, 37, 36, 11, 48, 23, 20, 30, 31, 52, 18)",349,359,True,0.027855153203342618
165,strongly_correlated,20,226,"(2, 4, 46, 28, 5, 32, 15, 12, 28, 44, 21, 38, 31, 4, 13, 5, 44, 27, 44, 9)","(12, 14, 56, 38, 15, 42, 25, 22, 38, 54, 31, 48, 41, 14, 23, 15, 54, 37, 54, 19)",344,366,True,0.060109289617486336
166,strongly_correlated,20,244,"(12, 41, 39, 27, 28, 1, 21, 3, 32, 48, 37, 24, 19, 44, 13, 11, 48, 1, 32, 7)","(22, 51, 49, 37, 38, 11, 31, 13, 42, 58, 47, 34, 29, 54, 23, 21, 58, 11, 42, 17)",371,384,True,0.033854166666666664
167,strongly_correlated,20,274,"(15, 6, 22, 28, 21, 50, 48, 47, 6, 48, 34, 1, 28, 40, 49, 32, 16, 4, 46, 8)","(25, 16, 32, 38, 31, 60, 58, 57, 16, 58, 44, 11, 38, 50, 59, 42, 26, 14, 56, 18)",401,414,True,0.03140096618357488
168,strongly_correlated,20,272,"(48, 8, 34, 24, 25, 12, 15, 35, 13, 13, 35, 33, 49, 32, 39, 14, 40, 43, 25, 8)","(58, 18, 44, 34, 35, 22, 25, 45, 23, 23, 45, 43, 59, 42, 49, 24, 50, 53, 35, 18)",386,402,True,0.03980099502487562
169,strongly_correlated,20,253,"(17, 34, 40, 12, 36, 33, 8, 34, 23, 49, 35, 18, 31, 37, 14, 5, 39, 1, 9, 31)","(27, 44, 50, 22, 46, 43, 18, 44, 33, 59, 45, 28, 41, 47, 24, 15, 49, 11, 19, 41)",366,383,True,0.044386422976501305
170,strongly_correlated,20,218,"(23, 38, 21, 21, 6, 16, 21, 17, 38, 8, 14, 1, 25, 33, 20, 37, 32, 8, 34, 23)","(33, 48, 31, 31, 16, 26, 31, 27, 48, 18, 24, 11, 35, 43, 30, 47, 42, 18, 44, 33)",329,348,True,0.05459770114942529
171,strongly_correlated,20,245,"(36, 25, 27, 8, 38, 30, 44, 12, 25, 20, 21, 12, 12, 12, 9, 49, 15, 10, 36, 49)","(46, 35, 37, 18, 48, 40, 54, 22, 35, 30, 31, 22, 22, 22, 19, 59, 25, 20, 46, 59)",378,384,True,0.015625
172,strongly_correlated,20,254,"(23, 13, 14, 20, 23, 48, 4, 26, 30, 36, 29, 14, 37, 48, 45, 4, 29, 20, 37, 7)","(33, 23, 24, 30, 33, 58, 14, 36, 40, 46, 39, 24, 47, 58, 55, 14, 39, 30, 47, 17)",356,384,True,0.07291666666666667
173,strongly_correlated,20,296,"(21, 32, 43, 50, 47, 33, 39, 24, 16, 27, 47, 46, 1, 23, 45, 1, 10, 48, 29, 10)","(31, 42, 53, 60, 57, 43, 49, 34, 26, 37, 57, 56, 11, 33, 55, 11, 20, 58, 39, 20)",396,426,True,0.07042253521126761
174,strongly_correlated,20,246,"(1, 29, 2, 32, 24, 5, 15, 16, 7, 48, 22, 28, 42, 24, 44, 37, 6, 44, 21, 45)","(11, 39, 12, 42, 34, 15, 25, 26, 17, 58, 32, 38, 52, 34, 54, 47, 16, 54, 31, 55)",372,386,True,0.03626943005181347
175,strongly_correlated,20,288,"(29, 16, 4, 47, 37, 45, 45, 33, 13, 17, 39, 5, 32, 33, 32, 30, 50, 3, 18, 49)","(39, 26, 14, 57, 47, 55, 55, 43, 23, 27, 49, 15, 42, 43, 42, 40, 60, 13, 28, 59)",395,418,True,0.05502392344497608
176,strongly_correlated,20,240,"(2, 4, 50, 15, 50, 8, 25, 41, 21, 41, 42, 37, 31, 7, 1, 2, 20, 40, 23, 21)","(12, 14, 60, 25, 60, 18, 35, 51, 31, 51, 52, 47, 41, 17, 11, 12, 30, 50, 33, 31)",357,380,True,0.060526315789473685
177,strongly_correlated,20,272,"(14, 32, 27, 38, 13, 46, 26, 3, 28, 42, 39, 47, 20, 48, 18, 6, 8, 7, 36, 45)","(24, 42, 37, 48, 23, 56, 36, 13, 38, 52, 49, 57, 30, 58, 28, 16, 18, 17, 46, 55)",368,402,True,0.0845771144278607
178,strongly_correlated,20,264,"(8, 36, 30, 42, 16, 49, 22, 47, 31, 19, 12, 6, 29, 50, 16, 36, 15, 18, 31, 16)","(18, 46, 40, 52, 26, 59, 32, 57, 41, 29, 22, 16, 39, 60, 26, 46, 25, 28, 41, 26)",368,394,True,0.06598984771573604
179,strongly_correlated,20,214,"(13, 8, 5, 4, 34, 20, 29, 4, 38, 17, 15, 37, 16, 20, 21, 36, 32, 47, 9, 22)","(23, 18, 15, 14, 44, 30, 39, 14, 48, 27, 25, 47, 26, 30, 31, 46, 42, 57, 19, 32)",343,354,True,0.031073446327683617
180,strongly_correlated,20,184,"(10, 6, 44, 1, 40, 17, 8, 38, 33, 29, 16, 39, 3, 9, 8, 1, 42, 2, 9, 13)","(20, 16, 54, 11, 50, 27, 18, 48, 43, 39, 26, 49, 13, 19, 18, 11, 52, 12, 19, 23)",315,334,True,0.05688622754491018
181,strongly_correlated,20,228,"(38, 45, 7, 4, 22, 22, 13, 49, 20, 49, 22, 15, 29, 30, 48, 16, 5, 15, 2, 4)","(48, 55, 17, 14, 32, 32, 23, 59, 30, 59, 32, 25, 39, 40, 58, 26, 15, 25, 12, 14)",376,376,False,0.0
182,strongly_correlated,20,217,"(29, 23, 15, 15, 21, 23, 19, 5, 46, 18, 3, 41, 33, 30, 45, 18, 6, 6, 14, 24)","(39, 33, 25, 25, 31, 33, 29, 15, 56, 28, 13, 51, 43, 40, 55, 28, 16, 16, 24, 34)",350,357,True,0.0196078431372549
183,strongly_correlated,20,212,"(7, 6, 48, 1, 23, 20, 15, 6, 34, 6, 1, 42, 3, 5, 28, 40, 38, 45, 41, 15)","(17, 16, 58, 11, 33, 30, 25, 16, 44, 16, 11, 52, 13, 15, 38, 50, 48, 55, 51, 25)",358,362,True,0.011049723756906077
184,strongly_correlated,20,260,"(18, 1, 16, 45, 45, 21, 22, 22, 47, 40, 35, 14, 29, 38, 43, 1, 9, 33, 18, 22)","(28, 11, 26, 55, 55, 31, 32, 32, 57, 50, 45, 24, 39, 48, 53, 11, 19, 43, 28, 32)",356,390,True,0.08717948717948718
185,strongly_correlated,20,254,"(8, 10, 10, 20, 38, 32, 31, 48, 26, 12, 1, 38, 50, 16, 46, 17, 28, 35, 2, 41)","(18, 20, 20, 30, 48, 42, 41, 58, 36, 22, 11, 48, 60, 26, 56, 27, 38, 45, 12, 51)",388,394,True,0.015228426395939087
186,strongly_correlated,20,244,"(22, 43, 27, 36, 50, 29, 7, 31, 44, 8, 1, 13, 22, 36, 8, 29, 23, 3, 29, 26)","(32, 53, 37, 46, 60, 39, 17, 41, 54, 18, 11, 23, 32, 46, 18, 39, 33, 13, 39, 36)",348,374,True,0.06951871657754011
187,strongly_correlated,20,288,"(23, 31, 38, 10, 38, 2, 38, 36, 16, 32, 48, 46, 30, 49, 11, 38, 29, 23, 15, 22)","(33, 41, 48, 20, 48, 12, 48, 46, 26, 42, 58, 56, 40, 59, 21, 48, 39, 33, 25, 32)",410,418,True,0.019138755980861243
188,strongly_correlated,20,220,"(46, 15, 17, 1, 16, 5, 45, 18, 26, 17, 23, 20, 18, 8, 7, 2, 45, 33, 46, 32)","(56, 25, 27, 11, 26, 15, 55, 28, 36, 27, 33, 30, 28, 18, 17, 12, 55, 43, 56, 42)",333,360,True,0.075
189,strongly_correlated,20,224,"(31, 48, 18, 10, 37, 36, 8, 26, 48, 1, 34, 1, 44, 3, 37, 10, 13, 20, 19, 3)","(41, 58, 28, 20, 47, 46, 18, 36, 58, 11, 44, 11, 54, 13, 47, 20, 23, 30, 29, 13)",337,364,True,0.07417582417582418
190,strongly_correlated,20,231,"(5, 11, 49, 22, 24, 14, 15, 31, 26, 5, 10, 6, 46, 34, 4, 38, 35, 5, 34, 48)","(15, 21, 59, 32, 34, 24, 25, 41, 36, 15, 20, 16, 56, 44, 14, 48, 45, 15, 44, 58)",352,371,True,0.05121293800539083
191,strongly_correlated,20,301,"(49, 34, 36, 33, 33, 10, 50, 26, 49, 41, 45, 31, 4, 40, 8, 4, 26, 31, 24, 28)","(59, 44, 46, 43, 43, 20, 60, 36, 59, 51, 55, 41, 14, 50, 18, 14, 36, 41, 34, 38)",422,431,True,0.02088167053364269
192,strongly_correlated,20,232,"(24, 20, 6, 30, 20, 28, 22, 28, 18, 44, 15, 24, 12, 50, 9, 26, 12, 47, 11, 18)","(34, 30, 16, 40, 30, 38, 32, 38, 28, 54, 25, 34, 22, 60, 19, 36, 22, 57, 21, 28)",341,362,True,0.058011049723756904
193,strongly_correlated,20,268,"(36, 30, 49, 12, 20, 36, 18, 34, 15, 2, 20, 10, 30, 35, 43, 48, 39, 14, 14, 32)","(46, 40, 59, 22, 30, 46, 28, 44, 25, 12, 30, 20, 40, 45, 53, 58, 49, 24, 24, 42)",381,398,True,0.04271356783919598
194,strongly_correlated,20,267,"(39, 5, 38, 10, 23, 25, 17, 48, 28, 48, 29, 35, 28, 27, 24, 10, 41, 7, 41, 11)","(49, 15, 48, 20, 33, 35, 27, 58, 38, 58, 39, 45, 38, 37, 34, 20, 51, 17, 51, 21)",374,397,True,0.05793450881612091
195,strongly_correlated,20,261,"(39, 26, 3, 42, 13, 44, 14, 26, 6, 42, 20, 46, 37, 40, 13, 47, 21, 22, 16, 5)","(49, 36, 13, 52, 23, 54, 24, 36, 16, 52, 30, 56, 47, 50, 23, 57, 31, 32, 26, 15)",401,401,False,0.0
196,strongly_correlated,20,294,"(42, 33, 46, 42, 46, 2, 14, 50, 28, 43, 42, 21, 6, 20, 46, 10, 33, 18, 39, 7)","(52, 43, 56, 52, 56, 12, 24, 60, 38, 53, 52, 31, 16, 30, 56, 20, 43, 28, 49, 17)",403,424,True,0.049528301886792456
197,strongly_correlated,20,225,"(35, 1, 9, 11, 2, 45, 13, 38, 8, 3, 38, 32, 30, 7, 14, 38, 27, 15, 44, 40)","(45, 11, 19, 21, 12, 55, 23, 48, 18, 13, 48, 42, 40, 17, 24, 48, 37, 25, 54, 50)",347,365,True,0.049315068493150684
198,strongly_correlated,20,267,"(4, 37, 46, 31, 7, 43, 48, 31, 30, 4, 34, 19, 13, 28, 12, 25, 49, 2, 39, 32)","(14, 47, 56, 41, 17, 53, 58, 41, 40, 14, 44, 29, 23, 38, 22, 35, 59, 12, 49, 42)",368,397,True,0.07304785894206549
199,strongly_correlated,20,304,"(23, 48, 26, 18, 43, 46, 20, 1, 31, 45, 33, 23, 17, 16, 50, 37, 22, 50, 35, 25)","(33, 58, 36, 28, 53, 56, 30, 11, 41, 55, 43, 33, 27, 26, 60, 47, 32, 60, 45, 35)",420,434,True,0.03225806451612903
200,strongly_correlated,20,241,"(3, 14, 48, 46, 2, 10, 40, 18, 1, 45, 29, 46, 11, 46, 2, 29, 18, 29, 30, 15)","(13, 24, 58, 56, 12, 20, 50, 28, 11, 55, 39, 56, 21, 56, 12, 39, 28, 39, 40, 25)",351,381,True,0.07874015748031496
201,strongly_correlated,20,324,"(5, 46, 21, 27, 1, 50, 19, 21, 49, 45, 45, 44, 31, 40, 49, 18, 29, 31, 36, 40)","(15, 56, 31, 37, 11, 60, 29, 31, 59, 55, 55, 54, 41, 50, 59, 28, 39, 41, 46, 50)",449,454,True,0.011013215859030838
202,strongly_correlated,20,260,"(49, 25, 42, 31, 27, 13, 13, 44, 26, 4, 28, 29, 29, 3, 34, 21, 13, 16, 32, 41)","(59, 35, 52, 41, 37, 23, 23, 54, 36, 14, 38, 39, 39, 13, 44, 31, 23, 26, 42, 51)",377,390,True,0.03333333333333333
203,strongly_correlated,20,251,"(6, 3, 32, 39, 14, 2, 50, 39, 17, 40, 16, 47, 2, 50, 16, 23, 42, 7, 48, 9)","(16, 13, 42, 49, 24, 12, 60, 49, 27, 50, 26, 57, 12, 60, 26, 33, 52, 17, 58, 19)",365,391,True,0.06649616368286446
204,strongly_correlated,20,234,"(26, 6, 38, 14, 9, 27, 31, 22, 7, 45, 37, 11, 21, 27, 5, 29, 5, 30, 44, 34)","(36, 16, 48, 24, 19, 37, 41, 32, 17, 55, 47, 21, 31, 37, 15, 39, 15, 40, 54, 44)",339,364,True,0.06868131868131869
205,strongly_correlated,20,278,"(28, 31, 47, 7, 35, 32, 30, 46, 15, 49, 34, 12, 7, 13, 48, 15, 9, 41, 44, 13)","(38, 41, 57, 17, 45, 42, 40, 56, 25, 59, 44, 22, 17, 23, 58, 25, 19, 51, 54, 23)",376,408,True,0.0784313725490196
206,strongly_correlated,20,202,"(1, 6, 20, 48, 15, 9, 15, 16, 12, 22, 17, 34, 9, 42, 33, 13, 9, 48, 16, 18)","(11, 16, 30, 58, 25, 19, 25, 26, 22, 32, 27, 44, 19, 52, 43, 23, 19, 58, 26, 28)",348,348,False,0.0
207,strongly_correlated,20,234,"(33, 43, 43, 39, 15, 48, 11, 2, 44, 23, 10, 45, 32, 6, 4, 21, 24, 9, 12, 5)","(43, 53, 53, 49, 25, 58, 21, 12, 54, 33, 20, 55, 42, 16, 14, 31, 34, 19, 22, 15)",347,374,True,0.07219251336898395
208,strongly_correlated,20,284,"(18, 34, 50, 13, 4, 37, 37, 17, 37, 40, 30, 17, 44, 48, 41, 30, 23, 27, 12, 9)","(28, 44, 60, 23, 14, 47, 47, 27, 47, 50, 40, 27, 54, 58, 51, 40, 33, 37, 22, 19)",401,414,True,0.03140096618357488
209,strongly_correlated,20,222,"(36, 43, 2, 11, 37, 19, 6, 42, 44, 12, 5, 24, 11, 46, 15, 27, 21, 12, 13, 19)","(46, 53, 12, 21, 47, 29, 16, 52, 54, 22, 15, 34, 21, 56, 25, 37, 31, 22, 23, 29)",337,362,True,0.06906077348066299
210,strongly_correlated,20,252,"(25, 1, 44, 47, 26, 11, 45, 2, 42, 19, 15, 3, 41, 9, 8, 35, 44, 31, 47, 8)","(35, 11, 54, 57, 36, 21, 55, 12, 52, 29, 25, 13, 51, 19, 18, 45, 54, 41, 57, 18)",374,392,True,0.04591836734693878
211,strongly_correlated,20,319,"(37, 23, 48, 16, 2, 21, 41, 36, 42, 40, 22, 37, 38, 44, 42, 9, 27, 46, 28, 39)","(47, 33, 58, 26, 12, 31, 51, 46, 52, 50, 32, 47, 48, 54, 52, 19, 37, 56, 38, 49)",416,439,True,0.05239179954441914
212,strongly_correlated,20,238,"(26, 39, 3, 46, 38, 4, 20, 36, 9, 10, 3, 19, 12, 49, 34, 21, 41, 9, 50, 6)","(36, 49, 13, 56, 48, 14, 30, 46, 19, 20, 13, 29, 22, 59, 44, 31, 51, 19, 60, 16)",352,378,True,0.06878306878306878
213,strongly_correlated,20,234,"(10, 27, 15, 19, 2, 13, 27, 35, 33, 20, 11, 23, 28, 34, 14, 39, 22, 36, 30, 30)","(20, 37, 25, 29, 12, 23, 37, 45, 43, 30, 21, 33, 38, 44, 24, 49, 32, 46, 40, 40)",361,364,True,0.008241758241758242
214,strongly_correlated,20,264,"(34, 47, 23, 27, 20, 42, 35, 50, 29, 15, 27, 3, 17, 14, 49, 16, 6, 44, 11, 18)","(44, 57, 33, 37, 30, 52, 45, 60, 39, 25, 37, 13, 27, 24, 59, 26, 16, 54, 21, 28)",400,401,True,0.0024937655860349127
215,strongly_correlated,20,224,"(3, 41, 22, 7, 19, 16, 6, 43, 3, 35, 25, 19, 44, 2, 8, 39, 47, 12, 17, 41)","(13, 51, 32, 17, 29, 26, 16, 53, 13, 45, 35, 29, 54, 12, 18, 49, 57, 22, 27, 51)",334,364,True,0.08241758241758242
216,strongly_correlated,20,244,"(14, 42, 12, 46, 31, 31, 2, 25, 7, 37, 2, 17, 23, 45, 35, 32, 10, 30, 28, 18)","(24, 52, 22, 56, 41, 41, 12, 35, 17, 47, 12, 27, 33, 55, 45, 42, 20, 40, 38, 28)",349,374,True,0.06684491978609626
217,strongly_correlated,20,272,"(19, 16, 12, 17, 45, 16, 8, 22, 10, 18, 48, 21, 43, 50, 28, 36, 38, 46, 36, 14)","(29, 26, 22, 27, 55, 26, 18, 32, 20, 28, 58, 31, 53, 60, 38, 46, 48, 56, 46, 24)",367,402,True,0.08706467661691543
218,strongly_correlated,20,247,"(20, 12, 7, 49, 39, 23, 22, 14, 4, 33, 48, 23, 31, 13, 23, 22, 38, 16, 16, 41)","(30, 22, 17, 59, 49, 33, 32, 24, 14, 43, 58, 33, 41, 23, 33, 32, 48, 26, 26, 51)",386,386,False,0.0
219,strongly_correlated,20,248,"(45, 41, 22, 34, 3, 22, 46, 47, 7, 19, 28, 22, 19, 31, 3, 9, 4, 41, 29, 24)","(55, 51, 32, 44, 13, 32, 56, 57, 17, 29, 38, 32, 29, 41, 13, 19, 14, 51, 39, 34)",382,388,True,0.015463917525773196
220,strongly_correlated,20,284,"(48, 49, 15, 47, 16, 30, 18, 47, 26, 27, 32, 14, 46, 21, 16, 31, 11, 26, 24, 25)","(58, 59, 25, 57, 26, 40, 28, 57, 36, 37, 42, 24, 56, 31, 26, 41, 21, 36, 34, 35)",399,414,True,0.036231884057971016
221,strongly_correlated,20,268,"(16, 28, 6, 32, 18, 36, 50, 15, 49, 23, 36, 29, 41, 45, 39, 5, 3, 18, 41, 6)","(26, 38, 16, 42, 28, 46, 60, 25, 59, 33, 46, 39, 51, 55, 49, 15, 13, 28, 51, 16)",365,398,True,0.0829145728643216
222,strongly_correlated,20,220,"(50, 7, 16, 19, 20, 3, 2, 31, 15, 29, 48, 47, 29, 29, 5, 50, 2, 7, 27, 5)","(60, 17, 26, 29, 30, 13, 12, 41, 25, 39, 58, 57, 39, 39, 15, 60, 12, 17, 37, 15)",365,369,True,0.01084010840108401
223,strongly_correlated,20,324,"(22, 23, 29, 13, 26, 35, 41, 33, 50, 44, 8, 50, 35, 43, 1, 50, 39, 40, 22, 43)","(32, 33, 39, 23, 36, 45, 51, 43, 60, 54, 18, 60, 45, 53, 11, 60, 49, 50, 32, 53)",406,444,True,0.08558558558558559
224,strongly_correlated,20,204,"(5, 13, 30, 5, 35, 15, 7, 28, 43, 34, 9, 2, 21, 17, 35, 16, 7, 9, 50, 27)","(15, 23, 40, 15, 45, 25, 17, 38, 53, 44, 19, 12, 31, 27, 45, 26, 17, 19, 60, 37)",321,344,True,0.06686046511627906
225,strongly_correlated,20,270,"(45, 16, 12, 47, 45, 39, 45, 9, 13, 24, 49, 10, 1, 40, 12, 2, 35, 45, 18, 33)","(55, 26, 22, 57, 55, 49, 55, 19, 23, 34, 59, 20, 11, 50, 22, 12, 45, 55, 28, 43)",404,410,True,0.014634146341463415
226,strongly_correlated,20,294,"(31, 3, 42, 36, 38, 39, 4, 12, 24, 22, 25, 36, 30, 45, 36, 48, 23, 48, 6, 40)","(41, 13, 52, 46, 48, 49, 14, 22, 34, 32, 35, 46, 40, 55, 46, 58, 33, 58, 16, 50)",418,424,True,0.014150943396226415
227,strongly_correlated,20,247,"(26, 44, 24, 6, 29, 16, 48, 27, 27, 3, 49, 7, 18, 12, 43, 16, 5, 16, 32, 46)","(36, 54, 34, 16, 39, 26, 58, 37, 37, 13, 59, 17, 28, 22, 53, 26, 15, 26, 42, 56)",372,387,True,0.03875968992248062
228,strongly_correlated,20,311,"(49, 45, 43, 15, 37, 15, 15, 30, 37, 39, 45, 30, 50, 10, 5, 38, 9, 20, 45, 45)","(59, 55, 53, 25, 47, 25, 25, 40, 47, 49, 55, 40, 60, 20, 15, 48, 19, 30, 55, 55)",430,441,True,0.024943310657596373
229,strongly_correlated,20,246,"(34, 9, 15, 35, 28, 17, 41, 14, 40, 11, 36, 32, 45, 19, 5, 33, 1, 49, 12, 16)","(44, 19, 25, 45, 38, 27, 51, 24, 50, 21, 46, 42, 55, 29, 15, 43, 11, 59, 22, 26)",386,386,False,0.0
230,strongly_correlated,20,319,"(46, 11, 20, 47, 44, 35, 2, 43, 28, 50, 2, 32, 41, 31, 27, 40, 33, 49, 17, 40)","(56, 21, 30, 57, 54, 45, 12, 53, 38, 60, 12, 42, 51, 41, 37, 50, 43, 59, 27, 50)",448,449,True,0.0022271714922048997
231,strongly_correlated,20,320,"(2, 9, 25, 50, 21, 49, 50, 37, 15, 14, 50, 37, 50, 20, 27, 30, 50, 21, 46, 37)","(12, 19, 35, 60, 31, 59, 60, 47, 25, 24, 60, 47, 60, 30, 37, 40, 60, 31, 56, 47)",425,450,True,0.05555555555555555
232,strongly_correlated,20,172,"(18, 8, 15, 6, 5, 18, 18, 11, 27, 11, 33, 8, 21, 18, 24, 24, 41, 5, 15, 18)","(28, 18, 25, 16, 15, 28, 28, 21, 37, 21, 43, 18, 31, 28, 34, 34, 51, 15, 25, 28)",286,302,True,0.052980132450331126
233,strongly_correlated,20,258,"(44, 41, 12, 34, 15, 31, 36, 14, 6, 7, 18, 15, 45, 46, 1, 5, 44, 16, 39, 46)","(54, 51, 22, 44, 25, 41, 46, 24, 16, 17, 28, 25, 55, 56, 11, 15, 54, 26, 49, 56)",389,398,True,0.022613065326633167
234,strongly_correlated,20,264,"(22, 17, 4, 38, 27, 33, 46, 31, 15, 17, 23, 24, 32, 40, 5, 17, 28, 25, 39, 44)","(32, 27, 14, 48, 37, 43, 56, 41, 25, 27, 33, 34, 42, 50, 15, 27, 38, 35, 49, 54)",385,394,True,0.02284263959390863
235,strongly_correlated,20,190,"(23, 47, 33, 50, 3, 16, 5, 6, 2, 17, 11, 4, 8, 4, 30, 11, 12, 21, 50, 28)","(33, 57, 43, 60, 13, 26, 15, 16, 12, 27, 21, 14, 18, 14, 40, 21, 22, 31, 60, 38)",321,340,True,0.05588235294117647
236,strongly_correlated,20,315,"(44, 24, 32, 47, 23, 6, 25, 46, 10, 49, 38, 20, 37, 11, 38, 45, 17, 24, 47, 47)","(54, 34, 42, 57, 33, 16, 35, 56, 20, 59, 48, 30, 47, 21, 48, 55, 27, 34, 57, 57)",435,445,True,0.02247191011235955
237,strongly_correlated,20,292,"(40, 32, 11, 16, 27, 4, 45, 12, 33, 47, 42, 43, 28, 35, 46, 1, 31, 39, 6, 45)","(50, 42, 21, 26, 37, 14, 55, 22, 43, 57, 52, 53, 38, 45, 56, 11, 41, 49, 16, 55)",405,422,True,0.04028436018957346
238,strongly_correlated,20,208,"(24, 6, 28, 47, 41, 5, 6, 10, 11, 8, 35, 36, 37, 37, 3, 6, 11, 20, 19, 27)","(34, 16, 38, 57, 51, 15, 16, 20, 21, 18, 45, 46, 47, 47, 13, 16, 21, 30, 29, 37)",324,348,True,0.06896551724137931
239,strongly_correlated,20,222,"(8, 13, 46, 10, 27, 7, 28, 4, 24, 27, 1, 48, 19, 17, 19, 49, 10, 50, 36, 2)","(18, 23, 56, 20, 37, 17, 38, 14, 34, 37, 11, 58, 29, 27, 29, 59, 20, 60, 46, 12)",366,366,False,0.0
240,strongly_correlated,20,242,"(40, 4, 3, 21, 10, 40, 49, 34, 42, 21, 3, 24, 8, 16, 1, 50, 24, 30, 20, 43)","(50, 14, 13, 31, 20, 50, 59, 44, 52, 31, 13, 34, 18, 26, 11, 60, 34, 40, 30, 53)",359,382,True,0.060209424083769635
241,strongly_correlated,20,300,"(45, 35, 49, 7, 23, 45, 46, 5, 16, 39, 42, 35, 11, 41, 17, 18, 48, 23, 47, 9)","(55, 45, 59, 17, 33, 55, 56, 15, 26, 49, 52, 45, 21, 51, 27, 28, 58, 33, 57, 19)",409,430,True,0.04883720930232558
242,strongly_correlated,20,254,"(22, 2, 32, 34, 40, 32, 33, 46, 50, 11, 1, 13, 17, 35, 14, 13, 39, 47, 25, 3)","(32, 12, 42, 44, 50, 42, 43, 56, 60, 21, 11, 23, 27, 45, 24, 23, 49, 57, 35, 13)",392,394,True,0.005076142131979695
243,strongly_correlated,20,231,"(34, 21, 28, 4, 29, 37, 20, 11, 17, 8, 1, 7, 24, 21, 37, 44, 14, 22, 46, 37)","(44, 31, 38, 14, 39, 47, 30, 21, 27, 18, 11, 17, 34, 31, 47, 54, 24, 32, 56, 47)",367,367,False,0.0
244,strongly_correlated,20,259,"(49, 44, 27, 25, 38, 30, 5, 23, 7, 47, 10, 22, 18, 18, 40, 49, 9, 14, 15, 28)","(59, 54, 37, 35, 48, 40, 15, 33, 17, 57, 20, 32, 28, 28, 50, 59, 19, 24, 25, 38)",391,399,True,0.020050125313283207
245,strongly_correlated,20,272,"(9, 19, 31, 5, 29, 22, 48, 39, 41, 30, 3, 47, 14, 17, 10, 31, 41, 42, 46, 20)","(19, 29, 41, 15, 39, 32, 58, 49, 51, 40, 13, 57, 24, 27, 20, 41, 51, 52, 56, 30)",370,402,True,0.07960199004975124
246,strongly_correlated,20,273,"(4, 34, 25, 47, 23, 5, 47, 29, 12, 37, 12, 22, 36, 44, 47, 7, 45, 23, 14, 33)","(14, 44, 35, 57, 33, 15, 57, 39, 22, 47, 22, 32, 46, 54, 57, 17, 55, 33, 24, 43)",373,403,True,0.07444168734491315
247,strongly_correlated,20,248,"(30, 22, 2, 23, 31, 50, 4, 40, 23, 9, 28, 1, 11, 13, 19, 42, 14, 40, 49, 46)","(40, 32, 12, 33, 41, 60, 14, 50, 33, 19, 38, 11, 21, 23, 29, 52, 24, 50, 59, 56)",370,388,True,0.04639175257731959
248,strongly_correlated,20,300,"(27, 47, 31, 46, 13, 45, 30, 44, 7, 21, 17, 38, 45, 29, 32, 24, 6, 27, 40, 30)","(37, 57, 41, 56, 23, 55, 40, 54, 17, 31, 27, 48, 55, 39, 42, 34, 16, 37, 50, 40)",424,430,True,0.013953488372093023
249,strongly_correlated,20,306,"(18, 38, 39, 18, 39, 41, 40, 41, 41, 32, 50, 35, 11, 1, 50, 28, 33, 27, 6, 23)","(28, 48, 49, 28, 49, 51, 50, 51, 51, 42, 60, 45, 21, 11, 60, 38, 43, 37, 16, 33)",390,426,True,0.08450704225352113
250,strongly_correlated,20,259,"(25, 26, 11, 36, 43, 5, 46, 3, 36, 16, 11, 24, 27, 17, 28, 30, 42, 35, 37, 20)","(35, 36, 21, 46, 53, 15, 56, 13, 46, 26, 21, 34, 37, 27, 38, 40, 52, 45, 47, 30)",373,389,True,0.04113110539845758
251,strongly_correlated,20,300,"(29, 43, 25, 47, 37, 38, 30, 16, 27, 46, 32, 6, 17, 13, 30, 26, 16, 33, 40, 48)","(39, 53, 35, 57, 47, 48, 40, 26, 37, 56, 42, 16, 27, 23, 40, 36, 26, 43, 50, 58)",430,430,False,0.0
252,strongly_correlated,20,272,"(50, 40, 2, 44, 19, 35, 10, 13, 22, 18, 30, 32, 17, 2, 50, 47, 7, 50, 39, 17)","(60, 50, 12, 54, 29, 45, 20, 23, 32, 28, 40, 42, 27, 12, 60, 57, 17, 60, 49, 27)",403,412,True,0.021844660194174758
253,strongly_correlated,20,252,"(35, 35, 25, 27, 10, 42, 42, 15, 5, 29, 5, 10, 18, 32, 21, 47, 36, 47, 2, 21)","(45, 45, 35, 37, 20, 52, 52, 25, 15, 39, 15, 20, 28, 42, 31, 57, 46, 57, 12, 31)",350,382,True,0.08376963350785341
254,strongly_correlated,20,268,"(24, 33, 17, 27, 43, 22, 14, 1, 46, 33, 46, 21, 47, 31, 44, 38, 12, 29, 2, 5)","(34, 43, 27, 37, 53, 32, 24, 11, 56, 43, 56, 31, 57, 41, 54, 48, 22, 39, 12, 15)",368,398,True,0.07537688442211055
255,strongly_correlated,20,280,"(4, 21, 41, 41, 38, 3, 24, 40, 49, 9, 34, 44, 35, 36, 17, 25, 19, 38, 29, 12)","(14, 31, 51, 51, 48, 13, 34, 50, 59, 19, 44, 54, 45, 46, 27, 35, 29, 48, 39, 22)",398,410,True,0.02926829268292683
256,strongly_correlated,20,254,"(32, 20, 28, 24, 25, 3, 30, 50, 28, 16, 33, 12, 19, 43, 21, 36, 21, 22, 39, 6)","(42, 30, 38, 34, 35, 13, 40, 60, 38, 26, 43, 22, 29, 53, 31, 46, 31, 32, 49, 16)",375,384,True,0.0234375
257,strongly_correlated,20,267,"(21, 27, 7, 18, 35, 35, 34, 14, 1, 40, 1, 47, 30, 49, 40, 9, 16, 24, 46, 40)","(31, 37, 17, 28, 45, 45, 44, 24, 11, 50, 11, 57, 40, 59, 50, 19, 26, 34, 56, 50)",367,397,True,0.07556675062972293
258,strongly_correlated,20,234,"(42, 5, 10, 35, 28, 13, 9, 43, 15, 38, 1, 25, 23, 14, 38, 19, 49, 13, 12, 35)","(52, 15, 20, 45, 38, 23, 19, 53, 25, 48, 11, 35, 33, 24, 48, 29, 59, 23, 22, 45)",362,374,True,0.03208556149732621
259,strongly_correlated,20,271,"(3, 36, 6, 28, 39, 32, 42, 48, 16, 50, 6, 50, 4, 34, 24, 50, 6, 13, 37, 18)","(13, 46, 16, 38, 49, 42, 52, 58, 26, 60, 16, 60, 14, 44, 34, 60, 16, 23, 47, 28)",403,411,True,0.019464720194647202
260,strongly_correlated,20,275,"(14, 5, 27, 37, 38, 31, 14, 45, 4, 39, 49, 18, 50, 27, 5, 17, 39, 5, 44, 42)","(24, 15, 37, 47, 48, 41, 24, 55, 14, 49, 59, 28, 60, 37, 15, 27, 49, 15, 54, 52)",372,405,True,0.08148148148148149
261,strongly_correlated,20,244,"(28, 2, 12, 3, 35, 45, 38, 17, 12, 50, 43, 17, 26, 30, 28, 16, 16, 12, 42, 17)","(38, 12, 22, 13, 45, 55, 48, 27, 22, 60, 53, 27, 36, 40, 38, 26, 26, 22, 52, 27)",376,384,True,0.020833333333333332
262,strongly_correlated,20,268,"(21, 49, 35, 27, 30, 22, 24, 22, 15, 1, 45, 37, 38, 15, 27, 11, 10, 21, 35, 50)","(31, 59, 45, 37, 40, 32, 34, 32, 25, 11, 55, 47, 48, 25, 37, 21, 20, 31, 45, 60)",376,398,True,0.05527638190954774
263,strongly_correlated,20,310,"(48, 49, 49, 28, 22, 39, 50, 25, 47, 17, 9, 30, 29, 48, 1, 1, 34, 43, 17, 35)","(58, 59, 59, 38, 32, 49, 60, 35, 57, 27, 19, 40, 39, 58, 11, 11, 44, 53, 27, 45)",417,440,True,0.05227272727272727
264,strongly_correlated,20,298,"(40, 50, 44, 19, 35, 13, 34, 11, 21, 15, 47, 49, 1, 21, 40, 45, 6, 35, 47, 24)","(50, 60, 54, 29, 45, 23, 44, 21, 31, 25, 57, 59, 11, 31, 50, 55, 16, 45, 57, 34)",405,428,True,0.053738317757009345
265,strongly_correlated,20,252,"(26, 31, 21, 31, 34, 21, 14, 46, 15, 13, 18, 43, 15, 50, 35, 3, 22, 11, 27, 29)","(36, 41, 31, 41, 44, 31, 24, 56, 25, 23, 28, 53, 25, 60, 45, 13, 32, 21, 37, 39)",365,382,True,0.04450261780104712
266,strongly_correlated,20,236,"(5, 35, 44, 44, 7, 29, 48, 13, 36, 25, 27, 38, 4, 7, 6, 10, 34, 2, 37, 21)","(15, 45, 54, 54, 17, 39, 58, 23, 46, 35, 37, 48, 14, 17, 16, 20, 44, 12, 47, 31)",365,376,True,0.02925531914893617
267,strongly_correlated,20,222,"(13, 2, 29, 22, 7, 1, 36, 31, 3, 41, 15, 40, 1, 38, 37, 3, 34, 9, 45, 36)","(23, 12, 39, 32, 17, 11, 46, 41, 13, 51, 25, 50, 11, 48, 47, 13, 44, 19, 55, 46)",346,362,True,0.04419889502762431
268,strongly_correlated,20,238,"(49, 35, 36, 21, 3, 27, 8, 47, 12, 37, 18, 15, 1, 46, 46, 15, 23, 10, 14, 12)","(59, 45, 46, 31, 13, 37, 18, 57, 22, 47, 28, 25, 11, 56, 56, 25, 33, 20, 24, 22)",354,378,True,0.06349206349206349
269,strongly_correlated,20,208,"(3, 2, 5, 49, 40, 20, 13, 22, 19, 44, 33, 5, 12, 41, 7, 24, 26, 4, 1, 47)","(13, 12, 15, 59, 50, 30, 23, 32, 29, 54, 43, 15, 22, 51, 17, 34, 36, 14, 11, 57)",346,357,True,0.03081232492997199
270,strongly_correlated,20,262,"(12, 23, 6, 47, 39, 20, 2, 38, 42, 9, 3, 31, 35, 19, 18, 43, 42, 34, 17, 43)","(22, 33, 16, 57, 49, 30, 12, 48, 52, 19, 13, 41, 45, 29, 28, 53, 52, 44, 27, 53)",359,392,True,0.08418367346938775
271,strongly_correlated,20,278,"(31, 42, 23, 22, 44, 12, 24, 34, 36, 43, 31, 7, 5, 43, 27, 7, 27, 41, 48, 8)","(41, 52, 33, 32, 54, 22, 34, 44, 46, 53, 41, 17, 15, 53, 37, 17, 37, 51, 58, 18)",388,408,True,0.049019607843137254
272,strongly_correlated,20,246,"(31, 23, 5, 42, 32, 22, 24, 45, 39, 18, 35, 40, 12, 33, 22, 11, 26, 2, 16, 13)","(41, 33, 15, 52, 42, 32, 34, 55, 49, 28, 45, 50, 22, 43, 32, 21, 36, 12, 26, 23)",355,376,True,0.05585106382978723
273,strongly_correlated,20,264,"(13, 43, 41, 38, 16, 20, 47, 39, 38, 19, 9, 15, 6, 33, 13, 34, 5, 31, 42, 26)","(23, 53, 51, 48, 26, 30, 57, 49, 48, 29, 19, 25, 16, 43, 23, 44, 15, 41, 52, 36)",370,394,True,0.06091370558375635
274,strongly_correlated,20,238,"(10, 30, 24, 27, 3, 14, 2, 43, 18, 14, 39, 50, 39, 47, 14, 1, 22, 26, 31, 22)","(20, 40, 34, 37, 13, 24, 12, 53, 28, 24, 49, 60, 49, 57, 24, 11, 32, 36, 41, 32)",367,376,True,0.023936170212765957
275,strongly_correlated,20,286,"(49, 8, 37, 47, 24, 36, 19, 21, 12, 22, 41, 9, 40, 23, 23, 30, 29, 37, 36, 28)","(59, 18, 47, 57, 34, 46, 29, 31, 22, 32, 51, 19, 50, 33, 33, 40, 39, 47, 46, 38)",414,415,True,0.0024096385542168677
276,strongly_correlated,20,215,"(24, 5, 13, 49, 50, 21, 18, 18, 1, 50, 25, 10, 32, 17, 13, 21, 24, 25, 2, 12)","(34, 15, 23, 59, 60, 31, 28, 28, 11, 60, 35, 20, 42, 27, 23, 31, 34, 35, 12, 22)",339,355,True,0.04507042253521127
277,strongly_correlated,20,250,"(6, 12, 14, 43, 3, 11, 31, 49, 38, 9, 40, 31, 20, 38, 40, 37, 33, 14, 15, 16)","(16, 22, 24, 53, 13, 21, 41, 59, 48, 19, 50, 41, 30, 48, 50, 47, 43, 24, 25, 26)",345,380,True,0.09210526315789473
278,strongly_correlated,20,258,"(19, 32, 18, 3, 31, 41, 44, 31, 24, 15, 30, 35, 16, 18, 24, 50, 23, 2, 25, 35)","(29, 42, 28, 13, 41, 51, 54, 41, 34, 25, 40, 45, 26, 28, 34, 60, 33, 12, 35, 45)",378,388,True,0.02577319587628866
279,strongly_correlated,20,188,"(27, 23, 4, 32, 12, 12, 22, 6, 20, 37, 10, 14, 32, 7, 46, 11, 26, 21, 1, 12)","(37, 33, 14, 42, 22, 22, 32, 16, 30, 47, 20, 24, 42, 17, 56, 21, 36, 31, 11, 22)",315,328,True,0.039634146341463415
280,strongly_correlated,20,314,"(20, 29, 42, 48, 6, 41, 17, 29, 36, 22, 36, 49, 49, 2, 32, 44, 42, 3, 39, 43)","(30, 39, 52, 58, 16, 51, 27, 39, 46, 32, 46, 59, 59, 12, 42, 54, 52, 13, 49, 53)",442,444,True,0.0045045045045045045
281,strongly_correlated,20,238,"(2, 20, 17, 8, 29, 29, 33, 16, 49, 3, 36, 49, 18, 34, 11, 5, 27, 2, 40, 48)","(12, 30, 27, 18, 39, 39, 43, 26, 59, 13, 46, 59, 28, 44, 21, 15, 37, 12, 50, 58)",360,378,True,0.047619047619047616
282,strongly_correlated,20,272,"(43, 3, 43, 31, 46, 44, 25, 21, 10, 8, 4, 14, 21, 37, 33, 21, 31, 42, 37, 29)","(53, 13, 53, 41, 56, 54, 35, 31, 20, 18, 14, 24, 31, 47, 43, 31, 41, 52, 47, 39)",381,402,True,0.05223880597014925
283,strongly_correlated,20,268,"(47, 2, 9, 34, 17, 30, 48, 41, 25, 28, 15, 45, 37, 10, 37, 13, 49, 1, 36, 12)","(57, 12, 19, 44, 27, 40, 58, 51, 35, 38, 25, 55, 47, 20, 47, 23, 59, 11, 46, 22)",362,398,True,0.09045226130653267
284,strongly_correlated,20,188,"(3, 18, 24, 7, 30, 20, 33, 10, 31, 9, 12, 5, 21, 22, 9, 4, 40, 50, 14, 15)","(13, 28, 34, 17, 40, 30, 43, 20, 41, 19, 22, 15, 31, 32, 19, 14, 50, 60, 24, 25)",309,328,True,0.057926829268292686
285,strongly_correlated,20,258,"(38, 19, 25, 37, 38, 30, 6, 17, 23, 26, 30, 4, 24, 31, 10, 41, 46, 41, 12, 18)","(48, 29, 35, 47, 48, 40, 16, 27, 33, 36, 40, 14, 34, 41, 20, 51, 56, 51, 22, 28)",374,388,True,0.03608247422680412
286,strongly_correlated,20,274,"(32, 5, 21, 45, 5, 6, 46, 27, 27, 28, 10, 35, 43, 24, 48, 43, 49, 9, 21, 25)","(42, 15, 31, 55, 15, 16, 56, 37, 37, 38, 20, 45, 53, 34, 58, 53, 59, 19, 31, 35)",370,404,True,0.08415841584158416
287,strongly_correlated,20,198,"(36, 2, 21, 17, 8, 11, 27, 40, 37, 33, 15, 2, 10, 22, 19, 12, 26, 47, 7, 3)","(46, 12, 31, 27, 18, 21, 37, 50, 47, 43, 25, 12, 20, 32, 29, 22, 36, 57, 17, 13)",315,338,True,0.06804733727810651
288,strongly_correlated,20,298,"(19, 32, 48, 31, 31, 4, 33, 28, 41, 46, 2, 30, 40, 49, 30, 12, 31, 11, 32, 45)","(29, 42, 58, 41, 41, 14, 43, 38, 51, 56, 12, 40, 50, 59, 40, 22, 41, 21, 42, 55)",423,428,True,0.011682242990654205
289,strongly_correlated,20,234,"(49, 18, 44, 12, 6, 29, 1, 2, 25, 42, 25, 2, 27, 31, 8, 32, 3, 39, 46, 27)","(59, 28, 54, 22, 16, 39, 11, 12, 35, 52, 35, 12, 37, 41, 18, 42, 13, 49, 56, 37)",356,374,True,0.0481283422459893
290,strongly_correlated,20,249,"(35, 22, 32, 38, 1, 9, 16, 3, 37, 32, 8, 4, 8, 45, 42, 35, 50, 27, 23, 31)","(45, 32, 42, 48, 11, 19, 26, 13, 47, 42, 18, 14, 18, 55, 52, 45, 60, 37, 33, 41)",346,379,True,0.0870712401055409
291,strongly_correlated,20,324,"(43, 31, 47, 41, 33, 6, 25, 41, 43, 35, 31, 8, 48, 37, 18, 48, 14, 17, 38, 44)","(53, 41, 57, 51, 43, 16, 35, 51, 53, 45, 41, 18, 58, 47, 28, 58, 24, 27, 48, 54)",413,444,True,0.06981981981981981
292,strongly_correlated,20,256,"(50, 10, 49, 19, 10, 43, 21, 13, 36, 38, 21, 19, 13, 41, 27, 48, 41, 2, 8, 3)","(60, 20, 59, 29, 20, 53, 31, 23, 46, 48, 31, 29, 23, 51, 37, 58, 51, 12, 18, 13)",380,396,True,0.04040404040404041
293,strongly_correlated,20,246,"(31, 31, 8, 15, 33, 34, 27, 8, 29, 21, 39, 50, 48, 14, 7, 15, 32, 7, 41, 3)","(41, 41, 18, 25, 43, 44, 37, 18, 39, 31, 49, 60, 58, 24, 17, 25, 42, 17, 51, 13)",346,376,True,0.0797872340425532
294,strongly_correlated,20,274,"(12, 3, 31, 13, 48, 6, 28, 46, 39, 37, 26, 26, 50, 42, 29, 20, 16, 39, 15, 23)","(22, 13, 41, 23, 58, 16, 38, 56, 49, 47, 36, 36, 60, 52, 39, 30, 26, 49, 25, 33)",378,404,True,0.06435643564356436
295,strongly_correlated,20,254,"(19, 46, 31, 21, 38, 43, 31, 5, 17, 16, 47, 4, 14, 15, 48, 20, 17, 25, 47, 5)","(29, 56, 41, 31, 48, 53, 41, 15, 27, 26, 57, 14, 24, 25, 58, 30, 27, 35, 57, 15)",380,393,True,0.03307888040712468
296,strongly_correlated,20,234,"(5, 17, 24, 33, 44, 3, 41, 37, 28, 11, 8, 3, 19, 48, 11, 48, 15, 1, 27, 46)","(15, 27, 34, 43, 54, 13, 51, 47, 38, 21, 18, 13, 29, 58, 21, 58, 25, 11, 37, 56)",345,374,True,0.07754010695187166
297,strongly_correlated,20,250,"(34, 24, 48, 26, 3, 47, 21, 8, 7, 11, 2, 11, 29, 26, 19, 30, 50, 46, 26, 32)","(44, 34, 58, 36, 13, 57, 31, 18, 17, 21, 12, 21, 39, 36, 29, 40, 60, 56, 36, 42)",383,390,True,0.017948717948717947
298,strongly_correlated,20,292,"(14, 36, 42, 34, 12, 40, 12, 21, 48, 30, 30, 30, 40, 34, 36, 47, 1, 18, 20, 39)","(24, 46, 52, 44, 22, 50, 22, 31, 58, 40, 40, 40, 50, 44, 46, 57, 11, 28, 30, 49)",422,422,False,0.0
299,strongly_correlated,20,310,"(24, 38, 47, 13, 1, 30, 34, 50, 44, 38, 20, 22, 39, 45, 40, 44, 4, 33, 6, 47)","(34, 48, 57, 23, 11, 40, 44, 60, 54, 48, 30, 32, 49, 55, 50, 54, 14, 43, 16, 57)",432,440,True,0.01818181818181818
300,strongly_correlated,20,242,"(39, 23, 23, 1, 32, 23, 34, 28, 37, 38, 11, 11, 8, 28, 22, 24, 37, 9, 41, 16)","(49, 33, 33, 11, 42, 33, 44, 38, 47, 48, 21, 21, 18, 38, 32, 34, 47, 19, 51, 26)",357,372,True,0.04032258064516129
301,strongly_correlated,20,284,"(26, 41, 32, 35, 30, 42, 16, 43, 40, 17, 8, 16, 34, 9, 7, 29, 36, 46, 41, 20)","(36, 51, 42, 45, 40, 52, 26, 53, 50, 27, 18, 26, 44, 19, 17, 39, 46, 56, 51, 30)",409,414,True,0.012077294685990338
302,strongly_correlated,20,298,"(36, 35, 36, 27, 31, 13, 3, 25, 26, 13, 33, 50, 26, 22, 50, 42, 8, 43, 43, 35)","(46, 45, 46, 37, 41, 23, 13, 35, 36, 23, 43, 60, 36, 32, 60, 52, 18, 53, 53, 45)",427,428,True,0.002336448598130841
303,strongly_correlated,20,263,"(3, 16, 48, 13, 6, 37, 40, 17, 37, 34, 26, 11, 27, 31, 38, 6, 17, 34, 35, 50)","(13, 26, 58, 23, 16, 47, 50, 27, 47, 44, 36, 21, 37, 41, 48, 16, 27, 44, 45, 60)",371,393,True,0.05597964376590331
304,strongly_correlated,20,248,"(9, 14, 28, 33, 29, 4, 15, 43, 47, 20, 16, 38, 48, 15, 49, 4, 4, 19, 17, 44)","(19, 24, 38, 43, 39, 14, 25, 53, 57, 30, 26, 48, 58, 25, 59, 14, 14, 29, 27, 54)",367,388,True,0.05412371134020619
305,strongly_correlated,20,307,"(12, 37, 37, 26, 41, 43, 19, 34, 12, 46, 50, 48, 40, 11, 12, 31, 37, 20, 45, 13)","(22, 47, 47, 36, 51, 53, 29, 44, 22, 56, 60, 58, 50, 21, 22, 41, 47, 30, 55, 23)",431,437,True,0.013729977116704805
306,strongly_correlated,20,291,"(28, 34, 13, 18, 49, 40, 14, 27, 47, 25, 44, 44, 50, 36, 3, 39, 39, 4, 23, 5)","(38, 44, 23, 28, 59, 50, 24, 37, 57, 35, 54, 54, 60, 46, 13, 49, 49, 14, 33, 15)",399,421,True,0.052256532066508314
307,strongly_correlated,20,285,"(41, 33, 20, 49, 45, 19, 34, 31, 28, 18, 2, 44, 25, 41, 14, 38, 23, 7, 14, 44)","(51, 43, 30, 59, 55, 29, 44, 41, 38, 28, 12, 54, 35, 51, 24, 48, 33, 17, 24, 54)",398,415,True,0.04096385542168675
308,strongly_correlated,20,220,"(12, 10, 26, 23, 24, 33, 18, 12, 28, 20, 48, 28, 37, 28, 22, 12, 11, 36, 6, 6)","(22, 20, 36, 33, 34, 43, 28, 22, 38, 30, 58, 38, 47, 38, 32, 22, 21, 46, 16, 16)",332,350,True,0.05142857142857143
309,strongly_correlated,20,211,"(5, 20, 1, 9, 13, 16, 14, 15, 47, 48, 49, 32, 4, 12, 42, 17, 27, 1, 35, 15)","(15, 30, 11, 19, 23, 26, 24, 25, 57, 58, 59, 42, 14, 22, 52, 27, 37, 11, 45, 25)",351,361,True,0.027700831024930747
310,strongly_correlated,20,240,"(36, 5, 13, 43, 17, 11, 19, 38, 34, 23, 21, 31, 28, 48, 13, 11, 38, 20, 9, 21)","(46, 15, 23, 53, 27, 21, 29, 48, 44, 33, 31, 41, 38, 58, 23, 21, 48, 30, 19, 31)",341,370,True,0.07837837837837838
311,strongly_correlated,20,241,"(17, 17, 47, 5, 28, 31, 10, 18, 36, 3, 35, 28, 15, 46, 21, 20, 7, 48, 10, 40)","(27, 27, 57, 15, 38, 41, 20, 28, 46, 13, 45, 38, 25, 56, 31, 30, 17, 58, 20, 50)",370,379,True,0.023746701846965697
312,strongly_correlated,20,230,"(42, 10, 43, 25, 3, 48, 10, 21, 15, 13, 30, 44, 29, 8, 20, 45, 22, 10, 1, 21)","(52, 20, 53, 35, 13, 58, 20, 31, 25, 23, 40, 54, 39, 18, 30, 55, 32, 20, 11, 31)",348,370,True,0.05945945945945946
313,strongly_correlated,20,221,"(37, 11, 43, 28, 31, 2, 13, 9, 4, 23, 22, 2, 10, 29, 26, 31, 38, 26, 48, 9)","(47, 21, 53, 38, 41, 12, 23, 19, 14, 33, 32, 12, 20, 39, 36, 41, 48, 36, 58, 19)",354,361,True,0.019390581717451522
314,strongly_correlated,20,212,"(13, 30, 8, 12, 1, 41, 41, 19, 15, 26, 14, 26, 35, 29, 4, 41, 41, 12, 9, 7)","(23, 40, 18, 22, 11, 51, 51, 29, 25, 36, 24, 36, 45, 39, 14, 51, 51, 22, 19, 17)",335,352,True,0.048295454545454544
315,strongly_correlated,20,215,"(27, 45, 27, 22, 1, 24, 38, 42, 4, 6, 10, 48, 17, 10, 44, 17, 7, 33, 2, 6)","(37, 55, 37, 32, 11, 34, 48, 52, 14, 16, 20, 58, 27, 20, 54, 27, 17, 43, 12, 16)",363,363,False,0.0
316,strongly_correlated,20,188,"(2, 1, 21, 1, 15, 16, 32, 49, 1, 30, 34, 5, 31, 33, 41, 15, 15, 3, 10, 21)","(12, 11, 31, 11, 25, 26, 42, 59, 11, 40, 44, 15, 41, 43, 51, 25, 25, 13, 20, 31)",337,338,True,0.0029585798816568047
317,strongly_correlated,20,265,"(30, 2, 46, 49, 25, 2, 13, 16, 36, 29, 46, 31, 29, 42, 19, 22, 17, 17, 27, 32)","(40, 12, 56, 59, 35, 12, 23, 26, 46, 39, 56, 41, 39, 52, 29, 32, 27, 27, 37, 42)",378,395,True,0.043037974683544304
318,strongly_correlated,20,324,"(45, 42, 4, 30, 26, 49, 27, 11, 40, 43, 20, 27, 42, 46, 41, 25, 23, 48, 47, 13)","(55, 52, 14, 40, 36, 59, 37, 21, 50, 53, 30, 37, 52, 56, 51, 35, 33, 58, 57, 23)",407,444,True,0.08333333333333333
319,strongly_correlated,20,296,"(12, 3, 45, 35, 50, 40, 39, 26, 40, 5, 14, 50, 48, 19, 8, 23, 44, 11, 38, 41)","(22, 13, 55, 45, 60, 50, 49, 36, 50, 15, 24, 60, 58, 29, 18, 33, 54, 21, 48, 51)",403,426,True,0.0539906103286385
320,strongly_correlated,20,292,"(29, 33, 41, 6, 29, 35, 21, 7, 27, 18, 6, 48, 33, 46, 49, 23, 40, 40, 16, 36)","(39, 43, 51, 16, 39, 45, 31, 17, 37, 28, 16, 58, 43, 56, 59, 33, 50, 50, 26, 46)",413,422,True,0.02132701421800948
321,strongly_correlated,20,286,"(18, 26, 9, 24, 36, 29, 22, 47, 16, 39, 30, 28, 50, 43, 28, 30, 15, 1, 49, 33)","(28, 36, 19, 34, 46, 39, 32, 57, 26, 49, 40, 38, 60, 53, 38, 40, 25, 11, 59, 43)",406,416,True,0.02403846153846154
322,strongly_correlated,20,258,"(46, 50, 27, 10, 5, 16, 19, 21, 37, 10, 20, 12, 41, 35, 47, 35, 15, 15, 41, 14)","(56, 60, 37, 20, 15, 26, 29, 31, 47, 20, 30, 22, 51, 45, 57, 45, 25, 25, 51, 24)",394,396,True,0.005050505050505051
323,strongly_correlated,20,254,"(47, 47, 8, 9, 40, 20, 4, 35, 43, 29, 21, 21, 30, 27, 23, 14, 32, 3, 17, 39)","(57, 57, 18, 19, 50, 30, 14, 45, 53, 39, 31, 31, 40, 37, 33, 24, 42, 13, 27, 49)",356,384,True,0.07291666666666667
324,strongly_correlated,20,244,"(38, 11, 46, 46, 31, 6, 35, 28, 22, 5, 1, 17, 33, 12, 14, 23, 23, 10, 41, 45)","(48, 21, 56, 56, 41, 16, 45, 38, 32, 15, 11, 27, 43, 22, 24, 33, 33, 20, 51, 55)",376,384,True,0.020833333333333332
325,strongly_correlated,20,229,"(36, 9, 37, 8, 47, 43, 5, 11, 23, 16, 16, 16, 44, 39, 8, 44, 40, 2, 6, 8)","(46, 19, 47, 18, 57, 53, 15, 21, 33, 26, 26, 26, 54, 49, 18, 54, 50, 12, 16, 18)",341,369,True,0.07588075880758807
326,strongly_correlated,20,222,"(7, 31, 20, 3, 30, 26, 5, 42, 7, 44, 17, 21, 33, 37, 11, 8, 24, 5, 23, 49)","(17, 41, 30, 13, 40, 36, 15, 52, 17, 54, 27, 31, 43, 47, 21, 18, 34, 15, 33, 59)",347,362,True,0.04143646408839779
327,strongly_correlated,20,214,"(4, 34, 29, 21, 47, 49, 48, 9, 10, 14, 32, 47, 14, 8, 11, 12, 8, 15, 13, 4)","(14, 44, 39, 31, 57, 59, 58, 19, 20, 24, 42, 57, 24, 18, 21, 22, 18, 25, 23, 14)",354,359,True,0.013927576601671309
328,strongly_correlated,20,331,"(42, 33, 49, 21, 30, 31, 49, 6, 48, 32, 41, 29, 47, 26, 13, 36, 23, 50, 35, 21)","(52, 43, 59, 31, 40, 41, 59, 16, 58, 42, 51, 39, 57, 36, 23, 46, 33, 60, 45, 31)",420,451,True,0.06873614190687362
329,strongly_correlated,20,217,"(31, 20, 33, 22, 15, 26, 18, 14, 5, 31, 2, 34, 31, 4, 40, 7, 26, 13, 33, 29)","(41, 30, 43, 32, 25, 36, 28, 24, 15, 41, 12, 44, 41, 14, 50, 17, 36, 23, 43, 39)",331,347,True,0.04610951008645533
330,strongly_correlated,20,238,"(40, 5, 4, 26, 36, 2, 22, 40, 33, 22, 48, 41, 38, 16, 8, 9, 6, 28, 16, 35)","(50, 15, 14, 36, 46, 12, 32, 50, 43, 32, 58, 51, 48, 26, 18, 19, 16, 38, 26, 45)",372,378,True,0.015873015873015872
331,strongly_correlated,20,339,"(47, 21, 11, 16, 41, 7, 42, 31, 30, 40, 43, 22, 38, 47, 48, 27, 43, 28, 50, 46)","(57, 31, 21, 26, 51, 17, 52, 41, 40, 50, 53, 32, 48, 57, 58, 37, 53, 38, 60, 56)",432,459,True,0.058823529411764705
332,strongly_correlated,20,264,"(16, 34, 34, 49, 38, 27, 45, 38, 26, 12, 1, 15, 46, 35, 16, 1, 39, 5, 12, 39)","(26, 44, 44, 59, 48, 37, 55, 48, 36, 22, 11, 25, 56, 45, 26, 11, 49, 15, 22, 49)",364,394,True,0.07614213197969544
333,strongly_correlated,20,216,"(36, 23, 23, 14, 26, 6, 19, 35, 35, 22, 27, 17, 16, 22, 36, 16, 28, 6, 22, 4)","(46, 33, 33, 24, 36, 16, 29, 45, 45, 32, 37, 27, 26, 32, 46, 26, 38, 16, 32, 14)",340,346,True,0.017341040462427744
334,strongly_correlated,20,289,"(16, 36, 25, 27, 9, 24, 49, 23, 24, 50, 49, 14, 1, 17, 50, 28, 47, 4, 35, 50)","(26, 46, 35, 37, 19, 34, 59, 33, 34, 60, 59, 24, 11, 27, 60, 38, 57, 14, 45, 60)",423,423,False,0.0
335,strongly_correlated,20,280,"(10, 1, 50, 29, 35, 27, 4, 49, 41, 43, 48, 2, 11, 32, 28, 42, 32, 23, 31, 22)","(20, 11, 60, 39, 45, 37, 14, 59, 51, 53, 58, 12, 21, 42, 38, 52, 42, 33, 41, 32)",382,410,True,0.06829268292682927
336,strongly_correlated,20,266,"(1, 50, 48, 35, 13, 10, 35, 24, 48, 12, 30, 47, 2, 32, 35, 22, 5, 49, 28, 6)","(11, 60, 58, 45, 23, 20, 45, 34, 58, 22, 40, 57, 12, 42, 45, 32, 15, 59, 38, 16)",395,406,True,0.027093596059113302
337,strongly_correlated,20,239,"(13, 32, 34, 24, 48, 1, 33, 34, 24, 17, 29, 2, 24, 41, 32, 46, 2, 16, 19, 7)","(23, 42, 44, 34, 58, 11, 43, 44, 34, 27, 39, 12, 34, 51, 42, 56, 12, 26, 29, 17)",340,369,True,0.07859078590785908
338,strongly_correlated,20,282,"(8, 27, 18, 30, 32, 13, 45, 39, 4, 48, 19, 46, 30, 41, 26, 21, 47, 50, 13, 8)","(18, 37, 28, 40, 42, 23, 55, 49, 14, 58, 29, 56, 40, 51, 36, 31, 57, 60, 23, 18)",379,412,True,0.08009708737864078
339,strongly_correlated,20,252,"(10, 41, 9, 29, 3, 33, 41, 48, 5, 38, 24, 31, 4, 33, 32, 49, 6, 40, 25, 2)","(20, 51, 19, 39, 13, 43, 51, 58, 15, 48, 34, 41, 14, 43, 42, 59, 16, 50, 35, 12)",386,392,True,0.015306122448979591
340,strongly_correlated,20,244,"(26, 37, 7, 34, 35, 8, 37, 18, 12, 21, 15, 45, 34, 36, 17, 20, 10, 36, 30, 9)","(36, 47, 17, 44, 45, 18, 47, 28, 22, 31, 25, 55, 44, 46, 27, 30, 20, 46, 40, 19)",357,374,True,0.045454545454545456
341,strongly_correlated,20,222,"(38, 20, 37, 10, 4, 3, 36, 17, 41, 5, 17, 46, 29, 22, 15, 6, 47, 21, 26, 5)","(48, 30, 47, 20, 14, 13, 46, 27, 51, 15, 27, 56, 39, 32, 25, 16, 57, 31, 36, 15)",340,362,True,0.06077348066298342
342,strongly_correlated,20,264,"(8, 14, 38, 5, 5, 5, 31, 49, 6, 41, 34, 20, 37, 3, 49, 34, 42, 35, 21, 50)","(18, 24, 48, 15, 15, 15, 41, 59, 16, 51, 44, 30, 47, 13, 59, 44, 52, 45, 31, 60)",398,404,True,0.01485148514851485
343,strongly_correlated,20,208,"(13, 32, 49, 11, 30, 37, 6, 34, 21, 27, 2, 17, 20, 11, 12, 45, 9, 13, 22, 6)","(23, 42, 59, 21, 40, 47, 16, 44, 31, 37, 12, 27, 30, 21, 22, 55, 19, 23, 32, 16)",330,348,True,0.05172413793103448
344,strongly_correlated,20,280,"(25, 25, 7, 19, 44, 34, 44, 39, 21, 19, 26, 28, 43, 41, 17, 22, 37, 28, 27, 15)","(35, 35, 17, 29, 54, 44, 54, 49, 31, 29, 36, 38, 53, 51, 27, 32, 47, 38, 37, 25)",409,409,False,0.0
345,strongly_correlated,20,220,"(50, 19, 1, 11, 27, 7, 13, 24, 45, 42, 10, 19, 26, 43, 19, 4, 43, 22, 10, 6)","(60, 29, 11, 21, 37, 17, 23, 34, 55, 52, 20, 29, 36, 53, 29, 14, 53, 32, 20, 16)",368,368,False,0.0
346,strongly_correlated,20,246,"(36, 13, 39, 34, 8, 36, 21, 34, 35, 36, 29, 31, 10, 37, 7, 6, 10, 28, 34, 7)","(46, 23, 49, 44, 18, 46, 31, 44, 45, 46, 39, 41, 20, 47, 17, 16, 20, 38, 44, 17)",368,376,True,0.02127659574468085
347,strongly_correlated,20,226,"(23, 39, 31, 48, 18, 32, 13, 48, 16, 22, 17, 11, 28, 4, 3, 1, 28, 2, 47, 22)","(33, 49, 41, 58, 28, 42, 23, 58, 26, 32, 27, 21, 38, 14, 13, 11, 38, 12, 57, 32)",348,366,True,0.04918032786885246
348,strongly_correlated,20,212,"(21, 50, 12, 14, 16, 30, 24, 6, 36, 13, 27, 1, 29, 21, 45, 11, 23, 7, 2, 36)","(31, 60, 22, 24, 26, 40, 34, 16, 46, 23, 37, 11, 39, 31, 55, 21, 33, 17, 12, 46)",338,352,True,0.03977272727272727
349,strongly_correlated,20,262,"(27, 33, 28, 19, 48, 26, 37, 18, 40, 19, 22, 34, 34, 1, 29, 21, 1, 48, 9, 31)","(37, 43, 38, 29, 58, 36, 47, 28, 50, 29, 32, 44, 44, 11, 39, 31, 11, 58, 19, 41)",381,392,True,0.02806122448979592
350,strongly_correlated,20,290,"(24, 12, 26, 43, 21, 42, 23, 17, 49, 12, 38, 32, 46, 45, 10, 32, 30, 16, 49, 13)","(34, 22, 36, 53, 31, 52, 33, 27, 59, 22, 48, 42, 56, 55, 20, 42, 40, 26, 59, 23)",398,420,True,0.05238095238095238
351,strongly_correlated,20,290,"(40, 37, 23, 21, 47, 18, 21, 47, 19, 40, 30, 25, 15, 26, 30, 15, 18, 48, 18, 43)","(50, 47, 33, 31, 57, 28, 31, 57, 29, 50, 40, 35, 25, 36, 40, 25, 28, 58, 28, 53)",409,420,True,0.02619047619047619
352,strongly_correlated,20,216,"(19, 10, 48, 5, 43, 18, 9, 38, 13, 31, 5, 14, 35, 19, 46, 48, 8, 5, 8, 11)","(29, 20, 58, 15, 53, 28, 19, 48, 23, 41, 15, 24, 45, 29, 56, 58, 18, 15, 18, 21)",360,363,True,0.008264462809917356
353,strongly_correlated,20,288,"(7, 6, 25, 47, 6, 39, 32, 26, 36, 7, 48, 37, 31, 25, 35, 44, 23, 49, 38, 14)","(17, 16, 35, 57, 16, 49, 42, 36, 46, 17, 58, 47, 41, 35, 45, 54, 33, 59, 48, 24)",403,418,True,0.03588516746411483
354,strongly_correlated,20,246,"(14, 13, 6, 43, 7, 50, 49, 41, 10, 1, 7, 20, 15, 41, 43, 39, 28, 35, 11, 19)","(24, 23, 16, 53, 17, 60, 59, 51, 20, 11, 17, 30, 25, 51, 53, 49, 38, 45, 21, 29)",365,386,True,0.054404145077720206
355,strongly_correlated,20,258,"(11, 8, 40, 25, 22, 4, 10, 36, 39, 35, 7, 10, 14, 25, 46, 33, 38, 39, 32, 42)","(21, 18, 50, 35, 32, 14, 20, 46, 49, 45, 17, 20, 24, 35, 56, 43, 48, 49, 42, 52)",366,388,True,0.05670103092783505
356,strongly_correlated,20,286,"(42, 3, 31, 17, 27, 28, 40, 29, 34, 36, 27, 13, 36, 22, 28, 28, 44, 41, 26, 20)","(52, 13, 41, 27, 37, 38, 50, 39, 44, 46, 37, 23, 46, 32, 38, 38, 54, 51, 36, 30)",388,406,True,0.04433497536945813
357,strongly_correlated,20,214,"(12, 24, 45, 5, 11, 16, 18, 10, 35, 15, 26, 50, 27, 11, 43, 3, 23, 21, 3, 31)","(22, 34, 55, 15, 21, 26, 28, 20, 45, 25, 36, 60, 37, 21, 53, 13, 33, 31, 13, 41)",338,354,True,0.04519774011299435
358,strongly_correlated,20,214,"(49, 16, 14, 26, 48, 20, 13, 2, 7, 5, 10, 44, 45, 4, 15, 21, 29, 23, 11, 27)","(59, 26, 24, 36, 58, 30, 23, 12, 17, 15, 20, 54, 55, 14, 25, 31, 39, 33, 21, 37)",364,364,False,0.0
359,strongly_correlated,20,256,"(6, 33, 26, 38, 32, 37, 19, 49, 27, 2, 33, 6, 44, 7, 13, 3, 41, 45, 4, 46)","(16, 43, 36, 48, 42, 47, 29, 59, 37, 12, 43, 16, 54, 17, 23, 13, 51, 55, 14, 56)",388,396,True,0.020202020202020204
360,strongly_correlated,20,228,"(15, 20, 16, 43, 6, 14, 44, 10, 36, 12, 6, 16, 5, 46, 8, 50, 50, 21, 30, 9)","(25, 30, 26, 53, 16, 24, 54, 20, 46, 22, 16, 26, 15, 56, 18, 60, 60, 31, 40, 19)",374,374,False,0.0
361,strongly_correlated,20,290,"(40, 9, 48, 50, 26, 26, 29, 2, 28, 47, 9, 40, 11, 40, 40, 24, 25, 38, 20, 27)","(50, 19, 58, 60, 36, 36, 39, 12, 38, 57, 19, 50, 21, 50, 50, 34, 35, 48, 30, 37)",404,420,True,0.0380952380952381
362,strongly_correlated,20,332,"(50, 34, 34, 40, 24, 16, 33, 42, 23, 39, 34, 44, 41, 48, 50, 20, 23, 17, 29, 24)","(60, 44, 44, 50, 34, 26, 43, 52, 33, 49, 44, 54, 51, 58, 60, 30, 33, 27, 39, 34)",431,452,True,0.046460176991150445
363,strongly_correlated,20,221,"(50, 11, 3, 35, 11, 20, 5, 6, 34, 43, 27, 5, 50, 27, 10, 47, 16, 24, 14, 4)","(60, 21, 13, 45, 21, 30, 15, 16, 44, 53, 37, 15, 60, 37, 20, 57, 26, 34, 24, 14)",367,368,True,0.002717391304347826
364,strongly_correlated,20,240,"(1, 6, 32, 1, 2, 12, 22, 15, 10, 34, 42, 42, 13, 45, 46, 12, 49, 47, 46, 3)","(11, 16, 42, 11, 12, 22, 32, 25, 20, 44, 52, 52, 23, 55, 56, 22, 59, 57, 56, 13)",345,380,True,0.09210526315789473
365,strongly_correlated,20,261,"(44, 19, 46, 49, 10, 19, 39, 13, 33, 25, 37, 25, 43, 36, 12, 2, 13, 49, 7, 1)","(54, 29, 56, 59, 20, 29, 49, 23, 43, 35, 47, 35, 53, 46, 22, 12, 23, 59, 17, 11)",392,401,True,0.022443890274314215
366,strongly_correlated,20,258,"(5, 32, 47, 50, 8, 10, 34, 25, 44, 25, 22, 41, 11, 45, 7, 10, 26, 29, 39, 5)","(15, 42, 57, 60, 18, 20, 44, 35, 54, 35, 32, 51, 21, 55, 17, 20, 36, 39, 49, 15)",389,398,True,0.022613065326633167
367,strongly_correlated,20,238,"(3, 34, 45, 32, 2, 23, 15, 1, 48, 20, 26, 29, 50, 45, 43, 37, 2, 4, 15, 2)","(13, 44, 55, 42, 12, 33, 25, 11, 58, 30, 36, 39, 60, 55, 53, 47, 12, 14, 25, 12)",348,378,True,0.07936507936507936
368,strongly_correlated,20,249,"(31, 38, 4, 3, 13, 49, 7, 31, 40, 39, 40, 36, 18, 9, 22, 30, 25, 8, 7, 48)","(41, 48, 14, 13, 23, 59, 17, 41, 50, 49, 50, 46, 28, 19, 32, 40, 35, 18, 17, 58)",384,388,True,0.010309278350515464
369,strongly_correlated,20,252,"(50, 24, 50, 20, 46, 16, 40, 3, 1, 28, 14, 34, 8, 39, 10, 36, 32, 5, 23, 25)","(60, 34, 60, 30, 56, 26, 50, 13, 11, 38, 24, 44, 18, 49, 20, 46, 42, 15, 33, 35)",383,392,True,0.02295918367346939
370,strongly_correlated,20,290,"(8, 41, 50, 19, 38, 34, 18, 43, 6, 19, 40, 39, 10, 38, 48, 50, 1, 31, 4, 44)","(18, 51, 60, 29, 48, 44, 28, 53, 16, 29, 50, 49, 20, 48, 58, 60, 11, 41, 14, 54)",395,420,True,0.05952380952380952
371,strongly_correlated,20,278,"(20, 39, 27, 27, 40, 7, 16, 21, 49, 4, 14, 40, 37, 14, 49, 40, 48, 26, 38, 1)","(30, 49, 37, 37, 50, 17, 26, 31, 59, 14, 24, 50, 47, 24, 59, 50, 58, 36, 48, 11)",382,408,True,0.06372549019607843
372,strongly_correlated,20,272,"(8, 46, 48, 24, 16, 6, 34, 14, 46, 30, 28, 39, 33, 48, 14, 28, 9, 38, 20, 16)","(18, 56, 58, 34, 26, 16, 44, 24, 56, 40, 38, 49, 43, 58, 24, 38, 19, 48, 30, 26)",376,402,True,0.06467661691542288
373,strongly_correlated,20,278,"(3, 8, 43, 48, 8, 46, 13, 16, 40, 39, 21, 26, 28, 49, 41, 43, 30, 20, 30, 5)","(13, 18, 53, 58, 18, 56, 23, 26, 50, 49, 31, 36, 38, 59, 51, 53, 40, 30, 40, 15)",377,408,True,0.07598039215686274
374,strongly_correlated,20,325,"(22, 10, 46, 33, 50, 9, 10, 47, 48, 33, 35, 16, 49, 32, 47, 18, 27, 34, 43, 41)","(32, 20, 56, 43, 60, 19, 20, 57, 58, 43, 45, 26, 59, 42, 57, 28, 37, 44, 53, 51)",450,455,True,0.01098901098901099
375,strongly_correlated,20,299,"(15, 24, 16, 45, 28, 12, 50, 17, 12, 34, 21, 12, 40, 50, 28, 25, 34, 43, 46, 46)","(25, 34, 26, 55, 38, 22, 60, 27, 22, 44, 31, 22, 50, 60, 38, 35, 44, 53, 56, 56)",408,429,True,0.04895104895104895
376,strongly_correlated,20,268,"(44, 47, 47, 26, 31, 19, 11, 43, 34, 7, 28, 25, 12, 38, 1, 29, 21, 11, 20, 41)","(54, 57, 57, 36, 41, 29, 21, 53, 44, 17, 38, 35, 22, 48, 11, 39, 31, 21, 30, 51)",371,398,True,0.0678391959798995
377,strongly_correlated,20,230,"(16, 33, 7, 46, 16, 6, 49, 2, 31, 16, 22, 32, 41, 12, 22, 35, 19, 3, 33, 19)","(26, 43, 17, 56, 26, 16, 59, 12, 41, 26, 32, 42, 51, 22, 32, 45, 29, 13, 43, 29)",363,368,True,0.01358695652173913
378,strongly_correlated,20,252,"(2, 19, 46, 26, 45, 30, 10, 47, 29, 28, 2, 10, 15, 22, 7, 39, 44, 50, 31, 1)","(12, 29, 56, 36, 55, 40, 20, 57, 39, 38, 12, 20, 25, 32, 17, 49, 54, 60, 41, 11)",372,392,True,0.05102040816326531
379,strongly_correlated,20,306,"(2, 13, 35, 33, 50, 22, 44, 38, 21, 49, 30, 37, 22, 48, 32, 41, 50, 8, 26, 10)","(12, 23, 45, 43, 60, 32, 54, 48, 31, 59, 40, 47, 32, 58, 42, 51, 60, 18, 36, 20)",421,436,True,0.034403669724770644
380,strongly_correlated,20,292,"(9, 22, 37, 27, 36, 29, 15, 48, 38, 13, 40, 34, 17, 30, 43, 47, 40, 17, 25, 18)","(19, 32, 47, 37, 46, 39, 25, 58, 48, 23, 50, 44, 27, 40, 53, 57, 50, 27, 35, 28)",422,422,False,0.0
381,strongly_correlated,20,272,"(31, 31, 37, 2, 13, 7, 19, 42, 14, 34, 40, 38, 40, 39, 18, 41, 15, 25, 42, 15)","(41, 41, 47, 12, 23, 17, 29, 52, 24, 44, 50, 48, 50, 49, 28, 51, 25, 35, 52, 25)",391,402,True,0.02736318407960199
382,strongly_correlated,20,254,"(4, 17, 9, 22, 15, 33, 49, 3, 22, 38, 50, 32, 37, 11, 22, 21, 46, 3, 44, 29)","(14, 27, 19, 32, 25, 43, 59, 13, 32, 48, 60, 42, 47, 21, 32, 31, 56, 13, 54, 39)",383,394,True,0.027918781725888325
383,strongly_correlated,20,236,"(34, 34, 26, 10, 15, 31, 7, 42, 24, 20, 47, 13, 6, 45, 13, 18, 35, 8, 44, 1)","(44, 44, 36, 20, 25, 41, 17, 52, 34, 30, 57, 23, 16, 55, 23, 28, 45, 18, 54, 11)",366,376,True,0.026595744680851064
384,strongly_correlated,20,246,"(42, 25, 4, 35, 48, 50, 2, 41, 24, 16, 29, 16, 8, 45, 36, 15, 25, 19, 4, 9)","(52, 35, 14, 45, 58, 60, 12, 51, 34, 26, 39, 26, 18, 55, 46, 25, 35, 29, 14, 19)",371,386,True,0.038860103626943004
385,strongly_correlated,20,220,"(5, 32, 26, 34, 20, 2, 25, 14, 37, 25, 24, 34, 10, 16, 49, 41, 27, 6, 11, 2)","(15, 42, 36, 44, 30, 12, 35, 24, 47, 35, 34, 44, 20, 26, 59, 51, 37, 16, 21, 12)",353,360,True,0.019444444444444445
386,strongly_correlated,20,276,"(40, 20, 45, 26, 35, 29, 27, 4, 34, 2, 16, 17, 50, 17, 45, 37, 16, 41, 19, 31)","(50, 30, 55, 36, 45, 39, 37, 14, 44, 12, 26, 27, 60, 27, 55, 47, 26, 51, 29, 41)",388,406,True,0.04433497536945813
387,strongly_correlated,20,188,"(29, 14, 3, 12, 14, 13, 24, 18, 33, 8, 39, 47, 15, 6, 6, 16, 33, 27, 19, 1)","(39, 24, 13, 22, 24, 23, 34, 28, 43, 18, 49, 57, 25, 16, 16, 26, 43, 37, 29, 11)",309,328,True,0.057926829268292686
388,strongly_correlated,20,236,"(24, 23, 24, 44, 12, 44, 6, 29, 16, 13, 24, 16, 28, 13, 49, 41, 42, 5, 5, 13)","(34, 33, 34, 54, 22, 54, 16, 39, 26, 23, 34, 26, 38, 23, 59, 51, 52, 15, 15, 23)",362,376,True,0.03723404255319149
389,strongly_correlated,20,252,"(43, 41, 23, 37, 27, 35, 15, 16, 31, 46, 25, 9, 26, 13, 47, 16, 5, 29, 15, 4)","(53, 51, 33, 47, 37, 45, 25, 26, 41, 56, 35, 19, 36, 23, 57, 26, 15, 39, 25, 14)",353,382,True,0.07591623036649214
390,strongly_correlated,20,278,"(37, 38, 6, 33, 35, 40, 33, 30, 1, 14, 49, 21, 41, 18, 40, 44, 34, 14, 23, 4)","(47, 48, 16, 43, 45, 50, 43, 40, 11, 24, 59, 31, 51, 28, 50, 54, 44, 24, 33, 14)",396,408,True,0.029411764705882353
391,strongly_correlated,20,270,"(32, 11, 46, 41, 16, 43, 10, 11, 32, 3, 44, 32, 39, 45, 3, 16, 15, 28, 47, 25)","(42, 21, 56, 51, 26, 53, 20, 21, 42, 13, 54, 42, 49, 55, 13, 26, 25, 38, 57, 35)",364,400,True,0.09
392,strongly_correlated,20,293,"(40, 30, 30, 39, 47, 43, 14, 32, 14, 21, 13, 34, 5, 20, 49, 14, 42, 20, 38, 41)","(50, 40, 40, 49, 57, 53, 24, 42, 24, 31, 23, 44, 15, 30, 59, 24, 52, 30, 48, 51)",415,423,True,0.018912529550827423
393,strongly_correlated,20,192,"(24, 21, 11, 1, 49, 27, 30, 37, 9, 4, 15, 16, 5, 1, 3, 16, 30, 36, 36, 14)","(34, 31, 21, 11, 59, 37, 40, 47, 19, 14, 25, 26, 15, 11, 13, 26, 40, 46, 46, 24)",307,332,True,0.07530120481927711
394,strongly_correlated,20,265,"(16, 16, 23, 45, 14, 32, 5, 22, 24, 13, 12, 41, 46, 26, 37, 14, 48, 30, 27, 39)","(26, 26, 33, 55, 24, 42, 15, 32, 34, 23, 22, 51, 56, 36, 47, 24, 58, 40, 37, 49)",372,395,True,0.05822784810126582
395,strongly_correlated,20,240,"(24, 22, 2, 9, 43, 39, 40, 8, 24, 5, 49, 24, 8, 27, 9, 20, 35, 35, 20, 37)","(34, 32, 12, 19, 53, 49, 50, 18, 34, 15, 59, 34, 18, 37, 19, 30, 45, 45, 30, 47)",377,379,True,0.005277044854881266
396,strongly_correlated,20,236,"(4, 18, 42, 17, 36, 49, 10, 23, 27, 6, 24, 33, 18, 40, 26, 6, 27, 24, 31, 11)","(14, 28, 52, 27, 46, 59, 20, 33, 37, 16, 34, 43, 28, 50, 36, 16, 37, 34, 41, 21)",344,366,True,0.060109289617486336
397,strongly_correlated,20,262,"(8, 6, 26, 30, 50, 48, 1, 45, 18, 38, 10, 16, 47, 26, 26, 8, 24, 21, 43, 34)","(18, 16, 36, 40, 60, 58, 11, 55, 28, 48, 20, 26, 57, 36, 36, 18, 34, 31, 53, 44)",394,402,True,0.01990049751243781
398,strongly_correlated,20,250,"(26, 28, 16, 39, 29, 24, 30, 46, 11, 42, 5, 3, 31, 36, 23, 5, 19, 27, 25, 35)","(36, 38, 26, 49, 39, 34, 40, 56, 21, 52, 15, 13, 41, 46, 33, 15, 29, 37, 35, 45)",371,380,True,0.02368421052631579
399,strongly_correlated,20,201,"(3, 11, 46, 40, 2, 40, 15, 7, 11, 44, 6, 35, 4, 3, 16, 25, 23, 35, 32, 4)","(13, 21, 56, 50, 12, 50, 25, 17, 21, 54, 16, 45, 14, 13, 26, 35, 33, 45, 42, 14)",347,350,True,0.008571428571428572
400,strongly_correlated,20,290,"(20, 36, 17, 6, 37, 32, 50, 50, 30, 27, 50, 28, 36, 17, 19, 29, 14, 43, 28, 10)","(30, 46, 27, 16, 47, 42, 60, 60, 40, 37, 60, 38, 46, 27, 29, 39, 24, 53, 38, 20)",407,420,True,0.030952380952380953
401,strongly_correlated,20,264,"(32, 7, 28, 18, 37, 26, 31, 21, 12, 20, 43, 29, 12, 8, 46, 44, 42, 5, 49, 17)","(42, 17, 38, 28, 47, 36, 41, 31, 22, 30, 53, 39, 22, 18, 56, 54, 52, 15, 59, 27)",364,394,True,0.07614213197969544
402,strongly_correlated,20,310,"(32, 7, 45, 42, 27, 26, 20, 36, 30, 27, 37, 26, 41, 44, 41, 47, 11, 1, 50, 31)","(42, 17, 55, 52, 37, 36, 30, 46, 40, 37, 47, 36, 51, 54, 51, 57, 21, 11, 60, 41)",394,430,True,0.08372093023255814
403,strongly_correlated,20,274,"(16, 40, 22, 3, 11, 18, 47, 46, 31, 10, 34, 36, 25, 48, 48, 24, 26, 10, 45, 8)","(26, 50, 32, 13, 21, 28, 57, 56, 41, 20, 44, 46, 35, 58, 58, 34, 36, 20, 55, 18)",414,414,False,0.0
404,strongly_correlated,20,200,"(6, 26, 1, 34, 6, 44, 39, 7, 22, 9, 26, 7, 2, 42, 43, 31, 6, 35, 1, 12)","(16, 36, 11, 44, 16, 54, 49, 17, 32, 19, 36, 17, 12, 52, 53, 41, 16, 45, 11, 22)",346,350,True,0.011428571428571429
405,strongly_correlated,20,288,"(3, 12, 46, 47, 30, 7, 45, 40, 37, 43, 36, 7, 44, 26, 38, 20, 15, 34, 13, 33)","(13, 22, 56, 57, 40, 17, 55, 50, 47, 53, 46, 17, 54, 36, 48, 30, 25, 44, 23, 43)",403,418,True,0.03588516746411483
406,strongly_correlated,20,194,"(27, 27, 26, 37, 20, 41, 8, 10, 3, 6, 9, 20, 6, 8, 28, 14, 40, 26, 27, 5)","(37, 37, 36, 47, 30, 51, 18, 20, 13, 16, 19, 30, 16, 18, 38, 24, 50, 36, 37, 15)",328,331,True,0.00906344410876133
407,strongly_correlated,20,294,"(43, 7, 19, 35, 26, 24, 40, 48, 30, 44, 34, 33, 25, 5, 25, 37, 28, 3, 48, 33)","(53, 17, 29, 45, 36, 34, 50, 58, 40, 54, 44, 43, 35, 15, 35, 47, 38, 13, 58, 43)",422,424,True,0.0047169811320754715
408,strongly_correlated,20,290,"(46, 29, 17, 36, 16, 38, 37, 7, 28, 33, 17, 5, 35, 49, 30, 34, 36, 38, 42, 7)","(56, 39, 27, 46, 26, 48, 47, 17, 38, 43, 27, 15, 45, 59, 40, 44, 46, 48, 52, 17)",378,410,True,0.07804878048780488
409,strongly_correlated,20,249,"(34, 36, 31, 10, 36, 27, 41, 7, 28, 45, 13, 34, 6, 34, 25, 13, 15, 17, 10, 36)","(44, 46, 41, 20, 46, 37, 51, 17, 38, 55, 23, 44, 16, 44, 35, 23, 25, 27, 20, 46)",366,379,True,0.03430079155672823
410,strongly_correlated,20,217,"(10, 44, 20, 2, 44, 22, 6, 20, 43, 46, 30, 14, 13, 11, 11, 31, 4, 21, 15, 27)","(20, 54, 30, 12, 54, 32, 16, 30, 53, 56, 40, 24, 23, 21, 21, 41, 14, 31, 25, 37)",336,357,True,0.058823529411764705
411,strongly_correlated,20,236,"(14, 2, 21, 13, 39, 13, 15, 31, 26, 14, 1, 48, 44, 34, 34, 50, 8, 47, 14, 5)","(24, 12, 31, 23, 49, 23, 25, 41, 36, 24, 11, 58, 54, 44, 44, 60, 18, 57, 24, 15)",351,376,True,0.06648936170212766
412,strongly_correlated,20,208,"(19, 46, 4, 7, 13, 8, 20, 13, 37, 13, 30, 31, 1, 5, 39, 45, 12, 23, 33, 17)","(29, 56, 14, 17, 23, 18, 30, 23, 47, 23, 40, 41, 11, 15, 49, 55, 22, 33, 43, 27)",325,348,True,0.06609195402298851
413,strongly_correlated,20,270,"(49, 41, 30, 12, 6, 36, 46, 48, 19, 12, 43, 36, 10, 17, 29, 18, 7, 35, 30, 17)","(59, 51, 40, 22, 16, 46, 56, 58, 29, 22, 53, 46, 20, 27, 39, 28, 17, 45, 40, 27)",372,400,True,0.07
414,strongly_correlated,20,276,"(28, 23, 39, 48, 15, 40, 18, 19, 5, 17, 35, 46, 45, 46, 9, 44, 23, 25, 9, 17)","(38, 33, 49, 58, 25, 50, 28, 29, 15, 27, 45, 56, 55, 56, 19, 54, 33, 35, 19, 27)",373,406,True,0.0812807881773399
415,strongly_correlated,20,224,"(50, 22, 16, 18, 13, 14, 36, 49, 9, 5, 36, 3, 30, 12, 14, 6, 50, 46, 2, 17)","(60, 32, 26, 28, 23, 24, 46, 59, 19, 15, 46, 13, 40, 22, 24, 16, 60, 56, 12, 27)",367,373,True,0.0160857908847185
416,strongly_correlated,20,322,"(17, 1, 33, 38, 39, 43, 47, 38, 19, 33, 21, 46, 46, 29, 42, 40, 50, 3, 36, 22)","(27, 11, 43, 48, 49, 53, 57, 48, 29, 43, 31, 56, 56, 39, 52, 50, 60, 13, 46, 32)",410,442,True,0.07239819004524888
417,strongly_correlated,20,230,"(39, 47, 6, 3, 48, 25, 19, 43, 3, 23, 1, 42, 30, 1, 50, 25, 6, 2, 21, 25)","(49, 57, 16, 13, 58, 35, 29, 53, 13, 33, 11, 52, 40, 11, 60, 35, 16, 12, 31, 35)",379,379,False,0.0
418,strongly_correlated,20,212,"(21, 23, 8, 20, 10, 18, 44, 33, 15, 18, 3, 11, 25, 21, 23, 38, 14, 20, 41, 19)","(31, 33, 18, 30, 20, 28, 54, 43, 25, 28, 13, 21, 35, 31, 33, 48, 24, 30, 51, 29)",328,342,True,0.04093567251461988
419,strongly_correlated,20,234,"(40, 44, 47, 9, 9, 19, 24, 46, 34, 6, 45, 1, 43, 34, 11, 5, 30, 18, 3, 1)","(50, 54, 57, 19, 19, 29, 34, 56, 44, 16, 55, 11, 53, 44, 21, 15, 40, 28, 13, 11)",344,374,True,0.08021390374331551
420,strongly_correlated,20,290,"(2, 44, 24, 18, 26, 7, 49, 43, 44, 43, 8, 2, 34, 21, 32, 42, 2, 49, 50, 40)","(12, 54, 34, 28, 36, 17, 59, 53, 54, 53, 18, 12, 44, 31, 42, 52, 12, 59, 60, 50)",388,420,True,0.0761904761904762
421,strongly_correlated,20,283,"(42, 40, 40, 17, 32, 43, 32, 18, 21, 34, 29, 27, 39, 16, 25, 35, 8, 19, 47, 2)","(52, 50, 50, 27, 42, 53, 42, 28, 31, 44, 39, 37, 49, 26, 35, 45, 18, 29, 57, 12)",410,413,True,0.007263922518159807
422,strongly_correlated,20,217,"(25, 19, 1, 21, 33, 39, 5, 40, 13, 20, 3, 30, 18, 10, 3, 31, 24, 34, 40, 25)","(35, 29, 11, 31, 43, 49, 15, 50, 23, 30, 13, 40, 28, 20, 13, 41, 34, 44, 50, 35)",357,357,False,0.0
423,strongly_correlated,20,346,"(21, 11, 35, 41, 49, 49, 47, 46, 37, 33, 28, 14, 21, 36, 15, 39, 30, 45, 49, 45)","(31, 21, 45, 51, 59, 59, 57, 56, 47, 43, 38, 24, 31, 46, 25, 49, 40, 55, 59, 55)",440,466,True,0.055793991416309016
424,strongly_correlated,20,252,"(36, 30, 44, 46, 9, 4, 45, 42, 27, 5, 15, 11, 1, 12, 48, 25, 43, 35, 13, 14)","(46, 40, 54, 56, 19, 14, 55, 52, 37, 15, 25, 21, 11, 22, 58, 35, 53, 45, 23, 24)",377,392,True,0.03826530612244898
425,strongly_correlated,20,300,"(27, 6, 11, 23, 4, 40, 48, 36, 47, 36, 15, 39, 48, 15, 39, 44, 24, 27, 35, 36)","(37, 16, 21, 33, 14, 50, 58, 46, 57, 46, 25, 49, 58, 25, 49, 54, 34, 37, 45, 46)",425,430,True,0.011627906976744186
426,strongly_correlated,20,270,"(11, 22, 47, 48, 23, 5, 13, 8, 20, 30, 43, 34, 36, 22, 3, 40, 42, 26, 48, 19)","(21, 32, 57, 58, 33, 15, 23, 18, 30, 40, 53, 44, 46, 32, 13, 50, 52, 36, 58, 29)",366,400,True,0.085
427,strongly_correlated,20,269,"(11, 40, 32, 24, 3, 11, 19, 6, 44, 45, 1, 33, 45, 46, 31, 22, 30, 46, 21, 28)","(21, 50, 42, 34, 13, 21, 29, 16, 54, 55, 11, 43, 55, 56, 41, 32, 40, 56, 31, 38)",369,399,True,0.07518796992481203
428,strongly_correlated,20,218,"(17, 4, 34, 29, 7, 39, 17, 17, 35, 7, 17, 31, 50, 5, 39, 25, 39, 11, 1, 11)","(27, 14, 44, 39, 17, 49, 27, 27, 45, 17, 27, 41, 60, 15, 49, 35, 49, 21, 11, 21)",339,358,True,0.05307262569832402
429,strongly_correlated,20,200,"(39, 8, 2, 22, 2, 15, 32, 25, 12, 2, 26, 27, 7, 36, 29, 19, 3, 35, 20, 38)","(49, 18, 12, 32, 12, 25, 42, 35, 22, 12, 36, 37, 17, 46, 39, 29, 13, 45, 30, 48)",330,340,True,0.029411764705882353
430,strongly_correlated,20,207,"(18, 43, 9, 2, 10, 14, 30, 21, 50, 20, 13, 5, 13, 37, 26, 27, 10, 14, 5, 47)","(28, 53, 19, 12, 20, 24, 40, 31, 60, 30, 23, 15, 23, 47, 36, 37, 20, 24, 15, 57)",357,357,False,0.0
431,strongly_correlated,20,230,"(19, 50, 2, 46, 3, 1, 44, 28, 41, 11, 14, 34, 13, 28, 35, 16, 23, 6, 19, 26)","(29, 60, 12, 56, 13, 11, 54, 38, 51, 21, 24, 44, 23, 38, 45, 26, 33, 16, 29, 36)",349,370,True,0.05675675675675676
432,strongly_correlated,20,282,"(38, 42, 43, 32, 5, 50, 25, 31, 46, 12, 16, 34, 41, 11, 43, 32, 33, 1, 14, 14)","(48, 52, 53, 42, 15, 60, 35, 41, 56, 22, 26, 44, 51, 21, 53, 42, 43, 11, 24, 24)",390,412,True,0.05339805825242718
433,strongly_correlated,20,256,"(13, 44, 32, 5, 3, 32, 40, 23, 20, 44, 8, 34, 15, 38, 13, 28, 44, 10, 21, 46)","(23, 54, 42, 15, 13, 42, 50, 33, 30, 54, 18, 44, 25, 48, 23, 38, 54, 20, 31, 56)",353,386,True,0.08549222797927461
434,strongly_correlated,20,198,"(24, 5, 34, 13, 25, 33, 19, 2, 11, 30, 47, 28, 22, 10, 24, 36, 3, 3, 22, 5)","(34, 15, 44, 23, 35, 43, 29, 12, 21, 40, 57, 38, 32, 20, 34, 46, 13, 13, 32, 15)",328,338,True,0.029585798816568046
435,strongly_correlated,20,256,"(13, 34, 32, 20, 4, 37, 40, 45, 45, 31, 21, 35, 35, 9, 6, 36, 20, 15, 5, 30)","(23, 44, 42, 30, 14, 47, 50, 55, 55, 41, 31, 45, 45, 19, 16, 46, 30, 25, 15, 40)",370,386,True,0.04145077720207254
436,strongly_correlated,20,280,"(25, 31, 50, 26, 15, 12, 24, 16, 36, 42, 7, 23, 46, 37, 7, 50, 4, 41, 29, 39)","(35, 41, 60, 36, 25, 22, 34, 26, 46, 52, 17, 33, 56, 47, 17, 60, 14, 51, 39, 49)",385,410,True,0.06097560975609756
437,strongly_correlated,20,257,"(34, 19, 7, 2, 9, 1, 38, 17, 29, 41, 48, 49, 31, 37, 24, 43, 43, 18, 21, 3)","(44, 29, 17, 12, 19, 11, 48, 27, 39, 51, 58, 59, 41, 47, 34, 53, 53, 28, 31, 13)",392,396,True,0.010101010101010102
438,strongly_correlated,20,225,"(14, 36, 37, 33, 6, 48, 19, 35, 38, 28, 4, 46, 1, 9, 25, 26, 15, 9, 4, 17)","(24, 46, 47, 43, 16, 58, 29, 45, 48, 38, 14, 56, 11, 19, 35, 36, 25, 19, 14, 27)",350,365,True,0.0410958904109589
439,strongly_correlated,20,292,"(26, 22, 20, 27, 18, 33, 28, 50, 17, 39, 27, 31, 45, 42, 18, 15, 29, 45, 20, 33)","(36, 32, 30, 37, 28, 43, 38, 60, 27, 49, 37, 41, 55, 52, 28, 25, 39, 55, 30, 43)",387,412,True,0.06067961165048544
440,strongly_correlated,20,234,"(8, 49, 6, 20, 19, 15, 14, 13, 4, 21, 36, 41, 37, 16, 39, 25, 42, 9, 15, 38)","(18, 59, 16, 30, 29, 25, 24, 23, 14, 31, 46, 51, 47, 26, 49, 35, 52, 19, 25, 48)",361,374,True,0.034759358288770054
441,strongly_correlated,20,280,"(12, 26, 45, 49, 40, 10, 31, 50, 14, 29, 48, 20, 39, 1, 27, 18, 7, 33, 24, 38)","(22, 36, 55, 59, 50, 20, 41, 60, 24, 39, 58, 30, 49, 11, 37, 28, 17, 43, 34, 48)",382,410,True,0.06829268292682927
442,strongly_correlated,20,274,"(24, 50, 29, 40, 29, 28, 27, 31, 25, 10, 49, 37, 45, 16, 21, 26, 6, 16, 22, 16)","(34, 60, 39, 50, 39, 38, 37, 41, 35, 20, 59, 47, 55, 26, 31, 36, 16, 26, 32, 26)",396,404,True,0.019801980198019802
443,strongly_correlated,20,246,"(49, 9, 2, 41, 42, 18, 22, 19, 7, 18, 15, 1, 23, 46, 37, 46, 35, 33, 8, 22)","(59, 19, 12, 51, 52, 28, 32, 29, 17, 28, 25, 11, 33, 56, 47, 56, 45, 43, 18, 32)",372,386,True,0.03626943005181347
444,strongly_correlated,20,262,"(20, 19, 1, 20, 32, 18, 20, 48, 33, 41, 29, 35, 20, 32, 5, 27, 38, 14, 40, 32)","(30, 29, 11, 30, 42, 28, 30, 58, 43, 51, 39, 45, 30, 42, 15, 37, 48, 24, 50, 42)",387,392,True,0.012755102040816327
445,strongly_correlated,20,290,"(36, 28, 16, 6, 26, 44, 17, 26, 38, 48, 20, 10, 30, 50, 50, 28, 17, 17, 24, 49)","(46, 38, 26, 16, 36, 54, 27, 36, 48, 58, 30, 20, 40, 60, 60, 38, 27, 27, 34, 59)",395,420,True,0.05952380952380952
446,strongly_correlated,20,276,"(31, 49, 35, 44, 42, 40, 42, 14, 12, 9, 49, 28, 40, 13, 25, 1, 38, 15, 18, 7)","(41, 59, 45, 54, 52, 50, 52, 24, 22, 19, 59, 38, 50, 23, 35, 11, 48, 25, 28, 17)",376,406,True,0.07389162561576355
447,strongly_correlated,20,288,"(27, 44, 34, 1, 39, 25, 27, 41, 9, 26, 25, 8, 49, 50, 19, 6, 32, 29, 36, 50)","(37, 54, 44, 11, 49, 35, 37, 51, 19, 36, 35, 18, 59, 60, 29, 16, 42, 39, 46, 60)",398,418,True,0.04784688995215311
448,strongly_correlated,20,250,"(18, 16, 8, 19, 11, 1, 38, 36, 23, 28, 44, 8, 40, 13, 50, 33, 23, 21, 46, 23)","(28, 26, 18, 29, 21, 11, 48, 46, 33, 38, 54, 18, 50, 23, 60, 43, 33, 31, 56, 33)",385,390,True,0.01282051282051282
449,strongly_correlated,20,277,"(13, 14, 13, 46, 25, 8, 44, 39, 38, 14, 32, 7, 42, 24, 41, 29, 43, 39, 35, 8)","(23, 24, 23, 56, 35, 18, 54, 49, 48, 24, 42, 17, 52, 34, 51, 39, 53, 49, 45, 18)",390,407,True,0.04176904176904177
450,strongly_correlated,20,235,"(7, 32, 41, 10, 26, 4, 8, 38, 32, 4, 45, 2, 16, 30, 47, 39, 38, 4, 6, 41)","(17, 42, 51, 20, 36, 14, 18, 48, 42, 14, 55, 12, 26, 40, 57, 49, 48, 14, 16, 51)",359,375,True,0.042666666666666665
451,strongly_correlated,20,215,"(3, 38, 9, 31, 48, 24, 3, 7, 50, 8, 46, 22, 20, 11, 22, 32, 4, 28, 14, 10)","(13, 48, 19, 41, 58, 34, 13, 17, 60, 18, 56, 32, 30, 21, 32, 42, 14, 38, 24, 20)",325,355,True,0.08450704225352113
452,strongly_correlated,20,294,"(22, 24, 43, 43, 48, 20, 22, 6, 20, 6, 13, 36, 34, 49, 45, 34, 40, 46, 32, 4)","(32, 34, 53, 53, 58, 30, 32, 16, 30, 16, 23, 46, 44, 59, 55, 44, 50, 56, 42, 14)",403,424,True,0.049528301886792456
453,strongly_correlated,20,318,"(16, 26, 35, 31, 43, 25, 45, 34, 25, 15, 36, 39, 29, 49, 2, 21, 46, 44, 31, 45)","(26, 36, 45, 41, 53, 35, 55, 44, 35, 25, 46, 49, 39, 59, 12, 31, 56, 54, 41, 55)",410,438,True,0.0639269406392694
454,strongly_correlated,20,291,"(20, 38, 48, 35, 42, 37, 21, 45, 17, 28, 35, 14, 42, 22, 17, 10, 22, 43, 3, 43)","(30, 48, 58, 45, 52, 47, 31, 55, 27, 38, 45, 24, 52, 32, 27, 20, 32, 53, 13, 53)",411,421,True,0.023752969121140142
455,strongly_correlated,20,242,"(47, 2, 25, 37, 41, 42, 15, 46, 12, 15, 9, 30, 9, 7, 41, 25, 48, 11, 17, 5)","(57, 12, 35, 47, 51, 52, 25, 56, 22, 25, 19, 40, 19, 17, 51, 35, 58, 21, 27, 15)",359,382,True,0.060209424083769635
456,strongly_correlated,20,280,"(48, 29, 30, 28, 25, 42, 3, 40, 47, 34, 8, 21, 32, 49, 8, 6, 31, 45, 30, 3)","(58, 39, 40, 38, 35, 52, 13, 50, 57, 44, 18, 31, 42, 59, 18, 16, 41, 55, 40, 13)",384,410,True,0.06341463414634146
457,strongly_correlated,20,271,"(49, 12, 22, 36, 18, 30, 48, 42, 22, 3, 11, 12, 47, 14, 36, 9, 15, 27, 45, 44)","(59, 22, 32, 46, 28, 40, 58, 52, 32, 13, 21, 22, 57, 24, 46, 19, 25, 37, 55, 54)",407,407,False,0.0
458,strongly_correlated,20,272,"(5, 39, 34, 29, 5, 6, 19, 33, 42, 43, 32, 23, 46, 34, 37, 45, 2, 30, 20, 21)","(15, 49, 44, 39, 15, 16, 29, 43, 52, 53, 42, 33, 56, 44, 47, 55, 12, 40, 30, 31)",389,402,True,0.03233830845771144
459,strongly_correlated,20,292,"(42, 50, 45, 10, 26, 48, 2, 12, 29, 26, 22, 20, 6, 23, 13, 35, 40, 49, 39, 46)","(52, 60, 55, 20, 36, 58, 12, 22, 39, 36, 32, 30, 16, 33, 23, 45, 50, 59, 49, 56)",393,422,True,0.06872037914691943
460,strongly_correlated,20,324,"(20, 47, 49, 31, 48, 2, 26, 40, 49, 21, 1, 27, 43, 39, 35, 30, 31, 21, 42, 46)","(30, 57, 59, 41, 58, 12, 36, 50, 59, 31, 11, 37, 53, 49, 45, 40, 41, 31, 52, 56)",454,454,False,0.0
461,strongly_correlated,20,277,"(47, 21, 49, 5, 37, 39, 35, 38, 27, 41, 40, 12, 6, 28, 18, 32, 15, 13, 20, 31)","(57, 31, 59, 15, 47, 49, 45, 48, 37, 51, 50, 22, 16, 38, 28, 42, 25, 23, 30, 41)",393,407,True,0.0343980343980344
462,strongly_correlated,20,264,"(38, 43, 5, 25, 48, 12, 2, 7, 1, 43, 38, 17, 47, 49, 46, 18, 12, 24, 48, 4)","(48, 53, 15, 35, 58, 22, 12, 17, 11, 53, 48, 27, 57, 59, 56, 28, 22, 34, 58, 14)",386,404,True,0.04455445544554455
463,strongly_correlated,20,271,"(14, 31, 36, 49, 6, 14, 34, 5, 12, 38, 30, 50, 43, 16, 14, 34, 33, 25, 19, 39)","(24, 41, 46, 59, 16, 24, 44, 15, 22, 48, 40, 60, 53, 26, 24, 44, 43, 35, 29, 49)",383,401,True,0.04488778054862843
464,strongly_correlated,20,248,"(18, 11, 36, 40, 16, 15, 18, 36, 11, 22, 34, 8, 28, 20, 49, 34, 29, 34, 32, 4)","(28, 21, 46, 50, 26, 25, 28, 46, 21, 32, 44, 18, 38, 30, 59, 44, 39, 44, 42, 14)",362,378,True,0.042328042328042326
465,strongly_correlated,20,214,"(13, 15, 4, 42, 2, 12, 15, 36, 50, 46, 42, 12, 26, 6, 22, 13, 32, 16, 16, 9)","(23, 25, 14, 52, 12, 22, 25, 46, 60, 56, 52, 22, 36, 16, 32, 23, 42, 26, 26, 19)",363,363,False,0.0
466,strongly_correlated,20,214,"(4, 8, 19, 13, 10, 9, 15, 33, 31, 50, 46, 23, 9, 26, 31, 29, 8, 18, 26, 19)","(14, 18, 29, 23, 20, 19, 25, 43, 41, 60, 56, 33, 19, 36, 41, 39, 18, 28, 36, 29)",347,354,True,0.01977401129943503
467,strongly_correlated,20,182,"(17, 31, 26, 5, 2, 28, 7, 36, 20, 17, 27, 7, 41, 12, 7, 11, 20, 7, 15, 27)","(27, 41, 36, 15, 12, 38, 17, 46, 30, 27, 37, 17, 51, 22, 17, 21, 30, 17, 25, 37)",313,322,True,0.027950310559006212
468,strongly_correlated,20,284,"(14, 25, 4, 38, 6, 12, 45, 42, 25, 10, 47, 35, 30, 43, 28, 43, 46, 19, 49, 7)","(24, 35, 14, 48, 16, 22, 55, 52, 35, 20, 57, 45, 40, 53, 38, 53, 56, 29, 59, 17)",383,414,True,0.0748792270531401
469,strongly_correlated,20,218,"(17, 20, 43, 17, 27, 42, 25, 42, 4, 7, 48, 17, 3, 14, 48, 34, 16, 7, 4, 1)","(27, 30, 53, 27, 37, 52, 35, 52, 14, 17, 58, 27, 13, 24, 58, 44, 26, 17, 14, 11)",363,363,False,0.0
470,strongly_correlated,20,267,"(3, 47, 23, 12, 9, 34, 42, 47, 31, 46, 7, 45, 25, 26, 4, 21, 4, 38, 22, 48)","(13, 57, 33, 22, 19, 44, 52, 57, 41, 56, 17, 55, 35, 36, 14, 31, 14, 48, 32, 58)",399,407,True,0.019656019656019656
471,strongly_correlated,20,284,"(44, 5, 42, 20, 47, 30, 21, 23, 16, 35, 24, 46, 5, 32, 34, 4, 42, 47, 34, 18)","(54, 15, 52, 30, 57, 40, 31, 33, 26, 45, 34, 56, 15, 42, 44, 14, 52, 57, 44, 28)",396,414,True,0.043478260869565216
472,strongly_correlated,20,186,"(10, 13, 41, 30, 4, 43, 12, 8, 26, 18, 10, 9, 10, 20, 49, 3, 8, 20, 15, 22)","(20, 23, 51, 40, 14, 53, 22, 18, 36, 28, 20, 19, 20, 30, 59, 13, 18, 30, 25, 32)",332,336,True,0.011904761904761904
473,strongly_correlated,20,218,"(22, 22, 4, 1, 24, 46, 8, 47, 20, 19, 10, 38, 30, 1, 12, 21, 32, 30, 18, 31)","(32, 32, 14, 11, 34, 56, 18, 57, 30, 29, 20, 48, 40, 11, 22, 31, 42, 40, 28, 41)",352,358,True,0.01675977653631285
474,strongly_correlated,20,168,"(5, 4, 27, 9, 20, 24, 24, 14, 11, 5, 24, 13, 13, 3, 12, 33, 16, 49, 2, 27)","(15, 14, 37, 19, 30, 34, 34, 24, 21, 15, 34, 23, 23, 13, 22, 43, 26, 59, 12, 37)",291,308,True,0.05519480519480519
475,strongly_correlated,20,234,"(5, 1, 41, 36, 43, 29, 50, 43, 21, 7, 8, 24, 30, 10, 6, 24, 39, 13, 21, 18)","(15, 11, 51, 46, 53, 39, 60, 53, 31, 17, 18, 34, 40, 20, 16, 34, 49, 23, 31, 28)",357,374,True,0.045454545454545456
476,strongly_correlated,20,289,"(32, 44, 38, 18, 23, 39, 23, 49, 46, 30, 27, 16, 46, 47, 29, 3, 48, 2, 9, 9)","(42, 54, 48, 28, 33, 49, 33, 59, 56, 40, 37, 26, 56, 57, 39, 13, 58, 12, 19, 19)",389,419,True,0.07159904534606205
477,strongly_correlated,20,248,"(40, 27, 4, 20, 46, 11, 36, 38, 27, 37, 41, 12, 2, 43, 12, 29, 25, 21, 7, 19)","(50, 37, 14, 30, 56, 21, 46, 48, 37, 47, 51, 22, 12, 53, 22, 39, 35, 31, 17, 29)",346,378,True,0.08465608465608465
478,strongly_correlated,20,218,"(21, 10, 8, 34, 2, 19, 26, 21, 5, 37, 36, 23, 20, 22, 36, 49, 1, 22, 20, 24)","(31, 20, 18, 44, 12, 29, 36, 31, 15, 47, 46, 33, 30, 32, 46, 59, 11, 32, 30, 34)",358,358,False,0.0
479,strongly_correlated,20,288,"(27, 35, 34, 33, 34, 42, 48, 44, 35, 10, 50, 34, 49, 11, 12, 6, 50, 10, 12, 1)","(37, 45, 44, 43, 44, 52, 58, 54, 45, 20, 60, 44, 59, 21, 22, 16, 60, 20, 22, 11)",389,418,True,0.06937799043062201
480,strongly_correlated,20,262,"(26, 37, 44, 19, 34, 43, 48, 30, 14, 48, 44, 20, 6, 13, 16, 8, 12, 17, 35, 9)","(36, 47, 54, 29, 44, 53, 58, 40, 24, 58, 54, 30, 16, 23, 26, 18, 22, 27, 45, 19)",399,402,True,0.007462686567164179
481,strongly_correlated,20,246,"(44, 45, 31, 28, 43, 9, 30, 42, 20, 30, 40, 13, 8, 22, 19, 3, 21, 6, 22, 16)","(54, 55, 41, 38, 53, 19, 40, 52, 30, 40, 50, 23, 18, 32, 29, 13, 31, 16, 32, 26)",347,376,True,0.07712765957446809
482,strongly_correlated,20,283,"(34, 39, 20, 27, 42, 38, 35, 8, 43, 47, 35, 17, 12, 38, 15, 28, 47, 13, 4, 24)","(44, 49, 30, 37, 52, 48, 45, 18, 53, 57, 45, 27, 22, 48, 25, 38, 57, 23, 14, 34)",402,413,True,0.026634382566585957
483,strongly_correlated,20,226,"(34, 44, 37, 21, 17, 6, 1, 3, 33, 39, 15, 23, 15, 15, 44, 6, 8, 20, 33, 37)","(44, 54, 47, 31, 27, 16, 11, 13, 43, 49, 25, 33, 25, 25, 54, 16, 18, 30, 43, 47)",356,366,True,0.0273224043715847
484,strongly_correlated,20,262,"(37, 11, 29, 21, 3, 48, 7, 30, 16, 43, 8, 43, 18, 40, 6, 48, 14, 25, 28, 50)","(47, 21, 39, 31, 13, 58, 17, 40, 26, 53, 18, 53, 28, 50, 16, 58, 24, 35, 38, 60)",393,399,True,0.015037593984962405
485,strongly_correlated,20,284,"(9, 10, 49, 11, 31, 22, 23, 25, 31, 38, 47, 48, 32, 38, 7, 22, 28, 35, 48, 15)","(19, 20, 59, 21, 41, 32, 33, 35, 41, 48, 57, 58, 42, 48, 17, 32, 38, 45, 58, 25)",396,414,True,0.043478260869565216
486,strongly_correlated,20,220,"(12, 12, 32, 17, 12, 15, 32, 20, 32, 25, 32, 20, 1, 25, 6, 29, 37, 39, 20, 22)","(22, 22, 42, 27, 22, 25, 42, 30, 42, 35, 42, 30, 11, 35, 16, 39, 47, 49, 30, 32)",337,349,True,0.034383954154727794
487,strongly_correlated,20,224,"(39, 24, 21, 3, 12, 18, 49, 21, 36, 15, 29, 21, 31, 30, 20, 26, 14, 6, 17, 16)","(49, 34, 31, 13, 22, 28, 59, 31, 46, 25, 39, 31, 41, 40, 30, 36, 24, 16, 27, 26)",338,354,True,0.04519774011299435
488,strongly_correlated,20,302,"(8, 33, 47, 48, 21, 34, 42, 35, 26, 19, 33, 25, 50, 23, 9, 31, 5, 41, 43, 30)","(18, 43, 57, 58, 31, 44, 52, 45, 36, 29, 43, 35, 60, 33, 19, 41, 15, 51, 53, 40)",427,432,True,0.011574074074074073
489,strongly_correlated,20,234,"(12, 40, 28, 33, 5, 46, 40, 28, 1, 4, 35, 24, 1, 33, 32, 49, 17, 14, 15, 10)","(22, 50, 38, 43, 15, 56, 50, 38, 11, 14, 45, 34, 11, 43, 42, 59, 27, 24, 25, 20)",364,374,True,0.026737967914438502
490,strongly_correlated,20,322,"(48, 31, 35, 31, 36, 45, 5, 48, 38, 41, 19, 32, 16, 34, 27, 22, 27, 34, 46, 30)","(58, 41, 45, 41, 46, 55, 15, 58, 48, 51, 29, 42, 26, 44, 37, 32, 37, 44, 56, 40)",428,442,True,0.03167420814479638
491,strongly_correlated,20,287,"(32, 26, 31, 49, 40, 42, 37, 35, 22, 11, 36, 28, 16, 29, 15, 24, 31, 5, 42, 23)","(42, 36, 41, 59, 50, 52, 47, 45, 32, 21, 46, 38, 26, 39, 25, 34, 41, 15, 52, 33)",381,407,True,0.06388206388206388
492,strongly_correlated,20,193,"(40, 7, 24, 19, 2, 3, 41, 1, 11, 14, 11, 19, 8, 31, 41, 43, 6, 18, 15, 32)","(50, 17, 34, 29, 12, 13, 51, 11, 21, 24, 21, 29, 18, 41, 51, 53, 16, 28, 25, 42)",339,340,True,0.0029411764705882353
493,strongly_correlated,20,269,"(17, 44, 20, 38, 17, 23, 33, 40, 43, 22, 32, 3, 43, 17, 14, 40, 20, 19, 16, 37)","(27, 54, 30, 48, 27, 33, 43, 50, 53, 32, 42, 13, 53, 27, 24, 50, 30, 29, 26, 47)",383,399,True,0.040100250626566414
494,strongly_correlated,20,275,"(41, 39, 45, 41, 10, 2, 2, 42, 31, 18, 28, 18, 26, 27, 13, 27, 26, 42, 26, 46)","(51, 49, 55, 51, 20, 12, 12, 52, 41, 28, 38, 28, 36, 37, 23, 37, 36, 52, 36, 56)",384,405,True,0.05185185185185185
495,strongly_correlated,20,286,"(44, 11, 13, 35, 7, 37, 14, 41, 23, 39, 21, 24, 10, 49, 47, 13, 35, 12, 49, 49)","(54, 21, 23, 45, 17, 47, 24, 51, 33, 49, 31, 34, 20, 59, 57, 23, 45, 22, 59, 59)",385,416,True,0.07451923076923077
496,strongly_correlated,20,293,"(47, 29, 25, 8, 50, 21, 41, 16, 49, 33, 46, 12, 38, 39, 15, 10, 33, 21, 25, 28)","(57, 39, 35, 18, 60, 31, 51, 26, 59, 43, 56, 22, 48, 49, 25, 20, 43, 31, 35, 38)",406,423,True,0.04018912529550828
497,strongly_correlated,20,234,"(17, 39, 47, 11, 22, 13, 19, 16, 42, 7, 6, 5, 20, 33, 21, 47, 21, 7, 46, 30)","(27, 49, 57, 21, 32, 23, 29, 26, 52, 17, 16, 15, 30, 43, 31, 57, 31, 17, 56, 40)",355,374,True,0.05080213903743316
498,strongly_correlated,20,282,"(31, 27, 40, 16, 16, 24, 25, 1, 39, 31, 39, 17, 44, 9, 41, 40, 35, 29, 29, 31)","(41, 37, 50, 26, 26, 34, 35, 11, 49, 41, 49, 27, 54, 19, 51, 50, 45, 39, 39, 41)",375,402,True,0.06716417910447761
499,strongly_correlated,20,286,"(8, 12, 49, 32, 20, 38, 32, 18, 35, 8, 44, 47, 17, 5, 17, 28, 44, 19, 49, 50)","(18, 22, 59, 42, 30, 48, 42, 28, 45, 18, 54, 57, 27, 15, 27, 38, 54, 29, 59, 60)",381,416,True,0.08413461538461539
500,strongly_correlated,20,260,"(30, 34, 38, 30, 17, 41, 49, 45, 25, 14, 7, 22, 37, 48, 6, 2, 13, 22, 15, 26)","(40, 44, 48, 40, 27, 51, 59, 55, 35, 24, 17, 32, 47, 58, 16, 12, 23, 32, 25, 36)",359,390,True,0.07948717948717948
501,strongly_correlated,20,272,"(41, 19, 41, 23, 16, 41, 21, 22, 34, 24, 11, 46, 22, 23, 29, 47, 30, 1, 24, 30)","(51, 29, 51, 33, 26, 51, 31, 32, 44, 34, 21, 56, 32, 33, 39, 57, 40, 11, 34, 40)",395,402,True,0.017412935323383085
502,strongly_correlated,20,278,"(33, 24, 11, 41, 23, 47, 48, 45, 11, 28, 46, 3, 42, 25, 33, 5, 16, 21, 13, 42)","(43, 34, 21, 51, 33, 57, 58, 55, 21, 38, 56, 13, 52, 35, 43, 15, 26, 31, 23, 52)",376,408,True,0.0784313725490196
503,strongly_correlated,20,226,"(11, 10, 23, 47, 13, 25, 20, 9, 42, 2, 3, 28, 45, 8, 2, 3, 48, 36, 48, 30)","(21, 20, 33, 57, 23, 35, 30, 19, 52, 12, 13, 38, 55, 18, 12, 13, 58, 46, 58, 40)",373,373,False,0.0
504,strongly_correlated,20,268,"(30, 37, 24, 1, 49, 13, 4, 10, 12, 48, 24, 45, 33, 40, 37, 35, 20, 7, 22, 44)","(40, 47, 34, 11, 59, 23, 14, 20, 22, 58, 34, 55, 43, 50, 47, 45, 30, 17, 32, 54)",365,398,True,0.0829145728643216
505,strongly_correlated,20,288,"(10, 17, 20, 18, 22, 45, 31, 19, 35, 35, 42, 23, 4, 27, 40, 26, 38, 35, 42, 47)","(20, 27, 30, 28, 32, 55, 41, 29, 45, 45, 52, 33, 14, 37, 50, 36, 48, 45, 52, 57)",417,417,False,0.0
506,strongly_correlated,20,275,"(49, 32, 18, 25, 37, 27, 18, 16, 50, 34, 45, 12, 43, 28, 23, 32, 10, 7, 2, 42)","(59, 42, 28, 35, 47, 37, 28, 26, 60, 44, 55, 22, 53, 38, 33, 42, 20, 17, 12, 52)",380,405,True,0.06172839506172839
507,strongly_correlated,20,268,"(31, 40, 37, 10, 32, 42, 16, 29, 24, 42, 7, 24, 50, 45, 14, 8, 29, 11, 44, 2)","(41, 50, 47, 20, 42, 52, 26, 39, 34, 52, 17, 34, 60, 55, 24, 18, 39, 21, 54, 12)",367,398,True,0.07788944723618091
508,strongly_correlated,20,308,"(35, 43, 27, 32, 5, 7, 17, 24, 43, 6, 45, 41, 34, 24, 42, 32, 37, 39, 47, 37)","(45, 53, 37, 42, 15, 17, 27, 34, 53, 16, 55, 51, 44, 34, 52, 42, 47, 49, 57, 47)",400,428,True,0.06542056074766354
509,strongly_correlated,20,290,"(46, 49, 27, 14, 11, 45, 9, 8, 38, 18, 36, 43, 45, 43, 41, 20, 25, 20, 4, 38)","(56, 59, 37, 24, 21, 55, 19, 18, 48, 28, 46, 53, 55, 53, 51, 30, 35, 30, 14, 48)",398,420,True,0.05238095238095238
510,strongly_correlated,20,286,"(44, 36, 19, 49, 27, 27, 7, 5, 10, 42, 22, 41, 12, 36, 11, 24, 47, 48, 18, 46)","(54, 46, 29, 59, 37, 37, 17, 15, 20, 52, 32, 51, 22, 46, 21, 34, 57, 58, 28, 56)",384,416,True,0.07692307692307693
511,strongly_correlated,20,218,"(7, 30, 8, 10, 16, 31, 48, 45, 14, 47, 18, 38, 9, 9, 33, 36, 2, 20, 6, 8)","(17, 40, 18, 20, 26, 41, 58, 55, 24, 57, 28, 48, 19, 19, 43, 46, 12, 30, 16, 18)",328,358,True,0.08379888268156424
512,strongly_correlated,20,216,"(2, 29, 10, 22, 27, 24, 40, 26, 11, 15, 16, 16, 1, 48, 7, 32, 36, 27, 8, 34)","(12, 39, 20, 32, 37, 34, 50, 36, 21, 25, 26, 26, 11, 58, 17, 42, 46, 37, 18, 44)",352,355,True,0.008450704225352112
513,strongly_correlated,20,246,"(2, 14, 9, 40, 12, 43, 28, 38, 19, 21, 27, 1, 12, 46, 19, 50, 45, 28, 1, 36)","(12, 24, 19, 50, 22, 53, 38, 48, 29, 31, 37, 11, 22, 56, 29, 60, 55, 38, 11, 46)",369,386,True,0.04404145077720207
514,strongly_correlated,20,248,"(23, 8, 41, 42, 14, 10, 27, 27, 42, 24, 28, 18, 37, 21, 21, 21, 31, 17, 1, 44)","(33, 18, 51, 52, 24, 20, 37, 37, 52, 34, 38, 28, 47, 31, 31, 31, 41, 27, 11, 54)",362,378,True,0.042328042328042326
515,strongly_correlated,20,187,"(11, 18, 19, 9, 7, 1, 30, 18, 33, 2, 3, 11, 30, 16, 26, 22, 31, 38, 44, 5)","(21, 28, 29, 19, 17, 11, 40, 28, 43, 12, 13, 21, 40, 26, 36, 32, 41, 48, 54, 15)",308,327,True,0.0581039755351682
516,strongly_correlated,20,267,"(47, 16, 35, 50, 37, 41, 34, 2, 11, 23, 4, 18, 2, 10, 33, 48, 34, 24, 17, 48)","(57, 26, 45, 60, 47, 51, 44, 12, 21, 33, 14, 28, 12, 20, 43, 58, 44, 34, 27, 58)",403,407,True,0.009828009828009828
517,strongly_correlated,20,264,"(28, 47, 43, 26, 13, 49, 28, 12, 32, 20, 33, 9, 37, 10, 4, 6, 26, 44, 33, 29)","(38, 57, 53, 36, 23, 59, 38, 22, 42, 30, 43, 19, 47, 20, 14, 16, 36, 54, 43, 39)",373,394,True,0.0532994923857868
518,strongly_correlated,20,259,"(24, 34, 23, 17, 37, 17, 33, 50, 32, 47, 16, 37, 30, 2, 29, 37, 7, 23, 14, 9)","(34, 44, 33, 27, 47, 27, 43, 60, 42, 57, 26, 47, 40, 12, 39, 47, 17, 33, 24, 19)",373,389,True,0.04113110539845758
519,strongly_correlated,20,230,"(39, 29, 2, 22, 16, 9, 19, 36, 15, 39, 4, 40, 25, 42, 14, 10, 5, 48, 27, 19)","(49, 39, 12, 32, 26, 19, 29, 46, 25, 49, 14, 50, 35, 52, 24, 20, 15, 58, 37, 29)",356,370,True,0.03783783783783784
520,strongly_correlated,20,224,"(1, 4, 26, 26, 9, 29, 28, 49, 27, 14, 16, 25, 27, 12, 39, 28, 8, 24, 21, 34)","(11, 14, 36, 36, 19, 39, 38, 59, 37, 24, 26, 35, 37, 22, 49, 38, 18, 34, 31, 44)",343,354,True,0.031073446327683617
521,strongly_correlated,20,228,"(7, 1, 20, 17, 27, 46, 50, 12, 23, 23, 7, 42, 21, 18, 20, 36, 9, 3, 27, 48)","(17, 11, 30, 27, 37, 56, 60, 22, 33, 33, 17, 52, 31, 28, 30, 46, 19, 13, 37, 58)",348,368,True,0.05434782608695652
522,strongly_correlated,20,269,"(5, 15, 25, 50, 40, 49, 2, 9, 47, 6, 35, 34, 13, 43, 9, 48, 3, 41, 35, 29)","(15, 25, 35, 60, 50, 59, 12, 19, 57, 16, 45, 44, 23, 53, 19, 58, 13, 51, 45, 39)",400,409,True,0.022004889975550123
523,strongly_correlated,20,308,"(44, 44, 19, 34, 25, 11, 31, 11, 36, 37, 40, 35, 1, 27, 48, 42, 26, 50, 31, 24)","(54, 54, 29, 44, 35, 21, 41, 21, 46, 47, 50, 45, 11, 37, 58, 52, 36, 60, 41, 34)",395,428,True,0.07710280373831775
524,strongly_correlated,20,228,"(15, 1, 37, 18, 32, 22, 6, 46, 20, 16, 11, 6, 37, 43, 5, 9, 16, 21, 50, 45)","(25, 11, 47, 28, 42, 32, 16, 56, 30, 26, 21, 16, 47, 53, 15, 19, 26, 31, 60, 55)",338,368,True,0.08152173913043478
525,strongly_correlated,20,245,"(35, 8, 31, 11, 44, 12, 39, 7, 10, 40, 18, 29, 35, 3, 44, 14, 16, 50, 31, 13)","(45, 18, 41, 21, 54, 22, 49, 17, 20, 50, 28, 39, 45, 13, 54, 24, 26, 60, 41, 23)",378,384,True,0.015625
526,strongly_correlated,20,261,"(10, 14, 12, 4, 19, 25, 49, 26, 31, 33, 50, 45, 3, 42, 10, 47, 31, 13, 41, 17)","(20, 24, 22, 14, 29, 35, 59, 36, 41, 43, 60, 55, 13, 52, 20, 57, 41, 23, 51, 27)",388,400,True,0.03
527,strongly_correlated,20,296,"(28, 22, 44, 49, 44, 11, 21, 50, 16, 20, 36, 49, 3, 1, 46, 11, 48, 19, 31, 44)","(38, 32, 54, 59, 54, 21, 31, 60, 26, 30, 46, 59, 13, 11, 56, 21, 58, 29, 41, 54)",393,426,True,0.07746478873239436
528,strongly_correlated,20,237,"(4, 37, 20, 7, 31, 32, 46, 38, 12, 45, 37, 16, 12, 40, 26, 15, 13, 10, 9, 24)","(14, 47, 30, 17, 41, 42, 56, 48, 22, 55, 47, 26, 22, 50, 36, 25, 23, 20, 19, 34)",371,377,True,0.015915119363395226
529,strongly_correlated,20,311,"(42, 10, 48, 50, 16, 47, 43, 30, 48, 14, 28, 15, 46, 28, 25, 49, 8, 10, 38, 27)","(52, 20, 58, 60, 26, 57, 53, 40, 58, 24, 38, 25, 56, 38, 35, 59, 18, 20, 48, 37)",421,441,True,0.045351473922902494
530,strongly_correlated,20,266,"(22, 7, 48, 36, 15, 39, 32, 6, 36, 26, 25, 11, 3, 4, 41, 36, 33, 46, 19, 48)","(32, 17, 58, 46, 25, 49, 42, 16, 46, 36, 35, 21, 13, 14, 51, 46, 43, 56, 29, 58)",369,396,True,0.06818181818181818
531,strongly_correlated,20,249,"(47, 44, 9, 48, 29, 38, 23, 28, 35, 44, 6, 4, 30, 8, 19, 16, 13, 40, 11, 6)","(57, 54, 19, 58, 39, 48, 33, 38, 45, 54, 16, 14, 40, 18, 29, 26, 23, 50, 21, 16)",377,389,True,0.030848329048843187
532,strongly_correlated,20,234,"(14, 42, 40, 10, 6, 32, 22, 46, 1, 42, 42, 7, 9, 31, 23, 10, 17, 38, 24, 12)","(24, 52, 50, 20, 16, 42, 32, 56, 11, 52, 52, 17, 19, 41, 33, 20, 27, 48, 34, 22)",358,374,True,0.0427807486631016
533,strongly_correlated,20,229,"(25, 11, 45, 24, 17, 27, 43, 4, 32, 23, 19, 12, 25, 9, 39, 50, 8, 23, 2, 20)","(35, 21, 55, 34, 27, 37, 53, 14, 42, 33, 29, 22, 35, 19, 49, 60, 18, 33, 12, 30)",362,369,True,0.018970189701897018
534,strongly_correlated,20,190,"(28, 36, 13, 30, 34, 10, 17, 23, 28, 1, 9, 4, 12, 33, 18, 26, 10, 12, 20, 17)","(38, 46, 23, 40, 44, 20, 27, 33, 38, 11, 19, 14, 22, 43, 28, 36, 20, 22, 30, 27)",296,320,True,0.075
535,strongly_correlated,20,271,"(10, 27, 26, 45, 38, 44, 26, 10, 8, 15, 7, 50, 11, 30, 36, 40, 25, 12, 32, 50)","(20, 37, 36, 55, 48, 54, 36, 20, 18, 25, 17, 60, 21, 40, 46, 50, 35, 22, 42, 60)",369,401,True,0.0798004987531172
536,strongly_correlated,20,264,"(48, 13, 41, 35, 36, 1, 36, 25, 28, 41, 28, 47, 31, 12, 29, 22, 26, 3, 8, 17)","(58, 23, 51, 45, 46, 11, 46, 35, 38, 51, 38, 57, 41, 22, 39, 32, 36, 13, 18, 27)",373,394,True,0.0532994923857868
537,strongly_correlated,20,298,"(47, 29, 16, 15, 3, 30, 34, 46, 28, 9, 45, 35, 18, 21, 37, 42, 44, 46, 48, 4)","(57, 39, 26, 25, 13, 40, 44, 56, 38, 19, 55, 45, 28, 31, 47, 52, 54, 56, 58, 14)",409,428,True,0.04439252336448598
538,strongly_correlated,20,220,"(18, 19, 4, 26, 3, 11, 17, 21, 35, 7, 12, 41, 50, 9, 25, 48, 2, 35, 30, 26)","(28, 29, 14, 36, 13, 21, 27, 31, 45, 17, 22, 51, 60, 19, 35, 58, 12, 45, 40, 36)",340,360,True,0.05555555555555555
539,strongly_correlated,20,228,"(19, 13, 49, 36, 46, 3, 10, 45, 24, 16, 5, 5, 14, 20, 34, 8, 27, 37, 44, 2)","(29, 23, 59, 46, 56, 13, 20, 55, 34, 26, 15, 15, 24, 30, 44, 18, 37, 47, 54, 12)",340,368,True,0.07608695652173914
540,strongly_correlated,20,247,"(40, 40, 43, 24, 2, 30, 21, 39, 30, 38, 26, 6, 17, 25, 34, 4, 25, 34, 1, 15)","(50, 50, 53, 34, 12, 40, 31, 49, 40, 48, 36, 16, 27, 35, 44, 14, 35, 44, 11, 25)",356,377,True,0.05570291777188329
541,strongly_correlated,20,222,"(23, 1, 30, 25, 10, 12, 35, 23, 21, 30, 49, 6, 4, 38, 47, 12, 17, 1, 20, 40)","(33, 11, 40, 35, 20, 22, 45, 33, 31, 40, 59, 16, 14, 48, 57, 22, 27, 11, 30, 50)",345,362,True,0.04696132596685083
542,strongly_correlated,20,198,"(31, 8, 11, 27, 13, 11, 29, 40, 24, 9, 18, 13, 1, 46, 43, 12, 1, 12, 7, 40)","(41, 18, 21, 37, 23, 21, 39, 50, 34, 19, 28, 23, 11, 56, 53, 22, 11, 22, 17, 50)",346,348,True,0.005747126436781609
543,strongly_correlated,20,274,"(42, 9, 6, 30, 50, 44, 39, 12, 18, 6, 37, 5, 34, 30, 40, 33, 25, 20, 47, 21)","(52, 19, 16, 40, 60, 54, 49, 22, 28, 16, 47, 15, 44, 40, 50, 43, 35, 30, 57, 31)",379,404,True,0.06188118811881188
544,strongly_correlated,20,260,"(43, 49, 18, 7, 20, 40, 36, 18, 42, 45, 5, 45, 2, 26, 26, 31, 4, 26, 21, 15)","(53, 59, 28, 17, 30, 50, 46, 28, 52, 55, 15, 55, 12, 36, 36, 41, 14, 36, 31, 25)",395,399,True,0.010025062656641603
545,strongly_correlated,20,268,"(14, 41, 47, 43, 42, 45, 4, 15, 32, 5, 25, 23, 22, 46, 39, 35, 6, 15, 14, 22)","(24, 51, 57, 53, 52, 55, 14, 25, 42, 15, 35, 33, 32, 56, 49, 45, 16, 25, 24, 32)",362,398,True,0.09045226130653267
546,strongly_correlated,20,213,"(1, 18, 26, 26, 3, 48, 24, 25, 48, 10, 21, 9, 14, 23, 36, 24, 4, 4, 46, 16)","(11, 28, 36, 36, 13, 58, 34, 35, 58, 20, 31, 19, 24, 33, 46, 34, 14, 14, 56, 26)",336,353,True,0.04815864022662889
547,strongly_correlated,20,259,"(3, 5, 46, 18, 21, 50, 32, 14, 28, 24, 36, 14, 30, 19, 5, 30, 44, 47, 3, 49)","(13, 15, 56, 28, 31, 60, 42, 24, 38, 34, 46, 24, 40, 29, 15, 40, 54, 57, 13, 59)",386,398,True,0.03015075376884422
548,strongly_correlated,20,222,"(3, 3, 33, 10, 49, 6, 26, 33, 39, 41, 11, 32, 46, 18, 5, 6, 12, 28, 5, 39)","(13, 13, 43, 20, 59, 16, 36, 43, 49, 51, 21, 42, 56, 28, 15, 16, 22, 38, 15, 49)",338,362,True,0.06629834254143646
549,strongly_correlated,20,220,"(42, 13, 31, 11, 45, 35, 32, 12, 19, 25, 5, 21, 23, 43, 6, 5, 14, 13, 12, 33)","(52, 23, 41, 21, 55, 45, 42, 22, 29, 35, 15, 31, 33, 53, 16, 15, 24, 23, 22, 43)",350,360,True,0.027777777777777776
550,strongly_correlated,20,244,"(31, 31, 14, 46, 24, 3, 16, 7, 28, 40, 37, 8, 8, 47, 2, 33, 45, 49, 13, 5)","(41, 41, 24, 56, 34, 13, 26, 17, 38, 50, 47, 18, 18, 57, 12, 43, 55, 59, 23, 15)",363,384,True,0.0546875
551,strongly_correlated,20,252,"(33, 42, 43, 16, 1, 14, 16, 24, 27, 26, 49, 34, 2, 12, 38, 17, 44, 39, 21, 6)","(43, 52, 53, 26, 11, 24, 26, 34, 37, 36, 59, 44, 12, 22, 48, 27, 54, 49, 31, 16)",389,389,False,0.0
552,strongly_correlated,20,299,"(2, 48, 5, 43, 33, 50, 49, 25, 45, 3, 45, 15, 46, 25, 37, 36, 31, 38, 7, 15)","(12, 58, 15, 53, 43, 60, 59, 35, 55, 13, 55, 25, 56, 35, 47, 46, 41, 48, 17, 25)",402,429,True,0.06293706293706294
553,strongly_correlated,20,292,"(31, 2, 30, 9, 29, 2, 27, 25, 50, 34, 47, 43, 37, 47, 29, 12, 12, 30, 40, 48)","(41, 12, 40, 19, 39, 12, 37, 35, 60, 44, 57, 53, 47, 57, 39, 22, 22, 40, 50, 58)",402,422,True,0.04739336492890995
554,strongly_correlated,20,194,"(33, 22, 12, 24, 14, 25, 41, 10, 1, 17, 46, 19, 24, 5, 11, 4, 19, 44, 4, 13)","(43, 32, 22, 34, 24, 35, 51, 20, 11, 27, 56, 29, 34, 15, 21, 14, 29, 54, 14, 23)",315,334,True,0.05688622754491018
555,strongly_correlated,20,237,"(13, 18, 11, 9, 36, 46, 7, 10, 17, 27, 13, 36, 46, 49, 19, 39, 29, 2, 9, 38)","(23, 28, 21, 19, 46, 56, 17, 20, 27, 37, 23, 46, 56, 59, 29, 49, 39, 12, 19, 48)",360,377,True,0.04509283819628647
556,strongly_correlated,20,304,"(45, 31, 13, 41, 37, 46, 50, 30, 34, 46, 19, 3, 2, 26, 40, 15, 33, 43, 12, 42)","(55, 41, 23, 51, 47, 56, 60, 40, 44, 56, 29, 13, 12, 36, 50, 25, 43, 53, 22, 52)",425,434,True,0.020737327188940093
557,strongly_correlated,20,299,"(2, 33, 7, 44, 36, 50, 40, 35, 41, 17, 26, 33, 13, 39, 43, 50, 49, 12, 26, 2)","(12, 43, 17, 54, 46, 60, 50, 45, 51, 27, 36, 43, 23, 49, 53, 60, 59, 22, 36, 12)",411,429,True,0.04195804195804196
558,strongly_correlated,20,256,"(25, 17, 35, 3, 34, 45, 2, 12, 29, 49, 6, 38, 15, 44, 11, 40, 2, 12, 49, 45)","(35, 27, 45, 13, 44, 55, 12, 22, 39, 59, 16, 48, 25, 54, 21, 50, 12, 22, 59, 55)",381,396,True,0.03787878787878788
559,strongly_correlated,20,233,"(1, 39, 28, 22, 24, 33, 9, 10, 35, 17, 30, 46, 22, 10, 11, 1, 23, 34, 44, 27)","(11, 49, 38, 32, 34, 43, 19, 20, 45, 27, 40, 56, 32, 20, 21, 11, 33, 44, 54, 37)",335,363,True,0.07713498622589532
560,strongly_correlated,20,246,"(49, 41, 3, 31, 48, 30, 1, 46, 38, 25, 23, 16, 16, 5, 28, 7, 28, 16, 10, 31)","(59, 51, 13, 41, 58, 40, 11, 56, 48, 35, 33, 26, 26, 15, 38, 17, 38, 26, 20, 41)",379,386,True,0.018134715025906734
561,strongly_correlated,20,296,"(38, 34, 13, 12, 36, 19, 13, 13, 15, 40, 23, 49, 35, 46, 38, 29, 36, 41, 14, 47)","(48, 44, 23, 22, 46, 29, 23, 23, 25, 50, 33, 59, 45, 56, 48, 39, 46, 51, 24, 57)",422,426,True,0.009389671361502348
562,strongly_correlated,20,276,"(48, 24, 46, 50, 8, 4, 13, 8, 46, 25, 47, 12, 23, 28, 29, 4, 30, 47, 32, 27)","(58, 34, 56, 60, 18, 14, 23, 18, 56, 35, 57, 22, 33, 38, 39, 14, 40, 57, 42, 37)",407,407,False,0.0
563,strongly_correlated,20,240,"(34, 48, 20, 42, 1, 12, 5, 24, 24, 16, 30, 9, 39, 39, 45, 40, 21, 18, 1, 13)","(44, 58, 30, 52, 11, 22, 15, 34, 34, 26, 40, 19, 49, 49, 55, 50, 31, 28, 11, 23)",368,380,True,0.031578947368421054
564,strongly_correlated,20,217,"(19, 13, 45, 22, 4, 20, 28, 46, 23, 18, 9, 12, 6, 12, 49, 31, 43, 15, 17, 2)","(29, 23, 55, 32, 14, 30, 38, 56, 33, 28, 19, 22, 16, 22, 59, 41, 53, 25, 27, 12)",332,357,True,0.0700280112044818
565,strongly_correlated,20,328,"(41, 50, 31, 21, 25, 49, 43, 28, 27, 21, 10, 8, 21, 44, 40, 42, 48, 47, 36, 23)","(51, 60, 41, 31, 35, 59, 53, 38, 37, 31, 20, 18, 31, 54, 50, 52, 58, 57, 46, 33)",411,448,True,0.08258928571428571
566,strongly_correlated,20,225,"(32, 36, 20, 9, 28, 5, 26, 4, 33, 49, 24, 22, 5, 7, 24, 13, 42, 8, 19, 44)","(42, 46, 30, 19, 38, 15, 36, 14, 43, 59, 34, 32, 15, 17, 34, 23, 52, 18, 29, 54)",354,365,True,0.030136986301369864
567,strongly_correlated,20,239,"(10, 21, 31, 6, 48, 38, 19, 30, 26, 48, 2, 11, 21, 21, 4, 42, 12, 25, 37, 26)","(20, 31, 41, 16, 58, 48, 29, 40, 36, 58, 12, 21, 31, 31, 14, 52, 22, 35, 47, 36)",374,379,True,0.013192612137203167
568,strongly_correlated,20,242,"(7, 3, 35, 32, 45, 18, 26, 14, 47, 5, 29, 21, 28, 46, 21, 49, 21, 8, 25, 3)","(17, 13, 45, 42, 55, 28, 36, 24, 57, 15, 39, 31, 38, 56, 31, 59, 31, 18, 35, 13)",369,382,True,0.034031413612565446
569,strongly_correlated,20,254,"(40, 35, 4, 22, 4, 22, 17, 43, 17, 37, 5, 43, 32, 37, 7, 32, 35, 12, 41, 22)","(50, 45, 14, 32, 14, 32, 27, 53, 27, 47, 15, 53, 42, 47, 17, 42, 45, 22, 51, 32)",361,384,True,0.059895833333333336
570,strongly_correlated,20,176,"(5, 13, 1, 22, 4, 1, 17, 22, 35, 38, 15, 15, 24, 24, 2, 26, 5, 21, 18, 44)","(15, 23, 11, 32, 14, 11, 27, 32, 45, 48, 25, 25, 34, 34, 12, 36, 15, 31, 28, 54)",301,316,True,0.04746835443037975
571,strongly_correlated,20,209,"(10, 17, 8, 40, 27, 4, 43, 9, 4, 38, 12, 34, 11, 12, 22, 35, 2, 49, 17, 24)","(20, 27, 18, 50, 37, 14, 53, 19, 14, 48, 22, 44, 21, 22, 32, 45, 12, 59, 27, 34)",319,349,True,0.08595988538681948
572,strongly_correlated,20,250,"(14, 26, 17, 18, 40, 17, 37, 31, 48, 6, 10, 16, 50, 10, 11, 15, 25, 45, 40, 23)","(24, 36, 27, 28, 50, 27, 47, 41, 58, 16, 20, 26, 60, 20, 21, 25, 35, 55, 50, 33)",379,390,True,0.028205128205128206
573,strongly_correlated,20,293,"(45, 47, 42, 17, 15, 5, 26, 36, 33, 30, 12, 40, 38, 8, 46, 31, 18, 47, 25, 25)","(55, 57, 52, 27, 25, 15, 36, 46, 43, 40, 22, 50, 48, 18, 56, 41, 28, 57, 35, 35)",411,423,True,0.028368794326241134
574,strongly_correlated,20,268,"(20, 37, 36, 7, 20, 15, 28, 32, 25, 45, 27, 3, 44, 46, 15, 18, 33, 42, 3, 41)","(30, 47, 46, 17, 30, 25, 38, 42, 35, 55, 37, 13, 54, 56, 25, 28, 43, 52, 13, 51)",376,398,True,0.05527638190954774
575,strongly_correlated,20,279,"(20, 48, 43, 3, 25, 8, 27, 32, 28, 42, 40, 43, 48, 21, 7, 19, 29, 9, 19, 47)","(30, 58, 53, 13, 35, 18, 37, 42, 38, 52, 50, 53, 58, 31, 17, 29, 39, 19, 29, 57)",377,409,True,0.07823960880195599
576,strongly_correlated,20,298,"(49, 44, 38, 32, 13, 1, 38, 22, 25, 34, 6, 13, 17, 44, 43, 30, 44, 44, 17, 43)","(59, 54, 48, 42, 23, 11, 48, 32, 35, 44, 16, 23, 27, 54, 53, 40, 54, 54, 27, 53)",416,428,True,0.028037383177570093
577,strongly_correlated,20,254,"(26, 23, 45, 6, 22, 30, 27, 7, 50, 35, 32, 19, 16, 45, 26, 45, 13, 1, 3, 36)","(36, 33, 55, 16, 32, 40, 37, 17, 60, 45, 42, 29, 26, 55, 36, 55, 23, 11, 13, 46)",391,394,True,0.007614213197969543
578,strongly_correlated,20,298,"(49, 19, 11, 43, 37, 48, 50, 26, 23, 38, 24, 6, 42, 11, 40, 23, 39, 39, 26, 3)","(59, 29, 21, 53, 47, 58, 60, 36, 33, 48, 34, 16, 52, 21, 50, 33, 49, 49, 36, 13)",416,428,True,0.028037383177570093
579,strongly_correlated,20,274,"(21, 26, 32, 47, 10, 42, 22, 3, 22, 3, 7, 49, 28, 45, 6, 34, 46, 44, 18, 44)","(31, 36, 42, 57, 20, 52, 32, 13, 32, 13, 17, 59, 38, 55, 16, 44, 56, 54, 28, 54)",414,414,False,0.0
580,strongly_correlated,20,262,"(34, 34, 19, 6, 44, 42, 19, 42, 10, 28, 19, 20, 13, 43, 13, 17, 48, 18, 33, 22)","(44, 44, 29, 16, 54, 52, 29, 52, 20, 38, 29, 30, 23, 53, 23, 27, 58, 28, 43, 32)",367,392,True,0.06377551020408163
581,strongly_correlated,20,229,"(46, 1, 12, 19, 20, 26, 47, 1, 37, 27, 19, 30, 36, 35, 3, 20, 17, 4, 21, 37)","(56, 11, 22, 29, 30, 36, 57, 11, 47, 37, 29, 40, 46, 45, 13, 30, 27, 14, 31, 47)",360,369,True,0.024390243902439025
582,strongly_correlated,20,230,"(14, 46, 8, 15, 30, 12, 25, 3, 43, 34, 34, 4, 42, 13, 42, 12, 33, 9, 2, 39)","(24, 56, 18, 25, 40, 22, 35, 13, 53, 44, 44, 14, 52, 23, 52, 22, 43, 19, 12, 49)",354,370,True,0.043243243243243246
583,strongly_correlated,20,332,"(35, 8, 19, 45, 10, 37, 41, 39, 19, 13, 50, 42, 41, 46, 48, 49, 42, 17, 31, 33)","(45, 18, 29, 55, 20, 47, 51, 49, 29, 23, 60, 52, 51, 56, 58, 59, 52, 27, 41, 43)",422,452,True,0.06637168141592921
584,strongly_correlated,20,252,"(39, 46, 17, 10, 5, 32, 19, 40, 8, 6, 7, 16, 38, 40, 29, 49, 16, 44, 18, 25)","(49, 56, 27, 20, 15, 42, 29, 50, 18, 16, 17, 26, 48, 50, 39, 59, 26, 54, 28, 35)",386,392,True,0.015306122448979591
585,strongly_correlated,20,235,"(4, 6, 47, 13, 29, 40, 23, 24, 34, 49, 32, 27, 14, 1, 17, 30, 18, 41, 14, 7)","(14, 16, 57, 23, 39, 50, 33, 34, 44, 59, 42, 37, 24, 11, 27, 40, 28, 51, 24, 17)",367,375,True,0.021333333333333333
586,strongly_correlated,20,276,"(48, 18, 8, 49, 39, 24, 5, 45, 50, 31, 14, 40, 4, 26, 33, 20, 47, 8, 13, 30)","(58, 28, 18, 59, 49, 34, 15, 55, 60, 41, 24, 50, 14, 36, 43, 30, 57, 18, 23, 40)",413,414,True,0.0024154589371980675
587,strongly_correlated,20,345,"(46, 50, 46, 21, 3, 42, 35, 33, 23, 29, 16, 43, 46, 46, 25, 44, 39, 45, 49, 9)","(56, 60, 56, 31, 13, 52, 45, 43, 33, 39, 26, 53, 56, 56, 35, 54, 49, 55, 59, 19)",438,465,True,0.05806451612903226
588,strongly_correlated,20,250,"(47, 26, 19, 15, 2, 21, 35, 8, 23, 47, 35, 5, 46, 42, 25, 25, 11, 7, 35, 26)","(57, 36, 29, 25, 12, 31, 45, 18, 33, 57, 45, 15, 56, 52, 35, 35, 21, 17, 45, 36)",388,388,False,0.0
589,strongly_correlated,20,258,"(8, 22, 42, 15, 19, 47, 41, 25, 15, 14, 32, 42, 7, 41, 5, 44, 23, 33, 14, 27)","(18, 32, 52, 25, 29, 57, 51, 35, 25, 24, 42, 52, 17, 51, 15, 54, 33, 43, 24, 37)",356,388,True,0.08247422680412371
590,strongly_correlated,20,256,"(2, 4, 35, 32, 26, 28, 47, 23, 10, 33, 32, 21, 44, 27, 42, 7, 12, 37, 3, 48)","(12, 14, 45, 42, 36, 38, 57, 33, 20, 43, 42, 31, 54, 37, 52, 17, 22, 47, 13, 58)",357,386,True,0.07512953367875648
591,strongly_correlated,20,186,"(36, 25, 33, 8, 29, 9, 6, 12, 19, 13, 13, 4, 38, 34, 17, 22, 8, 1, 11, 34)","(46, 35, 43, 18, 39, 19, 16, 22, 29, 23, 23, 14, 48, 44, 27, 32, 18, 11, 21, 44)",308,326,True,0.05521472392638037
592,strongly_correlated,20,249,"(5, 30, 33, 11, 5, 10, 46, 14, 44, 21, 49, 15, 1, 22, 23, 49, 19, 13, 47, 41)","(15, 40, 43, 21, 15, 20, 56, 24, 54, 31, 59, 25, 11, 32, 33, 59, 29, 23, 57, 51)",362,389,True,0.06940874035989718
593,strongly_correlated,20,268,"(21, 24, 23, 43, 6, 43, 32, 49, 45, 25, 46, 43, 27, 40, 1, 12, 10, 25, 18, 3)","(31, 34, 33, 53, 16, 53, 42, 59, 55, 35, 56, 53, 37, 50, 11, 22, 20, 35, 28, 13)",407,407,False,0.0
594,strongly_correlated,20,212,"(9, 31, 44, 40, 13, 19, 4, 3, 48, 40, 29, 43, 14, 1, 2, 6, 34, 12, 27, 4)","(19, 41, 54, 50, 23, 29, 14, 13, 58, 50, 39, 53, 24, 11, 12, 16, 44, 22, 37, 14)",358,358,False,0.0
595,strongly_correlated,20,310,"(23, 23, 42, 33, 47, 27, 1, 15, 33, 31, 45, 27, 21, 9, 27, 47, 47, 38, 35, 50)","(33, 33, 52, 43, 57, 37, 11, 25, 43, 41, 55, 37, 31, 19, 37, 57, 57, 48, 45, 60)",435,440,True,0.011363636363636364
596,strongly_correlated,20,240,"(26, 10, 12, 50, 10, 12, 44, 14, 48, 16, 28, 15, 3, 3, 35, 20, 45, 21, 29, 40)","(36, 20, 22, 60, 20, 22, 54, 24, 58, 26, 38, 25, 13, 13, 45, 30, 55, 31, 39, 50)",359,380,True,0.05526315789473684
597,strongly_correlated,20,237,"(7, 10, 17, 28, 7, 35, 26, 18, 39, 18, 26, 31, 39, 25, 30, 35, 16, 33, 32, 2)","(17, 20, 27, 38, 17, 45, 36, 28, 49, 28, 36, 41, 49, 35, 40, 45, 26, 43, 42, 12)",360,367,True,0.01907356948228883
598,strongly_correlated,20,272,"(7, 43, 47, 29, 34, 47, 7, 30, 24, 24, 21, 1, 22, 30, 24, 35, 33, 10, 38, 38)","(17, 53, 57, 39, 44, 57, 17, 40, 34, 34, 31, 11, 32, 40, 34, 45, 43, 20, 48, 48)",392,402,True,0.024875621890547265
599,strongly_correlated,20,198,"(46, 3, 22, 8, 38, 28, 4, 41, 20, 9, 17, 7, 4, 12, 8, 46, 20, 6, 37, 21)","(56, 13, 32, 18, 48, 38, 14, 51, 30, 19, 27, 17, 14, 22, 18, 56, 30, 16, 47, 31)",339,348,True,0.02586206896551724
600,strongly_correlated,20,263,"(17, 23, 41, 29, 10, 39, 7, 25, 26, 29, 28, 4, 45, 5, 36, 43, 1, 44, 49, 25)","(27, 33, 51, 39, 20, 49, 17, 35, 36, 39, 38, 14, 55, 15, 46, 53, 11, 54, 59, 35)",359,393,True,0.08651399491094147
601,strongly_correlated,20,290,"(13, 44, 37, 35, 47, 3, 7, 30, 47, 25, 32, 1, 3, 23, 30, 43, 43, 39, 43, 34)","(23, 54, 47, 45, 57, 13, 17, 40, 57, 35, 42, 11, 13, 33, 40, 53, 53, 49, 53, 44)",403,420,True,0.04047619047619048
602,strongly_correlated,20,276,"(26, 12, 22, 34, 48, 20, 30, 47, 39, 31, 25, 7, 35, 37, 3, 23, 29, 40, 29, 14)","(36, 22, 32, 44, 58, 30, 40, 57, 49, 41, 35, 17, 45, 47, 13, 33, 39, 50, 39, 24)",401,406,True,0.012315270935960592
603,strongly_correlated,20,290,"(11, 36, 37, 21, 29, 1, 37, 43, 34, 49, 4, 48, 5, 30, 4, 34, 44, 41, 30, 43)","(21, 46, 47, 31, 39, 11, 47, 53, 44, 59, 14, 58, 15, 40, 14, 44, 54, 51, 40, 53)",406,420,True,0.03333333333333333
604,strongly_correlated,20,277,"(5, 13, 25, 50, 24, 44, 37, 23, 48, 26, 30, 19, 44, 33, 13, 8, 33, 24, 32, 23)","(15, 23, 35, 60, 34, 54, 47, 33, 58, 36, 40, 29, 54, 43, 23, 18, 43, 34, 42, 33)",395,407,True,0.029484029484029485
605,strongly_correlated,20,215,"(12, 37, 28, 35, 32, 7, 4, 24, 16, 31, 40, 10, 39, 28, 5, 4, 31, 5, 4, 38)","(22, 47, 38, 45, 42, 17, 14, 34, 26, 41, 50, 20, 49, 38, 15, 14, 41, 15, 14, 48)",349,355,True,0.016901408450704224
606,strongly_correlated,20,270,"(48, 4, 24, 43, 28, 43, 23, 9, 30, 31, 29, 11, 43, 12, 42, 20, 2, 49, 22, 27)","(58, 14, 34, 53, 38, 53, 33, 19, 40, 41, 39, 21, 53, 22, 52, 30, 12, 59, 32, 37)",371,400,True,0.0725
607,strongly_correlated,20,211,"(45, 6, 49, 8, 9, 21, 3, 11, 33, 16, 1, 44, 11, 8, 29, 4, 29, 30, 46, 19)","(55, 16, 59, 18, 19, 31, 13, 21, 43, 26, 11, 54, 21, 18, 39, 14, 39, 40, 56, 29)",355,359,True,0.011142061281337047
608,strongly_correlated,20,274,"(9, 43, 14, 46, 32, 44, 39, 29, 36, 24, 43, 12, 21, 1, 41, 32, 25, 8, 24, 26)","(19, 53, 24, 56, 42, 54, 49, 39, 46, 34, 53, 22, 31, 11, 51, 42, 35, 18, 34, 36)",387,404,True,0.04207920792079208
609,strongly_correlated,20,250,"(41, 37, 20, 3, 12, 41, 42, 14, 15, 11, 20, 48, 1, 46, 4, 36, 23, 31, 24, 30)","(51, 47, 30, 13, 22, 51, 52, 24, 25, 21, 30, 58, 11, 56, 14, 46, 33, 41, 34, 40)",384,390,True,0.015384615384615385
610,strongly_correlated,20,227,"(29, 27, 20, 19, 24, 21, 13, 24, 44, 40, 4, 10, 1, 15, 18, 33, 38, 17, 9, 48)","(39, 37, 30, 29, 34, 31, 23, 34, 54, 50, 14, 20, 11, 25, 28, 43, 48, 27, 19, 58)",362,367,True,0.013623978201634877
611,strongly_correlated,20,276,"(35, 23, 41, 9, 41, 22, 36, 3, 40, 30, 13, 32, 36, 36, 41, 40, 11, 15, 38, 9)","(45, 33, 51, 19, 51, 32, 46, 13, 50, 40, 23, 42, 46, 46, 51, 50, 21, 25, 48, 19)",404,406,True,0.0049261083743842365
612,strongly_correlated,20,248,"(15, 14, 50, 36, 39, 38, 37, 49, 15, 7, 23, 20, 45, 11, 2, 5, 28, 32, 5, 26)","(25, 24, 60, 46, 49, 48, 47, 59, 25, 17, 33, 30, 55, 21, 12, 15, 38, 42, 15, 36)",379,388,True,0.023195876288659795
613,strongly_correlated,20,280,"(18, 9, 8, 50, 34, 30, 30, 31, 1, 7, 37, 48, 50, 33, 25, 31, 22, 8, 38, 50)","(28, 19, 18, 60, 44, 40, 40, 41, 11, 17, 47, 58, 60, 43, 35, 41, 32, 18, 48, 60)",383,410,True,0.06585365853658537
614,strongly_correlated,20,216,"(17, 15, 39, 44, 13, 6, 38, 8, 37, 7, 2, 44, 10, 13, 37, 9, 26, 30, 11, 25)","(27, 25, 49, 54, 23, 16, 48, 18, 47, 17, 12, 54, 20, 23, 47, 19, 36, 40, 21, 35)",332,356,True,0.06741573033707865
615,strongly_correlated,20,214,"(15, 25, 5, 43, 43, 12, 10, 19, 50, 22, 25, 2, 5, 36, 23, 13, 19, 30, 11, 20)","(25, 35, 15, 53, 53, 22, 20, 29, 60, 32, 35, 12, 15, 46, 33, 23, 29, 40, 21, 30)",341,354,True,0.03672316384180791
616,strongly_correlated,20,238,"(2, 45, 29, 34, 35, 12, 22, 34, 9, 13, 14, 19, 34, 13, 5, 42, 9, 22, 43, 41)","(12, 55, 39, 44, 45, 22, 32, 44, 19, 23, 24, 29, 44, 23, 15, 52, 19, 32, 53, 51)",377,378,True,0.0026455026455026454
617,strongly_correlated,20,271,"(45, 31, 30, 18, 21, 6, 42, 24, 2, 27, 29, 38, 13, 32, 50, 42, 13, 9, 30, 40)","(55, 41, 40, 28, 31, 16, 52, 34, 12, 37, 39, 48, 23, 42, 60, 52, 23, 19, 40, 50)",383,401,True,0.04488778054862843
618,strongly_correlated,20,224,"(30, 43, 12, 29, 8, 21, 45, 12, 45, 5, 4, 11, 48, 21, 11, 20, 17, 8, 10, 47)","(40, 53, 22, 39, 18, 31, 55, 22, 55, 15, 14, 21, 58, 31, 21, 30, 27, 18, 20, 57)",369,369,False,0.0
619,strongly_correlated,20,205,"(33, 1, 48, 10, 31, 42, 12, 35, 1, 37, 16, 9, 8, 9, 7, 28, 4, 5, 30, 44)","(43, 11, 58, 20, 41, 52, 22, 45, 11, 47, 26, 19, 18, 19, 17, 38, 14, 15, 40, 54)",354,354,False,0.0
620,strongly_correlated,20,254,"(15, 28, 33, 31, 39, 38, 44, 6, 49, 47, 50, 31, 13, 19, 4, 10, 16, 3, 8, 25)","(25, 38, 43, 41, 49, 48, 54, 16, 59, 57, 60, 41, 23, 29, 14, 20, 26, 13, 18, 35)",382,393,True,0.027989821882951654
621,strongly_correlated,20,336,"(21, 40, 40, 34, 23, 50, 23, 26, 49, 34, 37, 45, 47, 20, 44, 12, 45, 32, 29, 22)","(31, 50, 50, 44, 33, 60, 33, 36, 59, 44, 47, 55, 57, 30, 54, 22, 55, 42, 39, 32)",433,456,True,0.05043859649122807
622,strongly_correlated,20,260,"(19, 4, 50, 32, 42, 20, 1, 39, 28, 1, 26, 45, 21, 10, 36, 50, 37, 11, 4, 44)","(29, 14, 60, 42, 52, 30, 11, 49, 38, 11, 36, 55, 31, 20, 46, 60, 47, 21, 14, 54)",390,400,True,0.025
623,strongly_correlated,20,201,"(3, 25, 11, 50, 5, 25, 38, 4, 3, 7, 43, 17, 20, 45, 7, 19, 14, 4, 25, 37)","(13, 35, 21, 60, 15, 35, 48, 14, 13, 17, 53, 27, 30, 55, 17, 29, 24, 14, 35, 47)",339,351,True,0.03418803418803419
624,strongly_correlated,20,240,"(13, 3, 16, 14, 19, 37, 18, 22, 20, 34, 38, 42, 4, 21, 25, 40, 31, 43, 21, 19)","(23, 13, 26, 24, 29, 47, 28, 32, 30, 44, 48, 52, 14, 31, 35, 50, 41, 53, 31, 29)",345,370,True,0.06756756756756757
625,strongly_correlated,20,254,"(27, 17, 39, 39, 6, 17, 26, 21, 32, 40, 7, 46, 22, 7, 11, 8, 47, 23, 36, 38)","(37, 27, 49, 49, 16, 27, 36, 31, 42, 50, 17, 56, 32, 17, 21, 18, 57, 33, 46, 48)",354,384,True,0.078125
626,strongly_correlated,20,269,"(24, 50, 8, 15, 2, 43, 9, 41, 50, 21, 33, 25, 14, 1, 46, 32, 16, 39, 20, 49)","(34, 60, 18, 25, 12, 53, 19, 51, 60, 31, 43, 35, 24, 11, 56, 42, 26, 49, 30, 59)",399,409,True,0.02444987775061125
627,strongly_correlated,20,234,"(17, 47, 38, 7, 9, 15, 2, 16, 8, 27, 11, 14, 42, 33, 35, 29, 36, 46, 13, 22)","(27, 57, 48, 17, 19, 25, 12, 26, 18, 37, 21, 24, 52, 43, 45, 39, 46, 56, 23, 32)",363,374,True,0.029411764705882353
628,strongly_correlated,20,272,"(26, 6, 36, 36, 47, 8, 30, 10, 9, 36, 42, 29, 31, 25, 47, 31, 12, 28, 17, 38)","(36, 16, 46, 46, 57, 18, 40, 20, 19, 46, 52, 39, 41, 35, 57, 41, 22, 38, 27, 48)",392,402,True,0.024875621890547265
629,strongly_correlated,20,244,"(4, 21, 32, 38, 1, 39, 19, 1, 34, 30, 33, 23, 39, 5, 22, 27, 26, 48, 2, 44)","(14, 31, 42, 48, 11, 49, 29, 11, 44, 40, 43, 33, 49, 15, 32, 37, 36, 58, 12, 54)",343,374,True,0.08288770053475936
630,strongly_correlated,20,239,"(30, 10, 33, 6, 39, 24, 14, 17, 47, 11, 25, 39, 25, 38, 6, 14, 14, 25, 28, 33)","(40, 20, 43, 16, 49, 34, 24, 27, 57, 21, 35, 49, 35, 48, 16, 24, 24, 35, 38, 43)",349,369,True,0.05420054200542006
631,strongly_correlated,20,264,"(19, 22, 14, 12, 39, 9, 39, 14, 33, 41, 46, 19, 9, 10, 42, 24, 49, 15, 37, 35)","(29, 32, 24, 22, 49, 19, 49, 24, 43, 51, 56, 29, 19, 20, 52, 34, 59, 25, 47, 45)",365,394,True,0.07360406091370558
632,strongly_correlated,20,210,"(24, 15, 35, 3, 1, 20, 40, 6, 14, 18, 24, 30, 40, 42, 27, 40, 12, 11, 16, 1)","(34, 25, 45, 13, 11, 30, 50, 16, 24, 28, 34, 40, 50, 52, 37, 50, 22, 21, 26, 11)",332,350,True,0.05142857142857143
633,strongly_correlated,20,204,"(3, 24, 4, 23, 1, 6, 1, 24, 13, 12, 49, 48, 33, 29, 27, 33, 6, 49, 17, 7)","(13, 34, 14, 33, 11, 16, 11, 34, 23, 22, 59, 58, 43, 39, 37, 43, 16, 59, 27, 17)",347,353,True,0.0169971671388102
634,strongly_correlated,20,272,"(9, 15, 42, 48, 1, 38, 29, 34, 33, 15, 35, 50, 50, 9, 10, 25, 23, 34, 35, 9)","(19, 25, 52, 58, 11, 48, 39, 44, 43, 25, 45, 60, 60, 19, 20, 35, 33, 44, 45, 19)",376,402,True,0.06467661691542288
635,strongly_correlated,20,272,"(23, 23, 50, 49, 38, 30, 18, 29, 45, 5, 9, 39, 15, 37, 39, 16, 10, 17, 24, 28)","(33, 33, 60, 59, 48, 40, 28, 39, 55, 15, 19, 49, 25, 47, 49, 26, 20, 27, 34, 38)",377,402,True,0.06218905472636816
636,strongly_correlated,20,258,"(13, 1, 12, 44, 34, 34, 25, 28, 17, 50, 21, 26, 36, 36, 18, 47, 3, 24, 45, 2)","(23, 11, 22, 54, 44, 44, 35, 38, 27, 60, 31, 36, 46, 46, 28, 57, 13, 34, 55, 12)",398,398,False,0.0
637,strongly_correlated,20,263,"(32, 13, 18, 10, 4, 29, 26, 43, 5, 10, 44, 46, 12, 3, 50, 40, 44, 43, 17, 37)","(42, 23, 28, 20, 14, 39, 36, 53, 15, 20, 54, 56, 22, 13, 60, 50, 54, 53, 27, 47)",396,403,True,0.017369727047146403
638,strongly_correlated,20,314,"(41, 15, 31, 47, 23, 47, 25, 6, 47, 9, 21, 24, 3, 48, 50, 36, 48, 20, 49, 37)","(51, 25, 41, 57, 33, 57, 35, 16, 57, 19, 31, 34, 13, 58, 60, 46, 58, 30, 59, 47)",421,444,True,0.0518018018018018
639,strongly_correlated,20,274,"(46, 40, 26, 44, 42, 10, 24, 2, 33, 23, 10, 13, 48, 26, 11, 46, 36, 13, 50, 5)","(56, 50, 36, 54, 52, 20, 34, 12, 43, 33, 20, 23, 58, 36, 21, 56, 46, 23, 60, 15)",412,414,True,0.004830917874396135
640,strongly_correlated,20,246,"(2, 43, 30, 12, 4, 24, 49, 13, 43, 13, 18, 32, 25, 46, 25, 18, 26, 9, 40, 20)","(12, 53, 40, 22, 14, 34, 59, 23, 53, 23, 28, 42, 35, 56, 35, 28, 36, 19, 50, 30)",379,386,True,0.018134715025906734
641,strongly_correlated,20,301,"(25, 1, 38, 5, 28, 50, 49, 24, 34, 39, 45, 26, 3, 25, 26, 47, 28, 28, 37, 44)","(35, 11, 48, 15, 38, 60, 59, 34, 44, 49, 55, 36, 13, 35, 36, 57, 38, 38, 47, 54)",420,431,True,0.025522041763341066
642,strongly_correlated,20,278,"(43, 17, 27, 33, 38, 31, 50, 47, 6, 22, 27, 19, 35, 37, 24, 9, 27, 33, 27, 3)","(53, 27, 37, 43, 48, 41, 60, 57, 16, 32, 37, 29, 45, 47, 34, 19, 37, 43, 37, 13)",402,408,True,0.014705882352941176
643,strongly_correlated,20,240,"(36, 25, 49, 33, 22, 34, 13, 6, 19, 16, 23, 1, 25, 41, 13, 38, 24, 30, 3, 29)","(46, 35, 59, 43, 32, 44, 23, 16, 29, 26, 33, 11, 35, 51, 23, 48, 34, 40, 13, 39)",349,370,True,0.05675675675675676
644,strongly_correlated,20,297,"(32, 21, 28, 7, 40, 29, 38, 36, 35, 12, 14, 3, 24, 33, 32, 50, 41, 44, 47, 28)","(42, 31, 38, 17, 50, 39, 48, 46, 45, 22, 24, 13, 34, 43, 42, 60, 51, 54, 57, 38)",383,417,True,0.0815347721822542
645,strongly_correlated,20,219,"(13, 40, 10, 27, 50, 7, 19, 2, 31, 50, 14, 50, 20, 18, 2, 22, 17, 21, 18, 7)","(23, 50, 20, 37, 60, 17, 29, 12, 41, 60, 24, 60, 30, 28, 12, 32, 27, 31, 28, 17)",367,367,False,0.0
646,strongly_correlated,20,333,"(37, 38, 21, 47, 34, 40, 13, 46, 47, 35, 25, 48, 46, 24, 28, 11, 24, 36, 42, 24)","(47, 48, 31, 57, 44, 50, 23, 56, 57, 45, 35, 58, 56, 34, 38, 21, 34, 46, 52, 34)",432,453,True,0.046357615894039736
647,strongly_correlated,20,262,"(43, 35, 23, 42, 5, 25, 28, 49, 22, 7, 29, 31, 15, 19, 15, 16, 17, 41, 23, 40)","(53, 45, 33, 52, 15, 35, 38, 59, 32, 17, 39, 41, 25, 29, 25, 26, 27, 51, 33, 50)",374,392,True,0.04591836734693878
648,strongly_correlated,20,273,"(42, 12, 37, 21, 36, 50, 15, 8, 27, 46, 22, 32, 37, 32, 49, 38, 7, 5, 23, 7)","(52, 22, 47, 31, 46, 60, 25, 18, 37, 56, 32, 42, 47, 42, 59, 48, 17, 15, 33, 17)",377,403,True,0.06451612903225806
649,strongly_correlated,20,255,"(23, 15, 23, 29, 40, 39, 6, 44, 19, 3, 22, 49, 19, 27, 15, 20, 28, 39, 46, 4)","(33, 25, 33, 39, 50, 49, 16, 54, 29, 13, 32, 59, 29, 37, 25, 30, 38, 49, 56, 14)",393,393,False,0.0
650,strongly_correlated,20,266,"(21, 43, 44, 11, 26, 29, 29, 44, 32, 14, 9, 17, 36, 11, 31, 24, 6, 16, 38, 50)","(31, 53, 54, 21, 36, 39, 39, 54, 42, 24, 19, 27, 46, 21, 41, 34, 16, 26, 48, 60)",374,396,True,0.05555555555555555
651,strongly_correlated,20,231,"(3, 37, 9, 47, 3, 8, 45, 13, 3, 16, 19, 50, 14, 23, 37, 4, 38, 48, 44, 1)","(13, 47, 19, 57, 13, 18, 55, 23, 13, 26, 29, 60, 24, 33, 47, 14, 48, 58, 54, 11)",378,378,False,0.0
652,strongly_correlated,20,249,"(10, 34, 38, 34, 32, 47, 23, 5, 8, 46, 14, 3, 22, 29, 18, 43, 43, 29, 1, 19)","(20, 44, 48, 44, 42, 57, 33, 15, 18, 56, 24, 13, 32, 39, 28, 53, 53, 39, 11, 29)",387,389,True,0.005141388174807198
653,strongly_correlated,20,326,"(48, 32, 38, 11, 32, 18, 29, 46, 49, 44, 25, 30, 43, 36, 27, 36, 12, 29, 33, 34)","(58, 42, 48, 21, 42, 28, 39, 56, 59, 54, 35, 40, 53, 46, 37, 46, 22, 39, 43, 44)",432,446,True,0.03139013452914798
654,strongly_correlated,20,297,"(43, 37, 25, 41, 21, 47, 41, 41, 7, 39, 29, 32, 17, 44, 11, 30, 19, 46, 19, 5)","(53, 47, 35, 51, 31, 57, 51, 51, 17, 49, 39, 42, 27, 54, 21, 40, 29, 56, 29, 15)",421,427,True,0.01405152224824356
655,strongly_correlated,20,204,"(3, 13, 19, 1, 2, 13, 29, 2, 44, 35, 38, 21, 42, 9, 9, 6, 27, 36, 23, 35)","(13, 23, 29, 11, 12, 23, 39, 12, 54, 45, 48, 31, 52, 19, 19, 16, 37, 46, 33, 45)",317,344,True,0.07848837209302326
656,strongly_correlated,20,291,"(43, 46, 44, 29, 37, 7, 4, 35, 31, 5, 33, 39, 36, 6, 15, 40, 36, 43, 39, 14)","(53, 56, 54, 39, 47, 17, 14, 45, 41, 15, 43, 49, 46, 16, 25, 50, 46, 53, 49, 24)",418,421,True,0.007125890736342043
657,strongly_correlated,20,264,"(39, 21, 17, 21, 17, 41, 19, 28, 1, 49, 31, 47, 32, 31, 44, 32, 4, 4, 49, 1)","(49, 31, 27, 31, 27, 51, 29, 38, 11, 59, 41, 57, 42, 41, 54, 42, 14, 14, 59, 11)",399,399,False,0.0
658,strongly_correlated,20,202,"(10, 19, 5, 42, 34, 28, 44, 2, 26, 30, 3, 11, 15, 1, 26, 38, 4, 44, 19, 2)","(20, 29, 15, 52, 44, 38, 54, 12, 36, 40, 13, 21, 25, 11, 36, 48, 14, 54, 29, 12)",351,351,False,0.0
659,strongly_correlated,20,247,"(47, 19, 50, 31, 13, 1, 49, 12, 10, 38, 18, 25, 21, 26, 18, 5, 37, 25, 30, 19)","(57, 29, 60, 41, 23, 11, 59, 22, 20, 48, 28, 35, 31, 36, 28, 15, 47, 35, 40, 29)",382,387,True,0.012919896640826873
660,strongly_correlated,20,266,"(2, 44, 42, 49, 25, 17, 6, 11, 9, 43, 8, 36, 17, 25, 2, 46, 31, 35, 37, 46)","(12, 54, 52, 59, 35, 27, 16, 21, 19, 53, 18, 46, 27, 35, 12, 56, 41, 45, 47, 56)",401,406,True,0.012315270935960592
661,strongly_correlated,20,265,"(12, 27, 20, 6, 35, 48, 12, 21, 15, 29, 50, 39, 3, 13, 40, 26, 38, 34, 23, 39)","(22, 37, 30, 16, 45, 58, 22, 31, 25, 39, 60, 49, 13, 23, 50, 36, 48, 44, 33, 49)",371,395,True,0.060759493670886074
662,strongly_correlated,20,281,"(41, 8, 2, 16, 19, 17, 50, 18, 30, 42, 33, 43, 4, 39, 33, 37, 32, 36, 29, 33)","(51, 18, 12, 26, 29, 27, 60, 28, 40, 52, 43, 53, 14, 49, 43, 47, 42, 46, 39, 43)",404,411,True,0.0170316301703163
663,strongly_correlated,20,316,"(45, 40, 8, 29, 7, 50, 42, 34, 21, 7, 48, 42, 33, 28, 39, 28, 45, 13, 42, 30)","(55, 50, 18, 39, 17, 60, 52, 44, 31, 17, 58, 52, 43, 38, 49, 38, 55, 23, 52, 40)",397,436,True,0.08944954128440367
664,strongly_correlated,20,284,"(46, 33, 31, 41, 48, 38, 9, 27, 27, 9, 26, 3, 7, 24, 25, 46, 8, 37, 40, 44)","(56, 43, 41, 51, 58, 48, 19, 37, 37, 19, 36, 13, 17, 34, 35, 56, 18, 47, 50, 54)",396,414,True,0.043478260869565216
665,strongly_correlated,20,272,"(34, 40, 15, 33, 29, 24, 15, 32, 17, 6, 28, 41, 42, 50, 42, 17, 11, 14, 7, 48)","(44, 50, 25, 43, 39, 34, 25, 42, 27, 16, 38, 51, 52, 60, 52, 27, 21, 24, 17, 58)",378,402,True,0.05970149253731343
666,strongly_correlated,20,250,"(30, 25, 28, 19, 33, 1, 36, 36, 50, 46, 22, 8, 4, 10, 25, 41, 30, 38, 16, 2)","(40, 35, 38, 29, 43, 11, 46, 46, 60, 56, 32, 18, 14, 20, 35, 51, 40, 48, 26, 12)",350,380,True,0.07894736842105263
667,strongly_correlated,20,260,"(7, 36, 28, 43, 27, 23, 20, 24, 11, 6, 31, 41, 32, 21, 15, 11, 44, 34, 30, 36)","(17, 46, 38, 53, 37, 33, 30, 34, 21, 16, 41, 51, 42, 31, 25, 21, 54, 44, 40, 46)",384,390,True,0.015384615384615385
668,strongly_correlated,20,249,"(30, 8, 2, 28, 11, 3, 12, 36, 2, 40, 9, 46, 45, 48, 28, 43, 46, 24, 10, 27)","(40, 18, 12, 38, 21, 13, 22, 46, 12, 50, 19, 56, 55, 58, 38, 53, 56, 34, 20, 37)",370,389,True,0.04884318766066838
669,strongly_correlated,20,282,"(20, 39, 34, 32, 42, 13, 20, 20, 20, 46, 11, 35, 46, 41, 37, 28, 23, 24, 21, 12)","(30, 49, 44, 42, 52, 23, 30, 30, 30, 56, 21, 45, 56, 51, 47, 38, 33, 34, 31, 22)",408,411,True,0.0072992700729927005
670,strongly_correlated,20,224,"(37, 23, 48, 13, 27, 9, 25, 26, 17, 45, 18, 28, 1, 4, 8, 10, 43, 2, 27, 36)","(47, 33, 58, 23, 37, 19, 35, 36, 27, 55, 28, 38, 11, 14, 18, 20, 53, 12, 37, 46)",350,364,True,0.038461538461538464
671,strongly_correlated,20,222,"(38, 9, 25, 45, 30, 25, 22, 1, 30, 2, 8, 2, 17, 35, 26, 30, 42, 29, 17, 12)","(48, 19, 35, 55, 40, 35, 32, 11, 40, 12, 18, 12, 27, 45, 36, 40, 52, 39, 27, 22)",325,352,True,0.07670454545454546
672,strongly_correlated,20,208,"(2, 7, 14, 42, 12, 36, 38, 17, 6, 14, 2, 17, 1, 4, 12, 48, 32, 21, 43, 49)","(12, 17, 24, 52, 22, 46, 48, 27, 16, 24, 12, 27, 11, 14, 22, 58, 42, 31, 53, 59)",347,358,True,0.030726256983240222
673,strongly_correlated,20,252,"(34, 23, 29, 25, 12, 2, 24, 23, 25, 45, 15, 10, 11, 40, 9, 47, 33, 45, 20, 33)","(44, 33, 39, 35, 22, 12, 34, 33, 35, 55, 25, 20, 21, 50, 19, 57, 43, 55, 30, 43)",358,382,True,0.06282722513089005
674,strongly_correlated,20,218,"(26, 6, 6, 10, 41, 12, 19, 22, 5, 13, 49, 25, 39, 48, 13, 25, 12, 32, 13, 20)","(36, 16, 16, 20, 51, 22, 29, 32, 15, 23, 59, 35, 49, 58, 23, 35, 22, 42, 23, 30)",341,358,True,0.04748603351955307
675,strongly_correlated,20,268,"(14, 23, 26, 49, 19, 47, 41, 32, 20, 30, 25, 3, 40, 46, 5, 15, 4, 30, 25, 43)","(24, 33, 36, 59, 29, 57, 51, 42, 30, 40, 35, 13, 50, 56, 15, 25, 14, 40, 35, 53)",369,398,True,0.0728643216080402
676,strongly_correlated,20,275,"(2, 43, 40, 31, 48, 36, 36, 27, 47, 21, 26, 18, 23, 46, 23, 32, 31, 13, 5, 2)","(12, 53, 50, 41, 58, 46, 46, 37, 57, 31, 36, 28, 33, 56, 33, 42, 41, 23, 15, 12)",384,405,True,0.05185185185185185
677,strongly_correlated,20,281,"(41, 5, 42, 5, 44, 9, 31, 38, 30, 7, 31, 39, 49, 13, 49, 6, 26, 34, 19, 44)","(51, 15, 52, 15, 54, 19, 41, 48, 40, 17, 41, 49, 59, 23, 59, 16, 36, 44, 29, 54)",384,411,True,0.06569343065693431
678,strongly_correlated,20,228,"(8, 21, 1, 22, 1, 11, 31, 48, 46, 48, 3, 47, 47, 1, 9, 37, 7, 31, 3, 33)","(18, 31, 11, 32, 11, 21, 41, 58, 56, 58, 13, 57, 57, 11, 19, 47, 17, 41, 13, 43)",369,378,True,0.023809523809523808
679,strongly_correlated,20,240,"(42, 39, 35, 25, 23, 6, 34, 7, 36, 24, 14, 35, 27, 22, 45, 34, 23, 1, 4, 4)","(52, 49, 45, 35, 33, 16, 44, 17, 46, 34, 24, 45, 37, 32, 55, 44, 33, 11, 14, 14)",344,370,True,0.07027027027027027
680,strongly_correlated,20,306,"(40, 32, 38, 9, 33, 35, 23, 23, 46, 25, 34, 49, 21, 29, 9, 25, 42, 29, 37, 33)","(50, 42, 48, 19, 43, 45, 33, 33, 56, 35, 44, 59, 31, 39, 19, 35, 52, 39, 47, 43)",411,426,True,0.035211267605633804
681,strongly_correlated,20,272,"(27, 45, 21, 8, 30, 50, 25, 4, 31, 22, 2, 8, 34, 12, 46, 42, 39, 48, 11, 40)","(37, 55, 31, 18, 40, 60, 35, 14, 41, 32, 12, 18, 44, 22, 56, 52, 49, 58, 21, 50)",365,402,True,0.09203980099502487
682,strongly_correlated,20,274,"(34, 15, 13, 38, 4, 26, 43, 50, 38, 30, 27, 19, 15, 13, 27, 40, 11, 49, 17, 40)","(44, 25, 23, 48, 14, 36, 53, 60, 48, 40, 37, 29, 25, 23, 37, 50, 21, 59, 27, 50)",381,404,True,0.05693069306930693
683,strongly_correlated,20,238,"(26, 49, 3, 18, 13, 9, 7, 36, 4, 11, 33, 12, 50, 43, 28, 50, 30, 23, 27, 4)","(36, 59, 13, 28, 23, 19, 17, 46, 14, 21, 43, 22, 60, 53, 38, 60, 40, 33, 37, 14)",355,378,True,0.06084656084656084
684,strongly_correlated,20,296,"(25, 43, 39, 28, 34, 35, 29, 47, 17, 42, 29, 41, 31, 13, 48, 14, 20, 17, 10, 29)","(35, 53, 49, 38, 44, 45, 39, 57, 27, 52, 39, 51, 41, 23, 58, 24, 30, 27, 20, 39)",426,426,False,0.0
685,strongly_correlated,20,204,"(20, 6, 16, 1, 20, 39, 1, 10, 11, 40, 20, 33, 46, 42, 9, 2, 39, 17, 6, 30)","(30, 16, 26, 11, 30, 49, 11, 20, 21, 50, 30, 43, 56, 52, 19, 12, 49, 27, 16, 40)",352,352,False,0.0
686,strongly_correlated,20,322,"(34, 35, 19, 19, 44, 5, 25, 28, 43, 31, 19, 44, 8, 36, 47, 43, 34, 50, 46, 34)","(44, 45, 29, 29, 54, 15, 35, 38, 53, 41, 29, 54, 18, 46, 57, 53, 44, 60, 56, 44)",411,442,True,0.07013574660633484
687,strongly_correlated,20,246,"(26, 9, 40, 50, 31, 41, 1, 50, 7, 33, 15, 1, 27, 32, 26, 48, 8, 32, 6, 10)","(36, 19, 50, 60, 41, 51, 11, 60, 17, 43, 25, 11, 37, 42, 36, 58, 18, 42, 16, 20)",371,386,True,0.038860103626943004
688,strongly_correlated,20,232,"(48, 18, 21, 26, 16, 33, 45, 50, 10, 17, 13, 5, 2, 30, 8, 9, 31, 33, 30, 20)","(58, 28, 31, 36, 26, 43, 55, 60, 20, 27, 23, 15, 12, 40, 18, 19, 41, 43, 40, 30)",365,372,True,0.01881720430107527
689,strongly_correlated,20,248,"(39, 11, 22, 1, 31, 38, 36, 22, 45, 14, 6, 11, 27, 31, 7, 38, 26, 50, 5, 35)","(49, 21, 32, 11, 41, 48, 46, 32, 55, 24, 16, 21, 37, 41, 17, 48, 36, 60, 15, 45)",344,378,True,0.08994708994708994
690,strongly_correlated,20,282,"(21, 47, 30, 12, 31, 47, 5, 9, 38, 20, 42, 3, 48, 39, 44, 40, 32, 5, 14, 38)","(31, 57, 40, 22, 41, 57, 15, 19, 48, 30, 52, 13, 58, 49, 54, 50, 42, 15, 24, 48)",388,412,True,0.05825242718446602
691,strongly_correlated,20,262,"(45, 10, 9, 7, 29, 19, 21, 42, 13, 41, 20, 24, 42, 39, 7, 44, 18, 23, 43, 29)","(55, 20, 19, 17, 39, 29, 31, 52, 23, 51, 30, 34, 52, 49, 17, 54, 28, 33, 53, 39)",359,392,True,0.08418367346938775
692,strongly_correlated,20,228,"(2, 42, 9, 36, 30, 33, 12, 29, 3, 2, 2, 50, 39, 15, 14, 15, 36, 18, 40, 28)","(12, 52, 19, 46, 40, 43, 22, 39, 13, 12, 12, 60, 49, 25, 24, 25, 46, 28, 50, 38)",352,368,True,0.043478260869565216
693,strongly_correlated,20,224,"(31, 16, 38, 43, 23, 10, 24, 1, 15, 3, 6, 2, 47, 32, 44, 17, 35, 20, 14, 27)","(41, 26, 48, 53, 33, 20, 34, 11, 25, 13, 16, 12, 57, 42, 54, 27, 45, 30, 24, 37)",349,364,True,0.04120879120879121
694,strongly_correlated,20,260,"(45, 31, 18, 50, 45, 7, 29, 28, 19, 19, 4, 46, 4, 17, 47, 24, 30, 24, 32, 1)","(55, 41, 28, 60, 55, 17, 39, 38, 29, 29, 14, 56, 14, 27, 57, 34, 40, 34, 42, 11)",395,399,True,0.010025062656641603
695,strongly_correlated,20,275,"(22, 47, 16, 35, 24, 36, 28, 47, 17, 20, 10, 24, 1, 30, 20, 47, 37, 50, 13, 26)","(32, 57, 26, 45, 34, 46, 38, 57, 27, 30, 20, 34, 11, 40, 30, 57, 47, 60, 23, 36)",381,405,True,0.05925925925925926
696,strongly_correlated,20,239,"(11, 16, 29, 41, 40, 32, 16, 19, 29, 11, 28, 21, 44, 22, 33, 1, 8, 6, 43, 28)","(21, 26, 39, 51, 50, 42, 26, 29, 39, 21, 38, 31, 54, 32, 43, 11, 18, 16, 53, 38)",346,369,True,0.06233062330623306
697,strongly_correlated,20,240,"(9, 36, 4, 18, 50, 44, 6, 21, 30, 17, 43, 12, 5, 24, 33, 35, 1, 30, 15, 47)","(19, 46, 14, 28, 60, 54, 16, 31, 40, 27, 53, 22, 15, 34, 43, 45, 11, 40, 25, 57)",365,380,True,0.039473684210526314
698,strongly_correlated,20,254,"(24, 31, 28, 29, 9, 35, 17, 9, 29, 34, 48, 10, 29, 41, 15, 17, 2, 35, 42, 23)","(34, 41, 38, 39, 19, 45, 27, 19, 39, 44, 58, 20, 39, 51, 25, 27, 12, 45, 52, 33)",371,384,True,0.033854166666666664
699,strongly_correlated,20,201,"(24, 16, 42, 4, 35, 5, 10, 2, 2, 27, 3, 11, 45, 44, 31, 10, 14, 34, 39, 4)","(34, 26, 52, 14, 45, 15, 20, 12, 12, 37, 13, 21, 55, 54, 41, 20, 24, 44, 49, 14)",347,351,True,0.011396011396011397
700,strongly_correlated,20,244,"(11, 13, 29, 45, 14, 34, 40, 21, 1, 39, 36, 6, 38, 11, 16, 22, 41, 19, 12, 40)","(21, 23, 39, 55, 24, 44, 50, 31, 11, 49, 46, 16, 48, 21, 26, 32, 51, 29, 22, 50)",339,374,True,0.09358288770053476
701,strongly_correlated,20,240,"(48, 18, 32, 7, 8, 36, 38, 16, 35, 15, 31, 35, 35, 3, 19, 12, 39, 8, 10, 36)","(58, 28, 42, 17, 18, 46, 48, 26, 45, 25, 41, 45, 45, 13, 29, 22, 49, 18, 20, 46)",344,370,True,0.07027027027027027
702,strongly_correlated,20,262,"(49, 49, 7, 9, 2, 50, 18, 13, 46, 19, 30, 37, 27, 5, 18, 16, 48, 37, 12, 31)","(59, 59, 17, 19, 12, 60, 28, 23, 56, 29, 40, 47, 37, 15, 28, 26, 58, 47, 22, 41)",384,402,True,0.04477611940298507
703,strongly_correlated,20,210,"(4, 21, 10, 31, 42, 16, 27, 5, 22, 7, 1, 34, 26, 15, 47, 35, 22, 26, 11, 17)","(14, 31, 20, 41, 52, 26, 37, 15, 32, 17, 11, 44, 36, 25, 57, 45, 32, 36, 21, 27)",343,349,True,0.017191977077363897
704,strongly_correlated,20,238,"(40, 24, 46, 48, 37, 20, 25, 27, 11, 21, 29, 24, 12, 11, 24, 2, 6, 47, 13, 8)","(50, 34, 56, 58, 47, 30, 35, 37, 21, 31, 39, 34, 22, 21, 34, 12, 16, 57, 23, 18)",368,378,True,0.026455026455026454
705,strongly_correlated,20,268,"(50, 17, 1, 19, 20, 43, 28, 31, 20, 15, 34, 47, 47, 1, 27, 44, 7, 6, 30, 49)","(60, 27, 11, 29, 30, 53, 38, 41, 30, 25, 44, 57, 57, 11, 37, 54, 17, 16, 40, 59)",396,408,True,0.029411764705882353
706,strongly_correlated,20,283,"(40, 17, 43, 43, 48, 33, 37, 36, 31, 8, 37, 36, 39, 27, 3, 18, 24, 21, 15, 10)","(50, 27, 53, 53, 58, 43, 47, 46, 41, 18, 47, 46, 49, 37, 13, 28, 34, 31, 25, 20)",409,413,True,0.009685230024213076
707,strongly_correlated,20,287,"(2, 39, 41, 22, 33, 48, 35, 30, 43, 1, 33, 34, 36, 43, 20, 8, 32, 30, 3, 41)","(12, 49, 51, 32, 43, 58, 45, 40, 53, 11, 43, 44, 46, 53, 30, 18, 42, 40, 13, 51)",413,417,True,0.009592326139088728
708,strongly_correlated,20,258,"(8, 48, 42, 23, 19, 9, 23, 50, 39, 28, 25, 14, 39, 42, 21, 16, 26, 3, 13, 27)","(18, 58, 52, 33, 29, 19, 33, 60, 49, 38, 35, 24, 49, 52, 31, 26, 36, 13, 23, 37)",395,395,False,0.0
709,strongly_correlated,20,219,"(35, 45, 18, 4, 16, 7, 12, 8, 32, 25, 4, 1, 27, 48, 35, 35, 16, 24, 5, 41)","(45, 55, 28, 14, 26, 17, 22, 18, 42, 35, 14, 11, 37, 58, 45, 45, 26, 34, 15, 51)",339,359,True,0.055710306406685235
710,strongly_correlated,20,282,"(25, 44, 36, 29, 45, 14, 29, 19, 35, 3, 22, 20, 41, 28, 28, 45, 1, 31, 33, 35)","(35, 54, 46, 39, 55, 24, 39, 29, 45, 13, 32, 30, 51, 38, 38, 55, 11, 41, 43, 45)",412,412,False,0.0
711,strongly_correlated,20,235,"(40, 32, 26, 45, 28, 23, 15, 28, 16, 15, 18, 31, 41, 22, 10, 7, 43, 3, 26, 1)","(50, 42, 36, 55, 38, 33, 25, 38, 26, 25, 28, 41, 51, 32, 20, 17, 53, 13, 36, 11)",340,365,True,0.0684931506849315
712,strongly_correlated,20,260,"(19, 40, 32, 32, 6, 45, 28, 13, 4, 42, 19, 29, 45, 18, 36, 13, 43, 45, 1, 9)","(29, 50, 42, 42, 16, 55, 38, 23, 14, 52, 29, 39, 55, 28, 46, 23, 53, 55, 11, 19)",399,399,False,0.0
713,strongly_correlated,20,264,"(25, 41, 19, 24, 31, 44, 26, 43, 5, 17, 39, 29, 24, 44, 6, 44, 34, 15, 3, 15)","(35, 51, 29, 34, 41, 54, 36, 53, 15, 27, 49, 39, 34, 54, 16, 54, 44, 25, 13, 25)",369,394,True,0.06345177664974619
714,strongly_correlated,20,240,"(50, 8, 5, 21, 8, 20, 27, 47, 5, 36, 4, 15, 12, 42, 10, 44, 36, 50, 27, 14)","(60, 18, 15, 31, 18, 30, 37, 57, 15, 46, 14, 25, 22, 52, 20, 54, 46, 60, 37, 24)",352,380,True,0.07368421052631578
715,strongly_correlated,20,262,"(33, 5, 10, 16, 6, 4, 39, 9, 23, 46, 43, 46, 26, 28, 33, 38, 15, 36, 31, 36)","(43, 15, 20, 26, 16, 14, 49, 19, 33, 56, 53, 56, 36, 38, 43, 48, 25, 46, 41, 46)",369,392,True,0.058673469387755105
716,strongly_correlated,20,268,"(11, 30, 48, 16, 9, 8, 44, 32, 11, 39, 29, 38, 47, 41, 33, 29, 5, 38, 2, 26)","(21, 40, 58, 26, 19, 18, 54, 42, 21, 49, 39, 48, 57, 51, 43, 39, 15, 48, 12, 36)",371,398,True,0.0678391959798995
717,strongly_correlated,20,279,"(16, 44, 10, 50, 39, 15, 32, 16, 5, 2, 39, 23, 4, 38, 23, 42, 46, 49, 37, 28)","(26, 54, 20, 60, 49, 25, 42, 26, 15, 12, 49, 33, 14, 48, 33, 52, 56, 59, 47, 38)",379,409,True,0.07334963325183375
718,strongly_correlated,20,329,"(17, 49, 41, 15, 31, 28, 9, 26, 45, 27, 43, 35, 19, 31, 50, 48, 42, 35, 24, 43)","(27, 59, 51, 25, 41, 38, 19, 36, 55, 37, 53, 45, 29, 41, 60, 58, 52, 45, 34, 53)",417,449,True,0.07126948775055679
719,strongly_correlated,20,328,"(18, 45, 8, 44, 12, 33, 18, 40, 27, 43, 22, 42, 28, 45, 42, 35, 35, 45, 33, 41)","(28, 55, 18, 54, 22, 43, 28, 50, 37, 53, 32, 52, 38, 55, 52, 45, 45, 55, 43, 51)",429,448,True,0.04241071428571429
720,strongly_correlated,20,268,"(48, 10, 1, 48, 13, 50, 29, 30, 6, 31, 3, 39, 29, 49, 40, 28, 20, 20, 20, 23)","(58, 20, 11, 58, 23, 60, 39, 40, 16, 41, 13, 49, 39, 59, 50, 38, 30, 30, 30, 33)",403,403,False,0.0
721,strongly_correlated,20,270,"(10, 47, 27, 12, 49, 46, 23, 31, 41, 27, 38, 30, 10, 23, 16, 20, 1, 46, 13, 29)","(20, 57, 37, 22, 59, 56, 33, 41, 51, 37, 48, 40, 20, 33, 26, 30, 11, 56, 23, 39)",371,400,True,0.0725
722,strongly_correlated,20,261,"(40, 45, 10, 12, 20, 35, 28, 18, 10, 18, 15, 48, 47, 40, 42, 35, 17, 12, 11, 19)","(50, 55, 20, 22, 30, 45, 38, 28, 20, 28, 25, 58, 57, 50, 52, 45, 27, 22, 21, 29)",400,400,False,0.0
723,strongly_correlated,20,269,"(35, 12, 14, 18, 13, 48, 17, 18, 49, 37, 10, 30, 4, 44, 46, 46, 32, 28, 35, 2)","(45, 22, 24, 28, 23, 58, 27, 28, 59, 47, 20, 40, 14, 54, 56, 56, 42, 38, 45, 12)",408,408,False,0.0
724,strongly_correlated,20,256,"(47, 19, 49, 3, 46, 8, 44, 19, 13, 28, 22, 8, 13, 43, 38, 27, 17, 24, 26, 19)","(57, 29, 59, 13, 56, 18, 54, 29, 23, 38, 32, 18, 23, 53, 48, 37, 27, 34, 36, 29)",386,396,True,0.025252525252525252
725,strongly_correlated,20,200,"(6, 32, 4, 1, 36, 35, 21, 36, 9, 44, 14, 22, 16, 27, 31, 8, 14, 2, 5, 36)","(16, 42, 14, 11, 46, 45, 31, 46, 19, 54, 24, 32, 26, 37, 41, 18, 24, 12, 15, 46)",320,340,True,0.058823529411764705
726,strongly_correlated,20,230,"(17, 49, 23, 27, 5, 26, 41, 10, 6, 31, 3, 41, 36, 33, 3, 42, 3, 18, 35, 12)","(27, 59, 33, 37, 15, 36, 51, 20, 16, 41, 13, 51, 46, 43, 13, 52, 13, 28, 45, 22)",357,370,True,0.03513513513513514
727,strongly_correlated,20,258,"(34, 11, 34, 4, 45, 44, 31, 11, 39, 34, 5, 19, 22, 10, 45, 16, 50, 15, 40, 7)","(44, 21, 44, 14, 55, 54, 41, 21, 49, 44, 15, 29, 32, 20, 55, 26, 60, 25, 50, 17)",393,398,True,0.01256281407035176
728,strongly_correlated,20,256,"(3, 29, 40, 46, 36, 41, 7, 45, 1, 23, 22, 45, 10, 40, 23, 5, 23, 5, 33, 36)","(13, 39, 50, 56, 46, 51, 17, 55, 11, 33, 32, 55, 20, 50, 33, 15, 33, 15, 43, 46)",396,396,False,0.0
729,strongly_correlated,20,268,"(45, 21, 19, 37, 44, 7, 50, 38, 16, 23, 11, 6, 30, 49, 31, 13, 39, 8, 41, 8)","(55, 31, 29, 47, 54, 17, 60, 48, 26, 33, 21, 16, 40, 59, 41, 23, 49, 18, 51, 18)",408,408,False,0.0
730,strongly_correlated,20,277,"(20, 8, 40, 19, 38, 35, 41, 32, 11, 11, 19, 19, 43, 16, 46, 30, 41, 44, 40, 1)","(30, 18, 50, 29, 48, 45, 51, 42, 21, 21, 29, 29, 53, 26, 56, 40, 51, 54, 50, 11)",389,407,True,0.044226044226044224
731,strongly_correlated,20,282,"(47, 5, 45, 35, 7, 1, 25, 29, 7, 44, 49, 33, 25, 38, 17, 34, 36, 18, 18, 50)","(57, 15, 55, 45, 17, 11, 35, 39, 17, 54, 59, 43, 35, 48, 27, 44, 46, 28, 28, 60)",384,412,True,0.06796116504854369
732,strongly_correlated,20,280,"(43, 8, 25, 42, 41, 41, 16, 5, 47, 7, 34, 26, 10, 50, 43, 39, 6, 12, 42, 23)","(53, 18, 35, 52, 51, 51, 26, 15, 57, 17, 44, 36, 20, 60, 53, 49, 16, 22, 52, 33)",382,410,True,0.06829268292682927
733,strongly_correlated,20,306,"(27, 41, 29, 9, 50, 35, 10, 41, 48, 29, 8, 48, 15, 20, 14, 50, 14, 25, 50, 50)","(37, 51, 39, 19, 60, 45, 20, 51, 58, 39, 18, 58, 25, 30, 24, 60, 24, 35, 60, 60)",406,436,True,0.06880733944954129
734,strongly_correlated,20,275,"(44, 22, 17, 44, 50, 23, 36, 42, 12, 4, 33, 23, 47, 7, 44, 2, 12, 7, 47, 34)","(54, 32, 27, 54, 60, 33, 46, 52, 22, 14, 43, 33, 57, 17, 54, 12, 22, 17, 57, 44)",414,414,False,0.0
735,strongly_correlated,20,194,"(28, 9, 2, 35, 32, 5, 13, 4, 21, 36, 6, 2, 47, 7, 26, 13, 37, 10, 25, 29)","(38, 19, 12, 45, 42, 15, 23, 14, 31, 46, 16, 12, 57, 17, 36, 23, 47, 20, 35, 39)",311,334,True,0.0688622754491018
736,strongly_correlated,20,230,"(17, 5, 5, 3, 32, 7, 25, 34, 5, 47, 33, 19, 10, 20, 50, 22, 47, 4, 45, 29)","(27, 15, 15, 13, 42, 17, 35, 44, 15, 57, 43, 29, 20, 30, 60, 32, 57, 14, 55, 39)",343,370,True,0.07297297297297298
737,strongly_correlated,20,238,"(1, 37, 13, 1, 13, 13, 22, 47, 18, 49, 37, 32, 7, 37, 44, 5, 18, 28, 16, 38)","(11, 47, 23, 11, 23, 23, 32, 57, 28, 59, 47, 42, 17, 47, 54, 15, 28, 38, 26, 48)",364,378,True,0.037037037037037035
738,strongly_correlated,20,206,"(11, 6, 17, 48, 11, 9, 41, 19, 21, 37, 5, 26, 9, 48, 12, 2, 45, 22, 4, 20)","(21, 16, 27, 58, 21, 19, 51, 29, 31, 47, 15, 36, 19, 58, 22, 12, 55, 32, 14, 30)",344,355,True,0.030985915492957747
739,strongly_correlated,20,278,"(13, 48, 45, 23, 31, 46, 12, 43, 9, 3, 5, 26, 26, 14, 12, 47, 27, 49, 41, 35)","(23, 58, 55, 33, 41, 56, 22, 53, 19, 13, 15, 36, 36, 24, 22, 57, 37, 59, 51, 45)",417,417,False,0.0
740,strongly_correlated,20,244,"(37, 50, 3, 19, 16, 11, 5, 46, 7, 50, 16, 16, 20, 11, 36, 48, 24, 47, 14, 11)","(47, 60, 13, 29, 26, 21, 15, 56, 17, 60, 26, 26, 30, 21, 46, 58, 34, 57, 24, 21)",349,384,True,0.09114583333333333
741,strongly_correlated,20,232,"(15, 34, 47, 2, 27, 30, 23, 6, 50, 7, 14, 45, 19, 21, 42, 1, 31, 13, 9, 29)","(25, 44, 57, 12, 37, 40, 33, 16, 60, 17, 24, 55, 29, 31, 52, 11, 41, 23, 19, 39)",356,372,True,0.043010752688172046
742,strongly_correlated,20,270,"(27, 20, 9, 38, 8, 47, 39, 41, 4, 28, 12, 18, 28, 41, 6, 41, 23, 48, 49, 14)","(37, 30, 19, 48, 18, 57, 49, 51, 14, 38, 22, 28, 38, 51, 16, 51, 33, 58, 59, 24)",365,400,True,0.0875
743,strongly_correlated,20,264,"(45, 19, 38, 3, 2, 26, 28, 47, 22, 16, 20, 36, 48, 17, 44, 18, 39, 6, 48, 5)","(55, 29, 48, 13, 12, 36, 38, 57, 32, 26, 30, 46, 58, 27, 54, 28, 49, 16, 58, 15)",396,404,True,0.019801980198019802
744,strongly_correlated,20,186,"(20, 35, 22, 34, 7, 1, 23, 21, 21, 17, 19, 11, 19, 18, 9, 9, 21, 8, 36, 21)","(30, 45, 32, 44, 17, 11, 33, 31, 31, 27, 29, 21, 29, 28, 19, 19, 31, 18, 46, 31)",310,316,True,0.0189873417721519
745,strongly_correlated,20,316,"(15, 45, 43, 36, 24, 11, 2, 27, 35, 26, 26, 28, 41, 42, 37, 34, 31, 39, 47, 44)","(25, 55, 53, 46, 34, 21, 12, 37, 45, 36, 36, 38, 51, 52, 47, 44, 41, 49, 57, 54)",415,436,True,0.0481651376146789
746,strongly_correlated,20,320,"(28, 33, 11, 26, 30, 37, 48, 33, 42, 43, 13, 46, 45, 45, 15, 11, 49, 41, 22, 23)","(38, 43, 21, 36, 40, 47, 58, 43, 52, 53, 23, 56, 55, 55, 25, 21, 59, 51, 32, 33)",402,440,True,0.08636363636363636
747,strongly_correlated,20,260,"(20, 41, 8, 50, 29, 18, 19, 33, 34, 28, 50, 45, 13, 44, 1, 6, 22, 28, 15, 17)","(30, 51, 18, 60, 39, 28, 29, 43, 44, 38, 60, 55, 23, 54, 11, 16, 32, 38, 25, 27)",397,398,True,0.002512562814070352
748,strongly_correlated,20,258,"(5, 12, 21, 20, 25, 3, 22, 29, 22, 44, 27, 43, 36, 38, 1, 43, 43, 31, 44, 8)","(15, 22, 31, 30, 35, 13, 32, 39, 32, 54, 37, 53, 46, 48, 11, 53, 53, 41, 54, 18)",356,388,True,0.08247422680412371
749,strongly_correlated,20,304,"(49, 30, 44, 29, 49, 42, 11, 28, 21, 44, 41, 2, 49, 33, 30, 43, 17, 2, 40, 5)","(59, 40, 54, 39, 59, 52, 21, 38, 31, 54, 51, 12, 59, 43, 40, 53, 27, 12, 50, 15)",419,434,True,0.03456221198156682
750,strongly_correlated,20,218,"(21, 28, 9, 16, 30, 38, 8, 3, 7, 41, 45, 20, 40, 23, 17, 7, 27, 27, 25, 4)","(31, 38, 19, 26, 40, 48, 18, 13, 17, 51, 55, 30, 50, 33, 27, 17, 37, 37, 35, 14)",354,358,True,0.0111731843575419
751,strongly_correlated,20,294,"(49, 47, 34, 8, 21, 28, 36, 50, 22, 35, 13, 48, 2, 42, 8, 49, 15, 9, 35, 38)","(59, 57, 44, 18, 31, 38, 46, 60, 32, 45, 23, 58, 12, 52, 18, 59, 25, 19, 45, 48)",396,424,True,0.0660377358490566
752,strongly_correlated,20,271,"(34, 47, 3, 22, 26, 6, 42, 47, 47, 17, 10, 20, 25, 6, 22, 48, 30, 47, 31, 12)","(44, 57, 13, 32, 36, 16, 52, 57, 57, 27, 20, 30, 35, 16, 32, 58, 40, 57, 41, 22)",404,404,False,0.0
753,strongly_correlated,20,264,"(49, 24, 5, 21, 43, 11, 3, 35, 43, 43, 4, 31, 27, 30, 18, 45, 43, 2, 47, 3)","(59, 34, 15, 31, 53, 21, 13, 45, 53, 53, 14, 41, 37, 40, 28, 55, 53, 12, 57, 13)",397,403,True,0.01488833746898263
754,strongly_correlated,20,226,"(12, 48, 32, 9, 41, 12, 8, 43, 8, 2, 16, 10, 47, 33, 6, 14, 45, 30, 7, 28)","(22, 58, 42, 19, 51, 22, 18, 53, 18, 12, 26, 20, 57, 43, 16, 24, 55, 40, 17, 38)",334,366,True,0.08743169398907104
755,strongly_correlated,20,262,"(34, 26, 22, 20, 5, 20, 39, 24, 14, 23, 47, 1, 19, 47, 48, 42, 27, 29, 17, 20)","(44, 36, 32, 30, 15, 30, 49, 34, 24, 33, 57, 11, 29, 57, 58, 52, 37, 39, 27, 30)",368,392,True,0.061224489795918366
756,strongly_correlated,20,250,"(30, 18, 40, 39, 24, 47, 7, 7, 15, 36, 38, 12, 21, 50, 26, 16, 12, 24, 35, 4)","(40, 28, 50, 49, 34, 57, 17, 17, 25, 46, 48, 22, 31, 60, 36, 26, 22, 34, 45, 14)",346,380,True,0.08947368421052632
757,strongly_correlated,20,266,"(26, 35, 12, 30, 13, 29, 19, 27, 50, 12, 17, 49, 20, 21, 33, 2, 31, 16, 44, 47)","(36, 45, 22, 40, 23, 39, 29, 37, 60, 22, 27, 59, 30, 31, 43, 12, 41, 26, 54, 57)",374,396,True,0.05555555555555555
758,strongly_correlated,20,306,"(22, 5, 34, 44, 17, 33, 49, 32, 43, 35, 27, 48, 47, 1, 27, 42, 31, 43, 15, 18)","(32, 15, 44, 54, 27, 43, 59, 42, 53, 45, 37, 58, 57, 11, 37, 52, 41, 53, 25, 28)",427,436,True,0.020642201834862386
759,strongly_correlated,20,199,"(4, 35, 5, 21, 50, 13, 29, 8, 31, 33, 38, 2, 1, 46, 37, 24, 6, 2, 12, 1)","(14, 45, 15, 31, 60, 23, 39, 18, 41, 43, 48, 12, 11, 56, 47, 34, 16, 12, 22, 11)",342,349,True,0.02005730659025788
760,strongly_correlated,20,242,"(9, 7, 22, 7, 14, 1, 25, 42, 22, 36, 35, 31, 30, 35, 42, 41, 14, 23, 12, 36)","(19, 17, 32, 17, 24, 11, 35, 52, 32, 46, 45, 41, 40, 45, 52, 51, 24, 33, 22, 46)",347,372,True,0.06720430107526881
761,strongly_correlated,20,282,"(15, 40, 50, 44, 15, 40, 17, 38, 21, 49, 8, 38, 22, 14, 1, 7, 36, 43, 46, 20)","(25, 50, 60, 54, 25, 50, 27, 48, 31, 59, 18, 48, 32, 24, 11, 17, 46, 53, 56, 30)",382,412,True,0.07281553398058252
762,strongly_correlated,20,210,"(41, 24, 11, 25, 16, 50, 6, 22, 14, 42, 13, 2, 16, 48, 8, 7, 11, 45, 4, 14)","(51, 34, 21, 35, 26, 60, 16, 32, 24, 52, 23, 12, 26, 58, 18, 17, 21, 55, 14, 24)",343,360,True,0.04722222222222222
763,strongly_correlated,20,295,"(40, 2, 32, 8, 4, 33, 7, 48, 21, 34, 43, 46, 10, 45, 45, 47, 41, 35, 9, 40)","(50, 12, 42, 18, 14, 43, 17, 58, 31, 44, 53, 56, 20, 55, 55, 57, 51, 45, 19, 50)",405,425,True,0.047058823529411764
764,strongly_correlated,20,252,"(43, 11, 5, 27, 41, 33, 26, 33, 16, 9, 50, 18, 3, 9, 50, 31, 23, 27, 8, 42)","(53, 21, 15, 37, 51, 43, 36, 43, 26, 19, 60, 28, 13, 19, 60, 41, 33, 37, 18, 52)",386,392,True,0.015306122448979591
765,strongly_correlated,20,234,"(3, 31, 16, 27, 18, 12, 12, 7, 34, 39, 48, 50, 49, 4, 40, 26, 4, 17, 12, 18)","(13, 41, 26, 37, 28, 22, 22, 17, 44, 49, 58, 60, 59, 14, 50, 36, 14, 27, 22, 28)",347,374,True,0.07219251336898395
766,strongly_correlated,20,306,"(18, 15, 23, 18, 22, 45, 46, 10, 20, 36, 33, 7, 22, 47, 50, 48, 42, 43, 37, 30)","(28, 25, 33, 28, 32, 55, 56, 20, 30, 46, 43, 17, 32, 57, 60, 58, 52, 53, 47, 40)",421,436,True,0.034403669724770644
767,strongly_correlated,20,261,"(47, 7, 7, 41, 31, 14, 45, 30, 19, 10, 23, 38, 40, 28, 31, 22, 21, 36, 17, 15)","(57, 17, 17, 51, 41, 24, 55, 40, 29, 20, 33, 48, 50, 38, 41, 32, 31, 46, 27, 25)",374,391,True,0.043478260869565216
768,strongly_correlated,20,234,"(6, 17, 30, 19, 15, 32, 10, 41, 48, 36, 1, 48, 13, 3, 19, 8, 14, 44, 18, 45)","(16, 27, 40, 29, 25, 42, 20, 51, 58, 46, 11, 58, 23, 13, 29, 18, 24, 54, 28, 55)",345,374,True,0.07754010695187166
769,strongly_correlated,20,230,"(1, 11, 40, 41, 7, 35, 23, 1, 35, 33, 11, 45, 5, 14, 37, 28, 2, 37, 39, 16)","(11, 21, 50, 51, 17, 45, 33, 11, 45, 43, 21, 55, 15, 24, 47, 38, 12, 47, 49, 26)",362,370,True,0.021621621621621623
770,strongly_correlated,20,308,"(25, 12, 50, 29, 50, 9, 48, 3, 22, 3, 38, 34, 42, 45, 45, 47, 14, 26, 27, 48)","(35, 22, 60, 39, 60, 19, 58, 13, 32, 13, 48, 44, 52, 55, 55, 57, 24, 36, 37, 58)",414,438,True,0.0547945205479452
771,strongly_correlated,20,252,"(25, 10, 12, 30, 25, 5, 20, 20, 37, 10, 35, 23, 25, 43, 39, 1, 45, 46, 3, 49)","(35, 20, 22, 40, 35, 15, 30, 30, 47, 20, 45, 33, 35, 53, 49, 11, 55, 56, 13, 59)",384,392,True,0.02040816326530612
772,strongly_correlated,20,245,"(7, 36, 22, 44, 4, 13, 10, 21, 31, 18, 45, 44, 3, 12, 6, 21, 17, 44, 48, 44)","(17, 46, 32, 54, 14, 23, 20, 31, 41, 28, 55, 54, 13, 22, 16, 31, 27, 54, 58, 54)",361,385,True,0.06233766233766234
773,strongly_correlated,20,288,"(12, 32, 44, 24, 46, 21, 36, 32, 46, 29, 44, 12, 40, 6, 17, 8, 29, 47, 10, 41)","(22, 42, 54, 34, 56, 31, 46, 42, 56, 39, 54, 22, 50, 16, 27, 18, 39, 57, 20, 51)",398,418,True,0.04784688995215311
774,strongly_correlated,20,275,"(20, 1, 8, 37, 32, 29, 46, 46, 11, 15, 48, 18, 42, 29, 42, 31, 7, 41, 11, 36)","(30, 11, 18, 47, 42, 39, 56, 56, 21, 25, 58, 28, 52, 39, 52, 41, 17, 51, 21, 46)",378,405,True,0.06666666666666667
775,strongly_correlated,20,266,"(32, 2, 11, 41, 28, 27, 2, 1, 9, 45, 21, 43, 40, 39, 33, 34, 7, 37, 31, 49)","(42, 12, 21, 51, 38, 37, 12, 11, 19, 55, 31, 53, 50, 49, 43, 44, 17, 47, 41, 59)",368,396,True,0.0707070707070707
776,strongly_correlated,20,309,"(29, 39, 47, 45, 28, 8, 31, 1, 37, 40, 30, 48, 28, 44, 36, 38, 34, 2, 38, 15)","(39, 49, 57, 55, 38, 18, 41, 11, 47, 50, 40, 58, 38, 54, 46, 48, 44, 12, 48, 25)",399,429,True,0.06993006993006994
777,strongly_correlated,20,276,"(15, 29, 29, 24, 37, 18, 22, 35, 49, 3, 29, 43, 40, 36, 25, 39, 19, 8, 8, 45)","(25, 39, 39, 34, 47, 28, 32, 45, 59, 13, 39, 53, 50, 46, 35, 49, 29, 18, 18, 55)",394,406,True,0.029556650246305417
778,strongly_correlated,20,244,"(3, 23, 9, 49, 24, 43, 14, 27, 41, 20, 31, 40, 1, 11, 22, 42, 35, 40, 8, 6)","(13, 33, 19, 59, 34, 53, 24, 37, 51, 30, 41, 50, 11, 21, 32, 52, 45, 50, 18, 16)",374,384,True,0.026041666666666668
779,strongly_correlated,20,285,"(37, 35, 12, 26, 33, 13, 15, 19, 19, 12, 32, 18, 30, 40, 42, 47, 14, 38, 40, 48)","(47, 45, 22, 36, 43, 23, 25, 29, 29, 22, 42, 28, 40, 50, 52, 57, 24, 48, 50, 58)",408,415,True,0.016867469879518072
780,strongly_correlated,20,254,"(13, 46, 21, 46, 45, 12, 30, 14, 27, 27, 8, 39, 5, 5, 41, 36, 33, 47, 2, 12)","(23, 56, 31, 56, 55, 22, 40, 24, 37, 37, 18, 49, 15, 15, 51, 46, 43, 57, 12, 22)",385,394,True,0.02284263959390863
781,strongly_correlated,20,262,"(14, 16, 26, 10, 21, 31, 5, 18, 7, 50, 45, 47, 38, 25, 13, 28, 29, 38, 41, 22)","(24, 26, 36, 20, 31, 41, 15, 28, 17, 60, 55, 57, 48, 35, 23, 38, 39, 48, 51, 32)",364,392,True,0.07142857142857142
782,strongly_correlated,20,236,"(43, 8, 17, 21, 33, 23, 30, 21, 17, 18, 19, 22, 30, 12, 13, 42, 28, 25, 11, 38)","(53, 18, 27, 31, 43, 33, 40, 31, 27, 28, 29, 32, 40, 22, 23, 52, 38, 35, 21, 48)",357,366,True,0.02459016393442623
783,strongly_correlated,20,262,"(36, 39, 14, 13, 30, 26, 18, 48, 13, 7, 37, 40, 46, 7, 36, 11, 5, 41, 42, 16)","(46, 49, 24, 23, 40, 36, 28, 58, 23, 17, 47, 50, 56, 17, 46, 21, 15, 51, 52, 26)",362,392,True,0.07653061224489796
784,strongly_correlated,20,219,"(28, 39, 3, 20, 16, 20, 42, 19, 22, 31, 31, 24, 28, 22, 9, 2, 16, 6, 38, 22)","(38, 49, 13, 30, 26, 30, 52, 29, 32, 41, 41, 34, 38, 32, 19, 12, 26, 16, 48, 32)",331,349,True,0.05157593123209169
785,strongly_correlated,20,277,"(33, 7, 12, 26, 45, 2, 10, 46, 38, 39, 25, 9, 18, 26, 17, 50, 42, 45, 47, 17)","(43, 17, 22, 36, 55, 12, 20, 56, 48, 49, 35, 19, 28, 36, 27, 60, 52, 55, 57, 27)",370,407,True,0.09090909090909091
786,strongly_correlated,20,237,"(24, 4, 46, 18, 42, 14, 11, 38, 47, 42, 6, 7, 21, 8, 44, 36, 11, 9, 37, 9)","(34, 14, 56, 28, 52, 24, 21, 48, 57, 52, 16, 17, 31, 18, 54, 46, 21, 19, 47, 19)",355,377,True,0.058355437665782495
787,strongly_correlated,20,262,"(20, 31, 41, 32, 10, 24, 40, 6, 17, 48, 42, 41, 32, 12, 43, 16, 27, 38, 1, 2)","(30, 41, 51, 42, 20, 34, 50, 16, 27, 58, 52, 51, 42, 22, 53, 26, 37, 48, 11, 12)",360,392,True,0.08163265306122448
788,strongly_correlated,20,268,"(38, 31, 1, 23, 12, 42, 45, 9, 34, 13, 41, 11, 21, 41, 41, 16, 26, 15, 28, 49)","(48, 41, 11, 33, 22, 52, 55, 19, 44, 23, 51, 21, 31, 51, 51, 26, 36, 25, 38, 59)",370,398,True,0.07035175879396985
789,strongly_correlated,20,277,"(31, 46, 41, 3, 32, 9, 26, 35, 20, 34, 20, 38, 34, 14, 39, 22, 47, 20, 23, 20)","(41, 56, 51, 13, 42, 19, 36, 45, 30, 44, 30, 48, 44, 24, 49, 32, 57, 30, 33, 30)",404,407,True,0.007371007371007371
790,strongly_correlated,20,242,"(41, 47, 19, 29, 48, 6, 32, 36, 38, 9, 17, 37, 3, 18, 19, 3, 18, 22, 8, 33)","(51, 57, 29, 39, 58, 16, 42, 46, 48, 19, 27, 47, 13, 28, 29, 13, 28, 32, 18, 43)",376,382,True,0.015706806282722512
791,strongly_correlated,20,205,"(44, 14, 39, 1, 14, 11, 11, 27, 34, 2, 22, 19, 15, 39, 43, 18, 19, 11, 10, 17)","(54, 24, 49, 11, 24, 21, 21, 37, 44, 12, 32, 29, 25, 49, 53, 28, 29, 21, 20, 27)",324,345,True,0.06086956521739131
792,strongly_correlated,20,258,"(37, 34, 50, 49, 28, 33, 46, 7, 28, 33, 9, 5, 6, 37, 22, 13, 37, 7, 14, 21)","(47, 44, 60, 59, 38, 43, 56, 17, 38, 43, 19, 15, 16, 47, 32, 23, 47, 17, 24, 31)",356,388,True,0.08247422680412371
793,strongly_correlated,20,272,"(40, 48, 18, 7, 35, 2, 45, 29, 17, 30, 38, 13, 13, 25, 44, 30, 42, 7, 36, 24)","(50, 58, 28, 17, 45, 12, 55, 39, 27, 40, 48, 23, 23, 35, 54, 40, 52, 17, 46, 34)",380,402,True,0.05472636815920398
794,strongly_correlated,20,193,"(20, 11, 34, 6, 20, 27, 27, 5, 3, 1, 40, 42, 16, 23, 46, 2, 38, 7, 13, 5)","(30, 21, 44, 16, 30, 37, 37, 15, 13, 11, 50, 52, 26, 33, 56, 12, 48, 17, 23, 15)",336,343,True,0.02040816326530612
795,strongly_correlated,20,210,"(26, 30, 32, 11, 19, 20, 50, 13, 22, 16, 13, 39, 2, 28, 9, 11, 25, 4, 14, 36)","(36, 40, 42, 21, 29, 30, 60, 23, 32, 26, 23, 49, 12, 38, 19, 21, 35, 14, 24, 46)",345,350,True,0.014285714285714285
796,strongly_correlated,20,288,"(36, 29, 31, 35, 40, 25, 28, 28, 29, 34, 31, 2, 4, 41, 39, 29, 27, 49, 1, 38)","(46, 39, 41, 45, 50, 35, 38, 38, 39, 44, 41, 12, 14, 51, 49, 39, 37, 59, 11, 48)",384,408,True,0.058823529411764705
797,strongly_correlated,20,272,"(39, 26, 9, 6, 31, 38, 31, 33, 1, 41, 18, 23, 44, 32, 8, 40, 21, 49, 22, 33)","(49, 36, 19, 16, 41, 48, 41, 43, 11, 51, 28, 33, 54, 42, 18, 50, 31, 59, 32, 43)",391,402,True,0.02736318407960199
798,strongly_correlated,20,238,"(27, 18, 28, 3, 27, 15, 18, 30, 6, 46, 35, 49, 32, 10, 12, 38, 22, 21, 15, 24)","(37, 28, 38, 13, 37, 25, 28, 40, 16, 56, 45, 59, 42, 20, 22, 48, 32, 31, 25, 34)",348,368,True,0.05434782608695652
799,strongly_correlated,20,229,"(13, 42, 25, 31, 1, 43, 12, 26, 2, 12, 1, 4, 24, 30, 47, 23, 9, 32, 44, 37)","(23, 52, 35, 41, 11, 53, 22, 36, 12, 22, 11, 14, 34, 40, 57, 33, 19, 42, 54, 47)",353,369,True,0.04336043360433604
800,strongly_correlated,20,269,"(43, 32, 38, 4, 31, 29, 50, 33, 21, 46, 3, 32, 14, 40, 14, 4, 35, 10, 36, 23)","(53, 42, 48, 14, 41, 39, 60, 43, 31, 56, 13, 42, 24, 50, 24, 14, 45, 20, 46, 33)",380,399,True,0.047619047619047616
801,strongly_correlated,20,245,"(7, 14, 23, 8, 50, 32, 7, 32, 40, 6, 9, 22, 34, 14, 31, 10, 41, 45, 20, 45)","(17, 24, 33, 18, 60, 42, 17, 42, 50, 16, 19, 32, 44, 24, 41, 20, 51, 55, 30, 55)",375,385,True,0.025974025974025976
802,strongly_correlated,20,319,"(36, 10, 36, 23, 21, 20, 12, 43, 23, 43, 49, 31, 25, 5, 36, 48, 49, 46, 50, 32)","(46, 20, 46, 33, 31, 30, 22, 53, 33, 53, 59, 41, 35, 15, 46, 58, 59, 56, 60, 42)",440,447,True,0.015659955257270694
803,strongly_correlated,20,222,"(7, 12, 32, 34, 27, 8, 16, 48, 10, 16, 15, 39, 38, 10, 36, 1, 48, 4, 10, 33)","(17, 22, 42, 44, 37, 18, 26, 58, 20, 26, 25, 49, 48, 20, 46, 11, 58, 14, 20, 43)",341,362,True,0.058011049723756904
804,strongly_correlated,20,236,"(31, 44, 30, 6, 22, 2, 5, 16, 50, 11, 24, 49, 3, 39, 22, 24, 2, 44, 34, 13)","(41, 54, 40, 16, 32, 12, 15, 26, 60, 21, 34, 59, 13, 49, 32, 34, 12, 54, 44, 23)",351,376,True,0.06648936170212766
805,strongly_correlated,20,304,"(32, 15, 5, 46, 18, 4, 30, 30, 47, 47, 37, 22, 48, 45, 29, 32, 18, 47, 6, 50)","(42, 25, 15, 56, 28, 14, 40, 40, 57, 57, 47, 32, 58, 55, 39, 42, 28, 57, 16, 60)",408,434,True,0.059907834101382486
806,strongly_correlated,20,223,"(30, 1, 37, 20, 35, 21, 40, 20, 15, 30, 6, 32, 31, 23, 27, 17, 16, 7, 34, 4)","(40, 11, 47, 30, 45, 31, 50, 30, 25, 40, 16, 42, 41, 33, 37, 27, 26, 17, 44, 14)",337,353,True,0.0453257790368272
807,strongly_correlated,20,230,"(24, 48, 7, 49, 11, 15, 20, 12, 36, 10, 45, 3, 11, 25, 7, 40, 9, 29, 23, 35)","(34, 58, 17, 59, 21, 25, 30, 22, 46, 20, 55, 13, 21, 35, 17, 50, 19, 39, 33, 45)",346,370,True,0.06486486486486487
808,strongly_correlated,20,283,"(24, 29, 42, 19, 47, 9, 29, 49, 49, 16, 23, 25, 32, 50, 16, 35, 41, 12, 1, 18)","(34, 39, 52, 29, 57, 19, 39, 59, 59, 26, 33, 35, 42, 60, 26, 45, 51, 22, 11, 28)",383,413,True,0.07263922518159806
809,strongly_correlated,20,216,"(4, 25, 12, 39, 20, 42, 30, 16, 29, 44, 3, 18, 12, 24, 2, 15, 49, 32, 13, 2)","(14, 35, 22, 49, 30, 52, 40, 26, 39, 54, 13, 28, 22, 34, 12, 25, 59, 42, 23, 12)",335,356,True,0.05898876404494382
810,strongly_correlated,20,274,"(46, 37, 30, 3, 11, 42, 17, 14, 42, 28, 5, 15, 29, 19, 33, 31, 48, 27, 46, 24)","(56, 47, 40, 13, 21, 52, 27, 24, 52, 38, 15, 25, 39, 29, 43, 41, 58, 37, 56, 34)",383,404,True,0.05198019801980198
811,strongly_correlated,20,194,"(6, 12, 34, 34, 28, 3, 16, 3, 7, 36, 22, 17, 31, 21, 38, 19, 16, 16, 5, 25)","(16, 22, 44, 44, 38, 13, 26, 13, 17, 46, 32, 27, 41, 31, 48, 29, 26, 26, 15, 35)",328,334,True,0.017964071856287425
812,strongly_correlated,20,252,"(3, 26, 40, 46, 19, 23, 42, 49, 19, 14, 13, 15, 45, 27, 14, 5, 25, 24, 33, 22)","(13, 36, 50, 56, 29, 33, 52, 59, 29, 24, 23, 25, 55, 37, 24, 15, 35, 34, 43, 32)",389,389,False,0.0
813,strongly_correlated,20,214,"(9, 2, 39, 48, 39, 25, 25, 17, 11, 2, 35, 22, 2, 26, 16, 46, 19, 6, 21, 18)","(19, 12, 49, 58, 49, 35, 35, 27, 21, 12, 45, 32, 12, 36, 26, 56, 29, 16, 31, 28)",335,354,True,0.05367231638418079
814,strongly_correlated,20,240,"(39, 9, 9, 16, 41, 1, 22, 11, 27, 12, 34, 29, 6, 34, 29, 41, 28, 48, 18, 27)","(49, 19, 19, 26, 51, 11, 32, 21, 37, 22, 44, 39, 16, 44, 39, 51, 38, 58, 28, 37)",345,370,True,0.06756756756756757
815,strongly_correlated,20,223,"(1, 19, 3, 40, 20, 22, 31, 8, 34, 37, 6, 42, 46, 14, 13, 50, 17, 27, 12, 4)","(11, 29, 13, 50, 30, 32, 41, 18, 44, 47, 16, 52, 56, 24, 23, 60, 27, 37, 22, 14)",337,363,True,0.07162534435261708
816,strongly_correlated,20,222,"(11, 39, 7, 27, 31, 6, 4, 20, 24, 13, 18, 39, 25, 14, 42, 37, 47, 8, 21, 12)","(21, 49, 17, 37, 41, 16, 14, 30, 34, 23, 28, 49, 35, 24, 52, 47, 57, 18, 31, 22)",350,362,True,0.03314917127071823
817,strongly_correlated,20,214,"(9, 39, 21, 23, 13, 17, 43, 38, 38, 20, 17, 44, 30, 13, 3, 10, 5, 9, 11, 25)","(19, 49, 31, 33, 23, 27, 53, 48, 48, 30, 27, 54, 40, 23, 13, 20, 15, 19, 21, 35)",336,354,True,0.05084745762711865
818,strongly_correlated,20,258,"(31, 35, 21, 35, 32, 50, 5, 35, 30, 3, 37, 26, 28, 12, 50, 2, 17, 17, 16, 34)","(41, 45, 31, 45, 42, 60, 15, 45, 40, 13, 47, 36, 38, 22, 60, 12, 27, 27, 26, 44)",370,388,True,0.04639175257731959
819,strongly_correlated,20,258,"(24, 11, 9, 19, 23, 9, 45, 19, 38, 18, 47, 22, 20, 38, 14, 33, 47, 17, 30, 32)","(34, 21, 19, 29, 33, 19, 55, 29, 48, 28, 57, 32, 30, 48, 24, 43, 57, 27, 40, 42)",365,388,True,0.059278350515463915
820,strongly_correlated,20,208,"(14, 22, 34, 32, 8, 13, 15, 49, 17, 37, 4, 8, 14, 22, 5, 33, 42, 20, 23, 3)","(24, 32, 44, 42, 18, 23, 25, 59, 27, 47, 14, 18, 24, 32, 15, 43, 52, 30, 33, 13)",328,348,True,0.05747126436781609
821,strongly_correlated,20,291,"(37, 42, 32, 20, 49, 24, 15, 7, 7, 26, 41, 46, 44, 36, 18, 18, 46, 23, 29, 22)","(47, 52, 42, 30, 59, 34, 25, 17, 17, 36, 51, 56, 54, 46, 28, 28, 56, 33, 39, 32)",407,421,True,0.0332541567695962
822,strongly_correlated,20,283,"(8, 26, 21, 11, 47, 29, 19, 28, 48, 49, 43, 6, 40, 14, 28, 38, 44, 46, 2, 19)","(18, 36, 31, 21, 57, 39, 29, 38, 58, 59, 53, 16, 50, 24, 38, 48, 54, 56, 12, 29)",379,413,True,0.08232445520581114
823,strongly_correlated,20,292,"(22, 39, 16, 11, 6, 49, 50, 35, 50, 23, 13, 14, 24, 37, 38, 12, 45, 19, 40, 42)","(32, 49, 26, 21, 16, 59, 60, 45, 60, 33, 23, 24, 34, 47, 48, 22, 55, 29, 50, 52)",400,422,True,0.052132701421800945
824,strongly_correlated,20,253,"(42, 49, 49, 10, 35, 23, 3, 10, 4, 45, 49, 1, 5, 14, 35, 15, 44, 6, 17, 50)","(52, 59, 59, 20, 45, 33, 13, 20, 14, 55, 59, 11, 15, 24, 45, 25, 54, 16, 27, 60)",360,393,True,0.08396946564885496
825,strongly_correlated,20,286,"(18, 42, 48, 19, 37, 8, 41, 48, 14, 39, 13, 3, 8, 38, 22, 38, 24, 50, 17, 44)","(28, 52, 58, 29, 47, 18, 51, 58, 24, 49, 23, 13, 18, 48, 32, 48, 34, 60, 27, 54)",389,416,True,0.06490384615384616
826,strongly_correlated,20,233,"(36, 41, 17, 31, 23, 10, 13, 40, 1, 45, 38, 9, 15, 17, 21, 15, 9, 9, 42, 34)","(46, 51, 27, 41, 33, 20, 23, 50, 11, 55, 48, 19, 25, 27, 31, 25, 19, 19, 52, 44)",364,373,True,0.024128686327077747
827,strongly_correlated,20,226,"(23, 18, 32, 40, 3, 34, 32, 31, 6, 26, 26, 27, 38, 6, 34, 3, 27, 15, 24, 6)","(33, 28, 42, 50, 13, 44, 42, 41, 16, 36, 36, 37, 48, 16, 44, 13, 37, 25, 34, 16)",340,356,True,0.0449438202247191
828,strongly_correlated,20,228,"(13, 10, 47, 6, 15, 37, 9, 46, 24, 33, 46, 24, 27, 29, 16, 30, 3, 8, 21, 11)","(23, 20, 57, 16, 25, 47, 19, 56, 34, 43, 56, 34, 37, 39, 26, 40, 13, 18, 31, 21)",356,368,True,0.03260869565217391
829,strongly_correlated,20,248,"(14, 20, 31, 13, 38, 2, 20, 40, 33, 3, 34, 50, 25, 38, 34, 6, 17, 36, 17, 26)","(24, 30, 41, 23, 48, 12, 30, 50, 43, 13, 44, 60, 35, 48, 44, 16, 27, 46, 27, 36)",357,378,True,0.05555555555555555
830,strongly_correlated,20,285,"(7, 45, 49, 15, 18, 18, 29, 42, 47, 2, 41, 43, 16, 27, 7, 41, 34, 43, 19, 27)","(17, 55, 59, 25, 28, 28, 39, 52, 57, 12, 51, 53, 26, 37, 17, 51, 44, 53, 29, 37)",390,415,True,0.060240963855421686
831,strongly_correlated,20,232,"(11, 23, 26, 41, 10, 2, 10, 15, 33, 47, 10, 42, 15, 1, 27, 31, 7, 47, 37, 28)","(21, 33, 36, 51, 20, 12, 20, 25, 43, 57, 20, 52, 25, 11, 37, 41, 17, 57, 47, 38)",356,372,True,0.043010752688172046
832,strongly_correlated,20,300,"(47, 42, 35, 22, 33, 37, 15, 25, 39, 25, 50, 50, 8, 10, 31, 39, 22, 8, 33, 28)","(57, 52, 45, 32, 43, 47, 25, 35, 49, 35, 60, 60, 18, 20, 41, 49, 32, 18, 43, 38)",425,429,True,0.009324009324009324
833,strongly_correlated,20,244,"(37, 40, 19, 23, 37, 11, 7, 47, 32, 32, 43, 27, 10, 32, 20, 18, 3, 24, 25, 1)","(47, 50, 29, 33, 47, 21, 17, 57, 42, 42, 53, 37, 20, 42, 30, 28, 13, 34, 35, 11)",350,374,True,0.06417112299465241
834,strongly_correlated,20,262,"(19, 13, 15, 37, 12, 36, 8, 49, 46, 20, 50, 2, 2, 44, 32, 28, 39, 16, 26, 30)","(29, 23, 25, 47, 22, 46, 18, 59, 56, 30, 60, 12, 12, 54, 42, 38, 49, 26, 36, 40)",399,402,True,0.007462686567164179
835,strongly_correlated,20,349,"(40, 41, 46, 49, 45, 14, 24, 8, 44, 41, 22, 42, 38, 38, 20, 30, 27, 38, 47, 44)","(50, 51, 56, 59, 55, 24, 34, 18, 54, 51, 32, 52, 48, 48, 30, 40, 37, 48, 57, 54)",460,469,True,0.019189765458422176
836,strongly_correlated,20,228,"(27, 2, 36, 45, 41, 45, 7, 1, 5, 8, 33, 23, 28, 16, 2, 45, 30, 45, 11, 6)","(37, 12, 46, 55, 51, 55, 17, 11, 15, 18, 43, 33, 38, 26, 12, 55, 40, 55, 21, 16)",339,368,True,0.07880434782608696
837,strongly_correlated,20,244,"(36, 17, 29, 8, 37, 17, 38, 9, 16, 26, 40, 34, 8, 1, 49, 30, 38, 8, 11, 36)","(46, 27, 39, 18, 47, 27, 48, 19, 26, 36, 50, 44, 18, 11, 59, 40, 48, 18, 21, 46)",344,374,True,0.08021390374331551
838,strongly_correlated,20,281,"(33, 38, 21, 38, 46, 19, 5, 33, 29, 37, 46, 26, 40, 18, 18, 31, 22, 45, 16, 1)","(43, 48, 31, 48, 56, 29, 15, 43, 39, 47, 56, 36, 50, 28, 28, 41, 32, 55, 26, 11)",402,411,True,0.021897810218978103
839,strongly_correlated,20,210,"(40, 8, 18, 41, 14, 15, 43, 26, 15, 40, 1, 20, 31, 1, 33, 1, 2, 46, 21, 3)","(50, 18, 28, 51, 24, 25, 53, 36, 25, 50, 11, 30, 41, 11, 43, 11, 12, 56, 31, 13)",359,359,False,0.0
840,strongly_correlated,20,242,"(14, 27, 30, 36, 30, 30, 23, 15, 46, 7, 33, 25, 31, 18, 50, 8, 2, 32, 5, 22)","(24, 37, 40, 46, 40, 40, 33, 25, 56, 17, 43, 35, 41, 28, 60, 18, 12, 42, 15, 32)",356,372,True,0.043010752688172046
841,strongly_correlated,20,347,"(37, 43, 45, 39, 25, 14, 37, 14, 34, 25, 41, 44, 42, 41, 29, 27, 43, 34, 38, 42)","(47, 53, 55, 49, 35, 24, 47, 24, 44, 35, 51, 54, 52, 51, 39, 37, 53, 44, 48, 52)",424,457,True,0.07221006564551423
842,strongly_correlated,20,242,"(5, 32, 12, 37, 6, 22, 41, 40, 6, 27, 6, 7, 7, 7, 48, 48, 44, 47, 9, 33)","(15, 42, 22, 47, 16, 32, 51, 50, 16, 37, 16, 17, 17, 17, 58, 58, 54, 57, 19, 43)",356,382,True,0.06806282722513089
843,strongly_correlated,20,280,"(43, 33, 34, 2, 46, 49, 46, 50, 27, 36, 35, 22, 10, 30, 19, 20, 25, 9, 10, 14)","(53, 43, 44, 12, 56, 59, 56, 60, 37, 46, 45, 32, 20, 40, 29, 30, 35, 19, 20, 24)",385,410,True,0.06097560975609756
844,strongly_correlated,20,305,"(42, 48, 34, 35, 15, 7, 49, 39, 39, 18, 33, 28, 23, 40, 38, 24, 21, 24, 45, 8)","(52, 58, 44, 45, 25, 17, 59, 49, 49, 28, 43, 38, 33, 50, 48, 34, 31, 34, 55, 18)",390,425,True,0.08235294117647059
845,strongly_correlated,20,221,"(4, 20, 42, 5, 35, 10, 38, 15, 4, 12, 43, 30, 29, 12, 24, 44, 18, 30, 1, 26)","(14, 30, 52, 15, 45, 20, 48, 25, 14, 22, 53, 40, 39, 22, 34, 54, 28, 40, 11, 36)",350,361,True,0.030470914127423823
846,strongly_correlated,20,184,"(7, 8, 32, 11, 12, 17, 12, 10, 25, 31, 48, 8, 45, 14, 1, 24, 21, 4, 21, 18)","(17, 18, 42, 21, 22, 27, 22, 20, 35, 41, 58, 18, 55, 24, 11, 34, 31, 14, 31, 28)",304,324,True,0.06172839506172839
847,strongly_correlated,20,285,"(25, 26, 12, 36, 50, 37, 20, 7, 7, 39, 49, 17, 32, 36, 36, 32, 22, 24, 42, 21)","(35, 36, 22, 46, 60, 47, 30, 17, 17, 49, 59, 27, 42, 46, 46, 42, 32, 34, 52, 31)",411,415,True,0.00963855421686747
848,strongly_correlated,20,234,"(29, 27, 7, 2, 20, 34, 35, 2, 23, 32, 38, 31, 9, 13, 4, 35, 37, 4, 43, 44)","(39, 37, 17, 12, 30, 44, 45, 12, 33, 42, 48, 41, 19, 23, 14, 45, 47, 14, 53, 54)",333,364,True,0.08516483516483517
849,strongly_correlated,20,222,"(1, 43, 4, 43, 19, 22, 2, 12, 17, 3, 36, 20, 42, 42, 42, 17, 27, 16, 21, 15)","(11, 53, 14, 53, 29, 32, 12, 22, 27, 13, 46, 30, 52, 52, 52, 27, 37, 26, 31, 25)",336,362,True,0.0718232044198895
850,strongly_correlated,20,260,"(32, 29, 6, 34, 42, 29, 8, 19, 6, 50, 4, 24, 19, 40, 16, 28, 40, 23, 20, 50)","(42, 39, 16, 44, 52, 39, 18, 29, 16, 60, 14, 34, 29, 50, 26, 38, 50, 33, 30, 60)",361,390,True,0.07435897435897436
851,strongly_correlated,20,283,"(38, 26, 45, 20, 30, 27, 27, 42, 50, 15, 15, 49, 11, 37, 4, 46, 30, 23, 2, 29)","(48, 36, 55, 30, 40, 37, 37, 52, 60, 25, 25, 59, 21, 47, 14, 56, 40, 33, 12, 39)",389,413,True,0.05811138014527845
852,strongly_correlated,20,276,"(40, 4, 28, 49, 32, 29, 24, 50, 39, 37, 16, 26, 18, 7, 34, 38, 22, 13, 15, 31)","(50, 14, 38, 59, 42, 39, 34, 60, 49, 47, 26, 36, 28, 17, 44, 48, 32, 23, 25, 41)",395,406,True,0.027093596059113302
853,strongly_correlated,20,296,"(26, 20, 19, 48, 23, 22, 7, 49, 11, 48, 5, 48, 31, 44, 44, 46, 8, 40, 30, 24)","(36, 30, 29, 58, 33, 32, 17, 59, 21, 58, 15, 58, 41, 54, 54, 56, 18, 50, 40, 34)",396,426,True,0.07042253521126761
854,strongly_correlated,20,309,"(49, 23, 22, 47, 33, 36, 39, 31, 40, 35, 38, 40, 3, 45, 50, 35, 18, 14, 1, 19)","(59, 33, 32, 57, 43, 46, 49, 41, 50, 45, 48, 50, 13, 55, 60, 45, 28, 24, 11, 29)",438,439,True,0.002277904328018223
855,strongly_correlated,20,298,"(16, 17, 11, 42, 48, 36, 8, 7, 18, 37, 34, 41, 49, 30, 50, 13, 50, 50, 11, 29)","(26, 27, 21, 52, 58, 46, 18, 17, 28, 47, 44, 51, 59, 40, 60, 23, 60, 60, 21, 39)",397,428,True,0.07242990654205607
856,strongly_correlated,20,258,"(14, 50, 15, 50, 36, 3, 39, 10, 18, 36, 32, 27, 8, 25, 40, 14, 43, 17, 35, 3)","(24, 60, 25, 60, 46, 13, 49, 20, 28, 46, 42, 37, 18, 35, 50, 24, 53, 27, 45, 13)",397,398,True,0.002512562814070352
857,strongly_correlated,20,298,"(31, 43, 45, 28, 43, 14, 31, 30, 47, 16, 30, 15, 46, 37, 19, 35, 21, 37, 14, 14)","(41, 53, 55, 38, 53, 24, 41, 40, 57, 26, 40, 25, 56, 47, 29, 45, 31, 47, 24, 24)",428,428,False,0.0
858,strongly_correlated,20,238,"(34, 33, 6, 23, 11, 28, 44, 11, 30, 31, 12, 31, 9, 27, 15, 10, 40, 26, 42, 12)","(44, 43, 16, 33, 21, 38, 54, 21, 40, 41, 22, 41, 19, 37, 25, 20, 50, 36, 52, 22)",350,368,True,0.04891304347826087
859,strongly_correlated,20,246,"(37, 15, 8, 6, 41, 40, 4, 31, 9, 38, 30, 49, 7, 50, 17, 1, 11, 27, 50, 21)","(47, 25, 18, 16, 51, 50, 14, 41, 19, 48, 40, 59, 17, 60, 27, 11, 21, 37, 60, 31)",364,386,True,0.05699481865284974
860,strongly_correlated,20,279,"(9, 9, 43, 6, 6, 35, 23, 34, 40, 47, 19, 45, 37, 35, 40, 31, 15, 39, 10, 35)","(19, 19, 53, 16, 16, 45, 33, 44, 50, 57, 29, 55, 47, 45, 50, 41, 25, 49, 20, 45)",397,409,True,0.029339853300733496
861,strongly_correlated,20,241,"(29, 29, 44, 4, 2, 9, 50, 10, 47, 29, 42, 4, 6, 9, 39, 49, 27, 29, 5, 19)","(39, 39, 54, 14, 12, 19, 60, 20, 57, 39, 52, 14, 16, 19, 49, 59, 37, 39, 15, 29)",351,381,True,0.07874015748031496
862,strongly_correlated,20,256,"(37, 48, 14, 41, 33, 5, 9, 9, 33, 41, 49, 6, 14, 17, 21, 29, 19, 11, 35, 42)","(47, 58, 24, 51, 43, 15, 19, 19, 43, 51, 59, 16, 24, 27, 31, 39, 29, 21, 45, 52)",395,395,False,0.0
863,strongly_correlated,20,266,"(38, 18, 35, 47, 28, 42, 37, 19, 42, 5, 15, 14, 35, 16, 2, 1, 35, 50, 31, 21)","(48, 28, 45, 57, 38, 52, 47, 29, 52, 15, 25, 24, 45, 26, 12, 11, 45, 60, 41, 31)",370,396,True,0.06565656565656566
864,strongly_correlated,20,214,"(20, 31, 2, 23, 44, 13, 10, 50, 41, 6, 1, 9, 23, 39, 18, 19, 25, 37, 12, 6)","(30, 41, 12, 33, 54, 23, 20, 60, 51, 16, 11, 19, 33, 49, 28, 29, 35, 47, 22, 16)",327,354,True,0.07627118644067797
865,strongly_correlated,20,278,"(26, 33, 36, 2, 29, 42, 2, 18, 2, 48, 29, 37, 9, 42, 23, 13, 31, 38, 49, 47)","(36, 43, 46, 12, 39, 52, 12, 28, 12, 58, 39, 47, 19, 52, 33, 23, 41, 48, 59, 57)",383,408,True,0.061274509803921566
866,strongly_correlated,20,226,"(8, 13, 2, 10, 23, 1, 25, 7, 23, 15, 5, 45, 13, 45, 45, 28, 49, 23, 43, 30)","(18, 23, 12, 20, 33, 11, 35, 17, 33, 25, 15, 55, 23, 55, 55, 38, 59, 33, 53, 40)",376,376,False,0.0
867,strongly_correlated,20,298,"(50, 9, 41, 30, 23, 50, 14, 39, 33, 17, 18, 2, 47, 17, 3, 32, 49, 42, 44, 36)","(60, 19, 51, 40, 33, 60, 24, 49, 43, 27, 28, 12, 57, 27, 13, 42, 59, 52, 54, 46)",403,428,True,0.05841121495327103
868,strongly_correlated,20,224,"(26, 10, 22, 36, 33, 1, 5, 14, 32, 13, 2, 41, 47, 12, 5, 32, 7, 39, 28, 44)","(36, 20, 32, 46, 43, 11, 15, 24, 42, 23, 12, 51, 57, 22, 15, 42, 17, 49, 38, 54)",349,364,True,0.04120879120879121
869,strongly_correlated,20,228,"(27, 44, 26, 16, 40, 15, 30, 35, 1, 12, 7, 1, 31, 12, 8, 25, 27, 41, 23, 36)","(37, 54, 36, 26, 50, 25, 40, 45, 11, 22, 17, 11, 41, 22, 18, 35, 37, 51, 33, 46)",330,358,True,0.0782122905027933
870,strongly_correlated,20,258,"(16, 29, 29, 3, 24, 19, 39, 21, 26, 15, 39, 30, 13, 31, 42, 25, 32, 2, 47, 35)","(26, 39, 39, 13, 34, 29, 49, 31, 36, 25, 49, 40, 23, 41, 52, 35, 42, 12, 57, 45)",382,388,True,0.015463917525773196
871,strongly_correlated,20,294,"(23, 36, 8, 29, 47, 7, 21, 17, 45, 18, 24, 49, 48, 10, 26, 22, 44, 30, 44, 41)","(33, 46, 18, 39, 57, 17, 31, 27, 55, 28, 34, 59, 58, 20, 36, 32, 54, 40, 54, 51)",401,424,True,0.054245283018867926
872,strongly_correlated,20,276,"(36, 31, 9, 25, 28, 32, 43, 38, 50, 41, 15, 1, 45, 32, 37, 42, 18, 15, 8, 5)","(46, 41, 19, 35, 38, 42, 53, 48, 60, 51, 25, 11, 55, 42, 47, 52, 28, 25, 18, 15)",385,406,True,0.05172413793103448
873,strongly_correlated,20,246,"(10, 43, 37, 47, 20, 41, 24, 24, 2, 23, 34, 27, 1, 49, 18, 14, 20, 13, 29, 17)","(20, 53, 47, 57, 30, 51, 34, 34, 12, 33, 44, 37, 11, 59, 28, 24, 30, 23, 39, 27)",382,382,False,0.0
874,strongly_correlated,20,188,"(34, 11, 23, 24, 2, 6, 9, 25, 6, 39, 22, 1, 33, 7, 13, 26, 37, 7, 18, 32)","(44, 21, 33, 34, 12, 16, 19, 35, 16, 49, 32, 11, 43, 17, 23, 36, 47, 17, 28, 42)",314,328,True,0.042682926829268296
875,strongly_correlated,20,276,"(33, 17, 48, 22, 27, 40, 15, 39, 31, 5, 23, 45, 30, 35, 29, 15, 8, 47, 3, 40)","(43, 27, 58, 32, 37, 50, 25, 49, 41, 15, 33, 55, 40, 45, 39, 25, 18, 57, 13, 50)",388,406,True,0.04433497536945813
876,strongly_correlated,20,228,"(46, 2, 47, 17, 30, 27, 3, 6, 6, 36, 2, 13, 48, 37, 20, 37, 32, 9, 33, 5)","(56, 12, 57, 27, 40, 37, 13, 16, 16, 46, 12, 23, 58, 47, 30, 47, 42, 19, 43, 15)",345,368,True,0.0625
877,strongly_correlated,20,232,"(15, 28, 12, 31, 17, 40, 39, 38, 1, 29, 24, 31, 48, 3, 31, 10, 13, 19, 1, 33)","(25, 38, 22, 41, 27, 50, 49, 48, 11, 39, 34, 41, 58, 13, 41, 20, 23, 29, 11, 43)",333,362,True,0.08011049723756906
878,strongly_correlated,20,262,"(35, 37, 19, 50, 22, 26, 27, 6, 35, 11, 15, 37, 43, 17, 6, 34, 22, 26, 46, 10)","(45, 47, 29, 60, 32, 36, 37, 16, 45, 21, 25, 47, 53, 27, 16, 44, 32, 36, 56, 20)",371,392,True,0.05357142857142857
879,strongly_correlated,20,238,"(5, 35, 24, 10, 1, 13, 10, 21, 8, 18, 23, 38, 50, 46, 45, 43, 2, 12, 27, 45)","(15, 45, 34, 20, 11, 23, 20, 31, 18, 28, 33, 48, 60, 56, 55, 53, 12, 22, 37, 55)",349,378,True,0.07671957671957672
880,strongly_correlated,20,244,"(7, 6, 47, 17, 43, 39, 13, 37, 9, 25, 18, 39, 3, 6, 41, 20, 6, 36, 50, 26)","(17, 16, 57, 27, 53, 49, 23, 47, 19, 35, 28, 49, 13, 16, 51, 30, 16, 46, 60, 36)",369,384,True,0.0390625
881,strongly_correlated,20,268,"(43, 21, 11, 29, 42, 49, 47, 9, 43, 35, 26, 36, 19, 1, 9, 14, 8, 19, 34, 40)","(53, 31, 21, 39, 52, 59, 57, 19, 53, 45, 36, 46, 29, 11, 19, 24, 18, 29, 44, 50)",365,398,True,0.0829145728643216
882,strongly_correlated,20,286,"(1, 45, 42, 21, 9, 41, 41, 35, 31, 33, 45, 28, 40, 25, 10, 26, 20, 13, 38, 27)","(11, 55, 52, 31, 19, 51, 51, 45, 41, 43, 55, 38, 50, 35, 20, 36, 30, 23, 48, 37)",409,416,True,0.016826923076923076
883,strongly_correlated,20,243,"(36, 7, 11, 22, 37, 33, 6, 23, 41, 36, 19, 39, 41, 38, 44, 19, 2, 10, 4, 18)","(46, 17, 21, 32, 47, 43, 16, 33, 51, 46, 29, 49, 51, 48, 54, 29, 12, 20, 14, 28)",340,373,True,0.08847184986595175
884,strongly_correlated,20,249,"(44, 49, 6, 48, 32, 11, 40, 36, 45, 20, 45, 3, 27, 19, 2, 42, 4, 7, 12, 6)","(54, 59, 16, 58, 42, 21, 50, 46, 55, 30, 55, 13, 37, 29, 12, 52, 14, 17, 22, 16)",365,389,True,0.061696658097686374
885,strongly_correlated,20,220,"(24, 28, 4, 19, 28, 6, 22, 5, 10, 19, 7, 37, 44, 8, 41, 36, 8, 46, 34, 13)","(34, 38, 14, 29, 38, 16, 32, 15, 20, 29, 17, 47, 54, 18, 51, 46, 18, 56, 44, 23)",341,360,True,0.05277777777777778
886,strongly_correlated,20,255,"(13, 33, 36, 28, 8, 16, 20, 43, 11, 31, 5, 39, 8, 1, 8, 35, 37, 43, 50, 45)","(23, 43, 46, 38, 18, 26, 30, 53, 21, 41, 15, 49, 18, 11, 18, 45, 47, 53, 60, 55)",393,395,True,0.005063291139240506
887,strongly_correlated,20,312,"(32, 25, 32, 13, 13, 23, 40, 46, 35, 7, 32, 46, 34, 17, 46, 32, 47, 38, 22, 45)","(42, 35, 42, 23, 23, 33, 50, 56, 45, 17, 42, 56, 44, 27, 56, 42, 57, 48, 32, 55)",402,432,True,0.06944444444444445
888,strongly_correlated,20,300,"(6, 28, 38, 29, 32, 25, 41, 24, 35, 27, 12, 46, 26, 46, 25, 49, 41, 28, 18, 25)","(16, 38, 48, 39, 42, 35, 51, 34, 45, 37, 22, 56, 36, 56, 35, 59, 51, 38, 28, 35)",393,420,True,0.06428571428571428
889,strongly_correlated,20,281,"(41, 39, 48, 15, 40, 6, 12, 43, 50, 35, 12, 16, 38, 7, 11, 48, 7, 23, 39, 32)","(51, 49, 58, 25, 50, 16, 22, 53, 60, 45, 22, 26, 48, 17, 21, 58, 17, 33, 49, 42)",383,411,True,0.0681265206812652
890,strongly_correlated,20,260,"(4, 20, 19, 18, 48, 34, 50, 1, 28, 5, 21, 23, 38, 32, 4, 34, 10, 49, 39, 44)","(14, 30, 29, 28, 58, 44, 60, 11, 38, 15, 31, 33, 48, 42, 14, 44, 20, 59, 49, 54)",393,400,True,0.0175
891,strongly_correlated,20,286,"(41, 26, 18, 34, 16, 50, 16, 4, 29, 14, 23, 27, 31, 39, 13, 37, 41, 24, 48, 40)","(51, 36, 28, 44, 26, 60, 26, 14, 39, 24, 33, 37, 41, 49, 23, 47, 51, 34, 58, 50)",405,416,True,0.026442307692307692
892,strongly_correlated,20,312,"(15, 49, 20, 43, 46, 16, 29, 48, 28, 14, 14, 42, 16, 50, 11, 21, 42, 39, 45, 36)","(25, 59, 30, 53, 56, 26, 39, 58, 38, 24, 24, 52, 26, 60, 21, 31, 52, 49, 55, 46)",431,442,True,0.024886877828054297
893,strongly_correlated,20,280,"(33, 18, 14, 43, 23, 30, 50, 42, 46, 44, 43, 6, 29, 10, 13, 29, 23, 33, 8, 22)","(43, 28, 24, 53, 33, 40, 60, 52, 56, 54, 53, 16, 39, 20, 23, 39, 33, 43, 18, 32)",388,410,True,0.05365853658536585
894,strongly_correlated,20,242,"(29, 32, 19, 49, 44, 24, 14, 4, 33, 23, 40, 3, 40, 3, 20, 25, 15, 37, 14, 15)","(39, 42, 29, 59, 54, 34, 24, 14, 43, 33, 50, 13, 50, 13, 30, 35, 25, 47, 24, 25)",380,381,True,0.0026246719160104987
895,strongly_correlated,20,300,"(42, 2, 28, 15, 36, 15, 15, 49, 47, 32, 45, 17, 49, 29, 40, 32, 29, 31, 24, 22)","(52, 12, 38, 25, 46, 25, 25, 59, 57, 42, 55, 27, 59, 39, 50, 42, 39, 41, 34, 32)",421,430,True,0.020930232558139535
896,strongly_correlated,20,224,"(13, 38, 8, 11, 21, 50, 41, 44, 30, 7, 18, 19, 7, 23, 12, 22, 29, 1, 13, 41)","(23, 48, 18, 21, 31, 60, 51, 54, 40, 17, 28, 29, 17, 33, 22, 32, 39, 11, 23, 51)",344,364,True,0.054945054945054944
897,strongly_correlated,20,224,"(4, 4, 49, 18, 26, 18, 25, 6, 22, 10, 42, 17, 5, 17, 27, 39, 17, 42, 28, 32)","(14, 14, 59, 28, 36, 28, 35, 16, 32, 20, 52, 27, 15, 27, 37, 49, 27, 52, 38, 42)",356,364,True,0.02197802197802198
898,strongly_correlated,20,225,"(27, 9, 6, 21, 2, 46, 31, 15, 3, 10, 35, 32, 38, 6, 19, 36, 24, 49, 9, 32)","(37, 19, 16, 31, 12, 56, 41, 25, 13, 20, 45, 42, 48, 16, 29, 46, 34, 59, 19, 42)",354,365,True,0.030136986301369864
899,strongly_correlated,20,258,"(9, 5, 48, 37, 46, 16, 22, 6, 19, 26, 17, 30, 38, 36, 21, 2, 47, 38, 10, 43)","(19, 15, 58, 47, 56, 26, 32, 16, 29, 36, 27, 40, 48, 46, 31, 12, 57, 48, 20, 53)",396,398,True,0.005025125628140704
900,strongly_correlated,20,258,"(40, 15, 24, 49, 7, 43, 6, 45, 16, 47, 22, 4, 11, 29, 15, 36, 28, 34, 19, 25)","(50, 25, 34, 59, 17, 53, 16, 55, 26, 57, 32, 14, 21, 39, 25, 46, 38, 44, 29, 35)",395,397,True,0.005037783375314861
901,strongly_correlated,20,314,"(28, 43, 19, 8, 38, 10, 25, 49, 32, 18, 46, 44, 21, 49, 41, 32, 25, 44, 27, 30)","(38, 53, 29, 18, 48, 20, 35, 59, 42, 28, 56, 54, 31, 59, 51, 42, 35, 54, 37, 40)",443,443,False,0.0
902,strongly_correlated,20,294,"(18, 42, 41, 26, 31, 5, 38, 10, 44, 42, 35, 37, 13, 34, 10, 33, 20, 49, 22, 39)","(28, 52, 51, 36, 41, 15, 48, 20, 54, 52, 45, 47, 23, 44, 20, 43, 30, 59, 32, 49)",424,424,False,0.0
903,strongly_correlated,20,225,"(3, 44, 42, 6, 19, 29, 12, 36, 13, 13, 26, 26, 6, 38, 16, 17, 30, 42, 24, 8)","(13, 54, 52, 16, 29, 39, 22, 46, 23, 23, 36, 36, 16, 48, 26, 27, 40, 52, 34, 18)",358,365,True,0.019178082191780823
904,strongly_correlated,20,274,"(46, 39, 19, 33, 26, 39, 45, 47, 4, 27, 32, 50, 33, 3, 32, 6, 25, 2, 31, 9)","(56, 49, 29, 43, 36, 49, 55, 57, 14, 37, 42, 60, 43, 13, 42, 16, 35, 12, 41, 19)",379,404,True,0.06188118811881188
905,strongly_correlated,20,259,"(44, 23, 23, 35, 31, 40, 2, 9, 25, 9, 43, 38, 3, 34, 26, 23, 26, 7, 37, 40)","(54, 33, 33, 45, 41, 50, 12, 19, 35, 19, 53, 48, 13, 44, 36, 33, 36, 17, 47, 50)",371,389,True,0.04627249357326478
906,strongly_correlated,20,232,"(1, 18, 38, 24, 5, 46, 18, 19, 26, 22, 31, 22, 34, 27, 10, 23, 11, 48, 8, 34)","(11, 28, 48, 34, 15, 56, 28, 29, 36, 32, 41, 32, 44, 37, 20, 33, 21, 58, 18, 44)",337,362,True,0.06906077348066299
907,strongly_correlated,20,218,"(45, 26, 4, 10, 19, 19, 31, 11, 45, 11, 13, 31, 5, 11, 46, 15, 16, 3, 27, 49)","(55, 36, 14, 20, 29, 29, 41, 21, 55, 21, 23, 41, 15, 21, 56, 25, 26, 13, 37, 59)",330,358,True,0.0782122905027933
908,strongly_correlated,20,251,"(42, 3, 26, 12, 49, 3, 20, 41, 23, 46, 44, 29, 19, 44, 10, 36, 21, 15, 9, 10)","(52, 13, 36, 22, 59, 13, 30, 51, 33, 56, 54, 39, 29, 54, 20, 46, 31, 25, 19, 20)",376,391,True,0.03836317135549872
909,strongly_correlated,20,293,"(14, 43, 26, 42, 14, 16, 1, 49, 40, 19, 25, 44, 27, 33, 32, 16, 30, 40, 28, 47)","(24, 53, 36, 52, 24, 26, 11, 59, 50, 29, 35, 54, 37, 43, 42, 26, 40, 50, 38, 57)",411,423,True,0.028368794326241134
910,strongly_correlated,20,284,"(40, 40, 29, 50, 41, 6, 40, 43, 18, 20, 8, 44, 29, 9, 36, 12, 13, 13, 35, 43)","(50, 50, 39, 60, 51, 16, 50, 53, 28, 30, 18, 54, 39, 19, 46, 22, 23, 23, 45, 53)",398,414,True,0.03864734299516908
911,strongly_correlated,20,280,"(30, 25, 46, 26, 9, 12, 34, 49, 15, 45, 50, 32, 44, 9, 5, 36, 25, 14, 46, 9)","(40, 35, 56, 36, 19, 22, 44, 59, 25, 55, 60, 42, 54, 19, 15, 46, 35, 24, 56, 19)",375,410,True,0.08536585365853659
912,strongly_correlated,20,268,"(34, 48, 20, 13, 36, 27, 41, 11, 35, 23, 2, 3, 4, 41, 12, 34, 48, 35, 38, 32)","(44, 58, 30, 23, 46, 37, 51, 21, 45, 33, 12, 13, 14, 51, 22, 44, 58, 45, 48, 42)",380,398,True,0.04522613065326633
913,strongly_correlated,20,286,"(7, 2, 31, 48, 38, 44, 22, 22, 25, 25, 14, 44, 48, 20, 12, 48, 49, 43, 27, 2)","(17, 12, 41, 58, 48, 54, 32, 32, 35, 35, 24, 54, 58, 30, 22, 58, 59, 53, 37, 12)",377,416,True,0.09375
914,strongly_correlated,20,263,"(4, 20, 48, 5, 37, 12, 22, 10, 5, 42, 32, 24, 35, 44, 44, 24, 43, 12, 23, 40)","(14, 30, 58, 15, 47, 22, 32, 20, 15, 52, 42, 34, 45, 54, 54, 34, 53, 22, 33, 50)",358,393,True,0.089058524173028
915,strongly_correlated,20,216,"(12, 20, 21, 31, 4, 18, 28, 31, 33, 4, 20, 18, 26, 31, 1, 12, 44, 48, 24, 6)","(22, 30, 31, 41, 14, 28, 38, 41, 43, 14, 30, 28, 36, 41, 11, 22, 54, 58, 34, 16)",354,354,False,0.0
916,strongly_correlated,20,316,"(44, 38, 43, 13, 34, 7, 36, 35, 40, 34, 39, 34, 46, 18, 9, 39, 23, 22, 48, 31)","(54, 48, 53, 23, 44, 17, 46, 45, 50, 44, 49, 44, 56, 28, 19, 49, 33, 32, 58, 41)",416,436,True,0.045871559633027525
917,strongly_correlated,20,266,"(49, 34, 33, 5, 4, 6, 42, 37, 28, 25, 39, 18, 24, 48, 49, 7, 25, 32, 21, 7)","(59, 44, 43, 15, 14, 16, 52, 47, 38, 35, 49, 28, 34, 58, 59, 17, 35, 42, 31, 17)",365,396,True,0.07828282828282829
918,strongly_correlated,20,275,"(46, 41, 30, 46, 6, 10, 24, 48, 1, 27, 3, 25, 35, 28, 30, 27, 16, 26, 41, 40)","(56, 51, 40, 56, 16, 20, 34, 58, 11, 37, 13, 35, 45, 38, 40, 37, 26, 36, 51, 50)",383,405,True,0.05432098765432099
919,strongly_correlated,20,239,"(44, 34, 48, 18, 19, 16, 36, 16, 12, 10, 35, 16, 31, 8, 26, 7, 4, 41, 41, 16)","(54, 44, 58, 28, 29, 26, 46, 26, 22, 20, 45, 26, 41, 18, 36, 17, 14, 51, 51, 26)",373,379,True,0.0158311345646438
920,strongly_correlated,20,261,"(39, 21, 27, 42, 10, 22, 12, 2, 39, 43, 34, 47, 16, 25, 34, 31, 6, 34, 2, 36)","(49, 31, 37, 52, 20, 32, 22, 12, 49, 53, 44, 57, 26, 35, 44, 41, 16, 44, 12, 46)",372,391,True,0.04859335038363171
921,strongly_correlated,20,263,"(23, 23, 26, 6, 39, 12, 1, 15, 43, 49, 12, 42, 25, 3, 40, 28, 14, 39, 38, 48)","(33, 33, 36, 16, 49, 22, 11, 25, 53, 59, 22, 52, 35, 13, 50, 38, 24, 49, 48, 58)",356,393,True,0.09414758269720101
922,strongly_correlated,20,228,"(4, 33, 32, 13, 14, 48, 5, 45, 16, 19, 21, 8, 38, 9, 19, 21, 15, 48, 21, 28)","(14, 43, 42, 23, 24, 58, 15, 55, 26, 29, 31, 18, 48, 19, 29, 31, 25, 58, 31, 38)",353,367,True,0.03814713896457766
923,strongly_correlated,20,298,"(31, 10, 39, 24, 36, 48, 40, 44, 2, 45, 27, 6, 7, 50, 46, 30, 29, 13, 29, 41)","(41, 20, 49, 34, 46, 58, 50, 54, 12, 55, 37, 16, 17, 60, 56, 40, 39, 23, 39, 51)",413,428,True,0.035046728971962614
924,strongly_correlated,20,262,"(37, 49, 22, 30, 5, 45, 26, 42, 17, 41, 5, 3, 22, 13, 21, 38, 44, 46, 7, 12)","(47, 59, 32, 40, 15, 55, 36, 52, 27, 51, 15, 13, 32, 23, 31, 48, 54, 56, 17, 22)",398,402,True,0.009950248756218905
925,strongly_correlated,20,224,"(6, 3, 46, 18, 48, 25, 4, 50, 20, 10, 37, 7, 6, 36, 26, 4, 28, 30, 7, 38)","(16, 13, 56, 28, 58, 35, 14, 60, 30, 20, 47, 17, 16, 46, 36, 14, 38, 40, 17, 48)",334,364,True,0.08241758241758242
926,strongly_correlated,20,241,"(42, 27, 9, 40, 24, 12, 40, 2, 34, 50, 2, 39, 27, 21, 44, 11, 16, 8, 14, 20)","(52, 37, 19, 50, 34, 22, 50, 12, 44, 60, 12, 49, 37, 31, 54, 21, 26, 18, 24, 30)",367,380,True,0.034210526315789476
927,strongly_correlated,20,219,"(41, 9, 6, 7, 13, 20, 25, 25, 2, 2, 43, 44, 43, 24, 13, 14, 15, 38, 27, 27)","(51, 19, 16, 17, 23, 30, 35, 35, 12, 12, 53, 54, 53, 34, 23, 24, 25, 48, 37, 37)",342,359,True,0.04735376044568245
928,strongly_correlated,20,266,"(20, 27, 35, 10, 50, 9, 50, 32, 15, 44, 19, 40, 35, 14, 7, 18, 36, 22, 12, 37)","(30, 37, 45, 20, 60, 19, 60, 42, 25, 54, 29, 50, 45, 24, 17, 28, 46, 32, 22, 47)",370,396,True,0.06565656565656566
929,strongly_correlated,20,236,"(13, 34, 5, 19, 5, 39, 50, 29, 38, 41, 23, 20, 18, 3, 38, 24, 16, 17, 14, 26)","(23, 44, 15, 29, 15, 49, 60, 39, 48, 51, 33, 30, 28, 13, 48, 34, 26, 27, 24, 36)",372,372,False,0.0
930,strongly_correlated,20,286,"(34, 6, 31, 18, 49, 38, 18, 37, 36, 30, 15, 45, 17, 32, 14, 11, 43, 27, 40, 31)","(44, 16, 41, 28, 59, 48, 28, 47, 46, 40, 25, 55, 27, 42, 24, 21, 53, 37, 50, 41)",414,416,True,0.004807692307692308
931,strongly_correlated,20,293,"(28, 25, 44, 36, 37, 50, 29, 15, 20, 26, 12, 33, 35, 22, 16, 19, 23, 25, 45, 46)","(38, 35, 54, 46, 47, 60, 39, 25, 30, 36, 22, 43, 45, 32, 26, 29, 33, 35, 55, 56)",423,423,False,0.0
932,strongly_correlated,20,220,"(34, 7, 44, 33, 41, 47, 33, 27, 10, 8, 2, 12, 1, 7, 9, 34, 8, 14, 49, 19)","(44, 17, 54, 43, 51, 57, 43, 37, 20, 18, 12, 22, 11, 17, 19, 44, 18, 24, 59, 29)",330,360,True,0.08333333333333333
933,strongly_correlated,20,236,"(34, 37, 12, 36, 33, 2, 43, 5, 39, 13, 9, 22, 23, 6, 43, 3, 36, 47, 27, 2)","(44, 47, 22, 46, 43, 12, 53, 15, 49, 23, 19, 32, 33, 16, 53, 13, 46, 57, 37, 12)",367,376,True,0.023936170212765957
934,strongly_correlated,20,234,"(30, 16, 1, 2, 5, 17, 10, 22, 45, 36, 45, 23, 11, 39, 10, 41, 23, 41, 7, 45)","(40, 26, 11, 12, 15, 27, 20, 32, 55, 46, 55, 33, 21, 49, 20, 51, 33, 51, 17, 55)",353,374,True,0.05614973262032086
935,strongly_correlated,20,297,"(44, 47, 30, 25, 4, 22, 12, 33, 19, 31, 46, 27, 30, 26, 37, 30, 32, 9, 50, 40)","(54, 57, 40, 35, 14, 32, 22, 43, 29, 41, 56, 37, 40, 36, 47, 40, 42, 19, 60, 50)",427,427,False,0.0
936,strongly_correlated,20,244,"(10, 28, 12, 3, 40, 13, 8, 31, 46, 38, 14, 25, 30, 27, 42, 24, 24, 13, 43, 17)","(20, 38, 22, 13, 50, 23, 18, 41, 56, 48, 24, 35, 40, 37, 52, 34, 34, 23, 53, 27)",348,374,True,0.06951871657754011
937,strongly_correlated,20,244,"(35, 9, 41, 6, 40, 27, 37, 15, 35, 27, 33, 9, 10, 19, 32, 13, 44, 1, 43, 12)","(45, 19, 51, 16, 50, 37, 47, 25, 45, 37, 43, 19, 20, 29, 42, 23, 54, 11, 53, 22)",343,374,True,0.08288770053475936
938,strongly_correlated,20,292,"(29, 32, 24, 44, 36, 41, 12, 48, 22, 22, 48, 29, 8, 8, 36, 49, 10, 23, 43, 21)","(39, 42, 34, 54, 46, 51, 22, 58, 32, 32, 58, 39, 18, 18, 46, 59, 20, 33, 53, 31)",406,422,True,0.037914691943127965
939,strongly_correlated,20,261,"(7, 10, 15, 15, 22, 7, 2, 43, 44, 47, 22, 49, 5, 18, 33, 43, 41, 40, 22, 37)","(17, 20, 25, 25, 32, 17, 12, 53, 54, 57, 32, 59, 15, 28, 43, 53, 51, 50, 32, 47)",395,401,True,0.014962593516209476
940,strongly_correlated,20,257,"(23, 18, 1, 8, 43, 20, 46, 40, 47, 38, 4, 40, 4, 7, 38, 32, 8, 44, 4, 49)","(33, 28, 11, 18, 53, 30, 56, 50, 57, 48, 14, 50, 14, 17, 48, 42, 18, 54, 14, 59)",385,397,True,0.030226700251889168
941,strongly_correlated,20,332,"(23, 34, 35, 26, 48, 44, 43, 47, 27, 40, 50, 21, 3, 48, 48, 21, 22, 15, 39, 31)","(33, 44, 45, 36, 58, 54, 53, 57, 37, 50, 60, 31, 13, 58, 58, 31, 32, 25, 49, 41)",417,452,True,0.07743362831858407
942,strongly_correlated,20,314,"(26, 14, 46, 46, 14, 39, 17, 32, 39, 4, 31, 34, 24, 35, 41, 36, 48, 25, 45, 33)","(36, 24, 56, 56, 24, 49, 27, 42, 49, 14, 41, 44, 34, 45, 51, 46, 58, 35, 55, 43)",409,434,True,0.0576036866359447
943,strongly_correlated,20,260,"(35, 16, 35, 45, 9, 45, 50, 12, 29, 29, 33, 20, 18, 11, 26, 4, 36, 21, 29, 16)","(45, 26, 45, 55, 19, 55, 60, 22, 39, 39, 43, 30, 28, 21, 36, 14, 46, 31, 39, 26)",370,390,True,0.05128205128205128
944,strongly_correlated,20,244,"(1, 21, 33, 35, 24, 4, 23, 26, 36, 39, 38, 4, 49, 13, 21, 26, 12, 4, 28, 50)","(11, 31, 43, 45, 34, 14, 33, 36, 46, 49, 48, 14, 59, 23, 31, 36, 22, 14, 38, 60)",380,383,True,0.007832898172323759
945,strongly_correlated,20,266,"(28, 22, 45, 42, 13, 15, 13, 10, 31, 29, 37, 32, 19, 5, 25, 50, 28, 35, 30, 23)","(38, 32, 55, 52, 23, 25, 23, 20, 41, 39, 47, 42, 29, 15, 35, 60, 38, 45, 40, 33)",390,396,True,0.015151515151515152
946,strongly_correlated,20,230,"(3, 46, 42, 49, 18, 32, 19, 22, 12, 6, 12, 41, 21, 38, 15, 41, 6, 7, 19, 11)","(13, 56, 52, 59, 28, 42, 29, 32, 22, 16, 22, 51, 31, 48, 25, 51, 16, 17, 29, 21)",343,370,True,0.07297297297297298
947,strongly_correlated,20,236,"(13, 45, 18, 23, 33, 7, 11, 31, 43, 21, 49, 4, 18, 23, 10, 23, 46, 38, 15, 1)","(23, 55, 28, 33, 43, 17, 21, 41, 53, 31, 59, 14, 28, 33, 20, 33, 56, 48, 25, 11)",358,376,True,0.047872340425531915
948,strongly_correlated,20,256,"(34, 23, 50, 2, 39, 5, 6, 38, 48, 28, 22, 41, 10, 19, 46, 13, 18, 5, 15, 49)","(44, 33, 60, 12, 49, 15, 16, 48, 58, 38, 32, 51, 20, 29, 56, 23, 28, 15, 25, 59)",378,396,True,0.045454545454545456
949,strongly_correlated,20,236,"(22, 43, 24, 42, 21, 18, 40, 18, 41, 31, 36, 37, 21, 1, 9, 18, 2, 25, 8, 14)","(32, 53, 34, 52, 31, 28, 50, 28, 51, 41, 46, 47, 31, 11, 19, 28, 12, 35, 18, 24)",372,372,False,0.0
950,strongly_correlated,20,215,"(14, 13, 45, 27, 14, 29, 4, 23, 2, 12, 28, 19, 14, 50, 19, 30, 32, 49, 3, 3)","(24, 23, 55, 37, 24, 39, 14, 33, 12, 22, 38, 29, 24, 60, 29, 40, 42, 59, 13, 13)",335,355,True,0.056338028169014086
951,strongly_correlated,20,190,"(49, 50, 12, 17, 17, 20, 7, 27, 13, 1, 27, 24, 8, 9, 21, 8, 5, 3, 20, 41)","(59, 60, 22, 27, 27, 30, 17, 37, 23, 11, 37, 34, 18, 19, 31, 18, 15, 13, 30, 51)",335,338,True,0.008875739644970414
952,strongly_correlated,20,155,"(8, 44, 4, 30, 13, 3, 11, 3, 48, 3, 32, 1, 28, 25, 3, 17, 8, 18, 2, 9)","(18, 54, 14, 40, 23, 13, 21, 13, 58, 13, 42, 11, 38, 35, 13, 27, 18, 28, 12, 19)",278,305,True,0.08852459016393442
953,strongly_correlated,20,242,"(1, 15, 25, 45, 17, 45, 28, 16, 5, 4, 40, 45, 36, 25, 43, 35, 6, 20, 12, 21)","(11, 25, 35, 55, 27, 55, 38, 26, 15, 14, 50, 55, 46, 35, 53, 45, 16, 30, 22, 31)",370,382,True,0.031413612565445025
954,strongly_correlated,20,279,"(12, 37, 4, 47, 44, 45, 11, 35, 46, 45, 19, 19, 39, 37, 45, 2, 23, 33, 10, 5)","(22, 47, 14, 57, 54, 55, 21, 45, 56, 55, 29, 29, 49, 47, 55, 12, 33, 43, 20, 15)",377,409,True,0.07823960880195599
955,strongly_correlated,20,254,"(43, 27, 30, 18, 40, 26, 10, 35, 32, 21, 1, 33, 32, 41, 6, 3, 10, 40, 17, 43)","(53, 37, 40, 28, 50, 36, 20, 45, 42, 31, 11, 43, 42, 51, 16, 13, 20, 50, 27, 53)",363,384,True,0.0546875
956,strongly_correlated,20,314,"(44, 26, 10, 28, 48, 43, 30, 46, 43, 6, 39, 18, 17, 17, 30, 39, 21, 41, 37, 46)","(54, 36, 20, 38, 58, 53, 40, 56, 53, 16, 49, 28, 27, 27, 40, 49, 31, 51, 47, 56)",399,434,True,0.08064516129032258
957,strongly_correlated,20,269,"(30, 12, 50, 13, 18, 24, 27, 33, 45, 7, 48, 42, 14, 38, 37, 30, 2, 13, 28, 27)","(40, 22, 60, 23, 28, 34, 37, 43, 55, 17, 58, 52, 24, 48, 47, 40, 12, 23, 38, 37)",375,399,True,0.06015037593984962
958,strongly_correlated,20,273,"(21, 40, 31, 15, 28, 25, 32, 1, 39, 11, 38, 49, 35, 30, 21, 11, 45, 48, 14, 12)","(31, 50, 41, 25, 38, 35, 42, 11, 49, 21, 48, 59, 45, 40, 31, 21, 55, 58, 24, 22)",382,403,True,0.052109181141439205
959,strongly_correlated,20,254,"(31, 13, 8, 41, 27, 25, 15, 5, 35, 46, 40, 5, 26, 44, 39, 1, 41, 35, 30, 1)","(41, 23, 18, 51, 37, 35, 25, 15, 45, 56, 50, 15, 36, 54, 49, 11, 51, 45, 40, 11)",352,384,True,0.08333333333333333
960,strongly_correlated,20,283,"(25, 36, 12, 3, 19, 50, 34, 46, 25, 49, 20, 31, 31, 36, 20, 23, 39, 5, 45, 17)","(35, 46, 22, 13, 29, 60, 44, 56, 35, 59, 30, 41, 41, 46, 30, 33, 49, 15, 55, 27)",395,413,True,0.043583535108958835
961,strongly_correlated,20,273,"(42, 50, 34, 4, 8, 27, 35, 17, 9, 23, 25, 9, 20, 25, 31, 36, 48, 28, 28, 47)","(52, 60, 44, 14, 18, 37, 45, 27, 19, 33, 35, 19, 30, 35, 41, 46, 58, 38, 38, 57)",384,403,True,0.04714640198511166
962,strongly_correlated,20,242,"(17, 37, 42, 42, 29, 22, 9, 26, 13, 22, 37, 49, 42, 17, 2, 37, 15, 3, 20, 3)","(27, 47, 52, 52, 39, 32, 19, 36, 23, 32, 47, 59, 52, 27, 12, 47, 25, 13, 30, 13)",375,380,True,0.013157894736842105
963,strongly_correlated,20,280,"(35, 20, 14, 11, 48, 2, 23, 42, 17, 37, 10, 48, 41, 20, 19, 41, 50, 8, 30, 44)","(45, 30, 24, 21, 58, 12, 33, 52, 27, 47, 20, 58, 51, 30, 29, 51, 60, 18, 40, 54)",376,410,True,0.08292682926829269
964,strongly_correlated,20,248,"(33, 28, 36, 35, 5, 16, 14, 34, 45, 45, 32, 2, 8, 38, 3, 34, 8, 33, 11, 37)","(43, 38, 46, 45, 15, 26, 24, 44, 55, 55, 42, 12, 18, 48, 13, 44, 18, 43, 21, 47)",357,378,True,0.05555555555555555
965,strongly_correlated,20,320,"(15, 32, 21, 29, 45, 17, 47, 17, 49, 45, 43, 25, 13, 40, 23, 29, 39, 48, 48, 16)","(25, 42, 31, 39, 55, 27, 57, 27, 59, 55, 53, 35, 23, 50, 33, 39, 49, 58, 58, 26)",446,450,True,0.008888888888888889
966,strongly_correlated,20,222,"(3, 22, 43, 37, 32, 21, 30, 25, 22, 41, 40, 20, 4, 33, 5, 19, 11, 26, 1, 9)","(13, 32, 53, 47, 42, 31, 40, 35, 32, 51, 50, 30, 14, 43, 15, 29, 21, 36, 11, 19)",358,361,True,0.008310249307479225
967,strongly_correlated,20,224,"(34, 8, 14, 28, 36, 5, 34, 3, 2, 26, 7, 19, 9, 37, 35, 23, 10, 43, 39, 37)","(44, 18, 24, 38, 46, 15, 44, 13, 12, 36, 17, 29, 19, 47, 45, 33, 20, 53, 49, 47)",362,364,True,0.005494505494505495
968,strongly_correlated,20,224,"(7, 19, 50, 37, 41, 4, 14, 43, 27, 19, 19, 37, 9, 1, 21, 34, 28, 7, 18, 14)","(17, 29, 60, 47, 51, 14, 24, 53, 37, 29, 29, 47, 19, 11, 31, 44, 38, 17, 28, 24)",347,363,True,0.0440771349862259
969,strongly_correlated,20,278,"(25, 43, 36, 6, 50, 19, 6, 44, 26, 3, 16, 36, 27, 25, 38, 33, 39, 46, 12, 26)","(35, 53, 46, 16, 60, 29, 16, 54, 36, 13, 26, 46, 37, 35, 48, 43, 49, 56, 22, 36)",390,408,True,0.04411764705882353
970,strongly_correlated,20,222,"(19, 45, 8, 7, 45, 36, 9, 13, 2, 21, 3, 42, 50, 13, 15, 27, 20, 24, 2, 43)","(29, 55, 18, 17, 55, 46, 19, 23, 12, 31, 13, 52, 60, 23, 25, 37, 30, 34, 12, 53)",369,369,False,0.0
971,strongly_correlated,20,196,"(17, 15, 45, 17, 11, 5, 5, 11, 15, 45, 13, 43, 13, 24, 43, 2, 9, 6, 4, 49)","(27, 25, 55, 27, 21, 15, 15, 21, 25, 55, 23, 53, 23, 34, 53, 12, 19, 16, 14, 59)",317,345,True,0.08115942028985507
972,strongly_correlated,20,250,"(47, 8, 35, 27, 14, 25, 28, 17, 39, 16, 21, 37, 28, 8, 49, 7, 29, 2, 38, 25)","(57, 18, 45, 37, 24, 35, 38, 27, 49, 26, 31, 47, 38, 18, 59, 17, 39, 12, 48, 35)",356,380,True,0.06315789473684211
973,strongly_correlated,20,242,"(10, 39, 4, 27, 46, 17, 50, 18, 37, 7, 30, 30, 5, 5, 24, 3, 41, 50, 5, 36)","(20, 49, 14, 37, 56, 27, 60, 28, 47, 17, 40, 40, 15, 15, 34, 13, 51, 60, 15, 46)",361,382,True,0.0549738219895288
974,strongly_correlated,20,303,"(22, 33, 39, 50, 40, 38, 45, 1, 26, 31, 26, 16, 19, 46, 23, 20, 5, 45, 39, 42)","(32, 43, 49, 60, 50, 48, 55, 11, 36, 41, 36, 26, 29, 56, 33, 30, 15, 55, 49, 52)",429,433,True,0.009237875288683603
975,strongly_correlated,20,292,"(32, 45, 45, 4, 42, 38, 36, 44, 4, 20, 50, 5, 17, 42, 36, 37, 4, 33, 47, 4)","(42, 55, 55, 14, 52, 48, 46, 54, 14, 30, 60, 15, 27, 52, 46, 47, 14, 43, 57, 14)",400,422,True,0.052132701421800945
976,strongly_correlated,20,302,"(22, 48, 44, 13, 46, 4, 19, 36, 38, 31, 49, 22, 16, 39, 39, 1, 17, 44, 42, 34)","(32, 58, 54, 23, 56, 14, 29, 46, 48, 41, 59, 32, 26, 49, 49, 11, 27, 54, 52, 44)",422,432,True,0.023148148148148147
977,strongly_correlated,20,302,"(41, 50, 4, 42, 35, 20, 22, 43, 38, 3, 48, 16, 41, 40, 45, 17, 13, 7, 42, 37)","(51, 60, 14, 52, 45, 30, 32, 53, 48, 13, 58, 26, 51, 50, 55, 27, 23, 17, 52, 47)",423,432,True,0.020833333333333332
978,strongly_correlated,20,238,"(38, 10, 49, 6, 26, 15, 35, 28, 13, 22, 39, 31, 11, 5, 13, 44, 13, 40, 22, 17)","(48, 20, 59, 16, 36, 25, 45, 38, 23, 32, 49, 41, 21, 15, 23, 54, 23, 50, 32, 27)",372,376,True,0.010638297872340425
979,strongly_correlated,20,228,"(30, 12, 14, 7, 24, 11, 43, 8, 6, 10, 46, 35, 2, 21, 39, 16, 32, 25, 32, 44)","(40, 22, 24, 17, 34, 21, 53, 18, 16, 20, 56, 45, 12, 31, 49, 26, 42, 35, 42, 54)",358,368,True,0.02717391304347826
980,strongly_correlated,20,238,"(28, 20, 12, 14, 18, 19, 43, 27, 19, 48, 22, 8, 3, 48, 11, 21, 46, 13, 10, 45)","(38, 30, 22, 24, 28, 29, 53, 37, 29, 58, 32, 18, 13, 58, 21, 31, 56, 23, 20, 55)",357,378,True,0.05555555555555555
981,strongly_correlated,20,224,"(15, 4, 9, 23, 24, 46, 32, 7, 49, 24, 30, 30, 35, 32, 12, 11, 20, 4, 31, 10)","(25, 14, 19, 33, 34, 56, 42, 17, 59, 34, 40, 40, 45, 42, 22, 21, 30, 14, 41, 20)",363,364,True,0.0027472527472527475
982,strongly_correlated,20,211,"(33, 7, 24, 6, 31, 18, 6, 17, 40, 34, 41, 50, 19, 4, 4, 16, 44, 1, 22, 5)","(43, 17, 34, 16, 41, 28, 16, 27, 50, 44, 51, 60, 29, 14, 14, 26, 54, 11, 32, 15)",320,351,True,0.08831908831908832
983,strongly_correlated,20,278,"(43, 34, 49, 33, 25, 36, 38, 37, 25, 1, 34, 36, 38, 8, 17, 31, 9, 4, 7, 50)","(53, 44, 59, 43, 35, 46, 48, 47, 35, 11, 44, 46, 48, 18, 27, 41, 19, 14, 17, 60)",394,408,True,0.03431372549019608
984,strongly_correlated,20,239,"(47, 41, 7, 31, 9, 6, 40, 23, 23, 2, 34, 34, 17, 43, 24, 15, 39, 16, 10, 17)","(57, 51, 17, 41, 19, 16, 50, 33, 33, 12, 44, 44, 27, 53, 34, 25, 49, 26, 20, 27)",374,379,True,0.013192612137203167
985,strongly_correlated,20,204,"(22, 14, 24, 2, 32, 27, 38, 11, 19, 8, 10, 18, 20, 28, 33, 5, 35, 46, 9, 6)","(32, 24, 34, 12, 42, 37, 48, 21, 29, 18, 20, 28, 30, 38, 43, 15, 45, 56, 19, 16)",335,344,True,0.02616279069767442
986,strongly_correlated,20,223,"(8, 6, 24, 12, 5, 37, 31, 32, 41, 48, 29, 16, 11, 26, 37, 21, 46, 1, 14, 1)","(18, 16, 34, 22, 15, 47, 41, 42, 51, 58, 39, 26, 21, 36, 47, 31, 56, 11, 24, 11)",345,363,True,0.049586776859504134
987,strongly_correlated,20,271,"(35, 34, 50, 41, 34, 4, 2, 2, 18, 4, 15, 5, 42, 43, 43, 45, 46, 14, 21, 44)","(45, 44, 60, 51, 44, 14, 12, 12, 28, 14, 25, 15, 52, 53, 53, 55, 56, 24, 31, 54)",411,411,False,0.0
988,strongly_correlated,20,238,"(20, 39, 7, 37, 7, 16, 6, 20, 19, 3, 25, 26, 25, 39, 28, 35, 19, 25, 39, 40)","(30, 49, 17, 47, 17, 26, 16, 30, 29, 13, 35, 36, 35, 49, 38, 45, 29, 35, 49, 50)",348,368,True,0.05434782608695652
989,strongly_correlated,20,246,"(6, 9, 20, 45, 18, 28, 46, 43, 3, 46, 7, 11, 50, 13, 6, 46, 19, 27, 29, 21)","(16, 19, 30, 55, 28, 38, 56, 53, 13, 56, 17, 21, 60, 23, 16, 56, 29, 37, 39, 31)",357,386,True,0.07512953367875648
990,strongly_correlated,20,288,"(33, 3, 47, 17, 19, 49, 17, 18, 40, 33, 45, 4, 35, 10, 23, 18, 50, 31, 44, 41)","(43, 13, 57, 27, 29, 59, 27, 28, 50, 43, 55, 14, 45, 20, 33, 28, 60, 41, 54, 51)",391,418,True,0.0645933014354067
991,strongly_correlated,20,272,"(10, 30, 42, 12, 19, 17, 12, 45, 10, 30, 37, 10, 24, 45, 14, 46, 25, 36, 39, 41)","(20, 40, 52, 22, 29, 27, 22, 55, 20, 40, 47, 20, 34, 55, 24, 56, 35, 46, 49, 51)",379,402,True,0.05721393034825871
992,strongly_correlated,20,242,"(13, 24, 1, 48, 21, 19, 40, 46, 23, 7, 22, 28, 25, 8, 18, 3, 25, 22, 40, 50)","(23, 34, 11, 58, 31, 29, 50, 56, 33, 17, 32, 38, 35, 18, 28, 13, 35, 32, 50, 60)",371,381,True,0.026246719160104987
993,strongly_correlated,20,217,"(4, 6, 10, 35, 22, 40, 38, 15, 24, 49, 28, 17, 20, 40, 27, 16, 17, 20, 3, 3)","(14, 16, 20, 45, 32, 50, 48, 25, 34, 59, 38, 27, 30, 50, 37, 26, 27, 30, 13, 13)",344,357,True,0.036414565826330535
994,strongly_correlated,20,255,"(9, 49, 36, 50, 25, 42, 24, 4, 33, 9, 7, 48, 19, 45, 19, 7, 8, 1, 50, 25)","(19, 59, 46, 60, 35, 52, 34, 14, 43, 19, 17, 58, 29, 55, 29, 17, 18, 11, 60, 35)",366,395,True,0.07341772151898734
995,strongly_correlated,20,265,"(12, 19, 49, 43, 16, 28, 20, 7, 42, 34, 22, 23, 18, 43, 7, 48, 16, 15, 27, 41)","(22, 29, 59, 53, 26, 38, 30, 17, 52, 44, 32, 33, 28, 53, 17, 58, 26, 25, 37, 51)",404,404,False,0.0
996,strongly_correlated,20,247,"(29, 31, 15, 7, 7, 24, 34, 2, 31, 23, 40, 42, 40, 15, 21, 11, 39, 24, 35, 24)","(39, 41, 25, 17, 17, 34, 44, 12, 41, 33, 50, 52, 50, 25, 31, 21, 49, 34, 45, 34)",363,377,True,0.03713527851458886
997,strongly_correlated,20,220,"(30, 29, 20, 18, 12, 24, 13, 23, 13, 46, 5, 7, 49, 34, 31, 28, 1, 30, 25, 1)","(40, 39, 30, 28, 22, 34, 23, 33, 23, 56, 15, 17, 59, 44, 41, 38, 11, 40, 35, 11)",359,360,True,0.002777777777777778
998,strongly_correlated,20,322,"(11, 31, 39, 35, 31, 12, 13, 36, 47, 43, 30, 50, 12, 50, 44, 46, 2, 39, 23, 49)","(21, 41, 49, 45, 41, 22, 23, 46, 57, 53, 40, 60, 22, 60, 54, 56, 12, 49, 33, 59)",444,452,True,0.017699115044247787
999,strongly_correlated,20,276,"(44, 6, 37, 37, 35, 32, 31, 9, 42, 21, 42, 42, 7, 42, 13, 10, 17, 37, 4, 45)","(54, 16, 47, 47, 45, 42, 41, 19, 52, 31, 52, 52, 17, 52, 23, 20, 27, 47, 14, 55)",389,406,True,0.04187192118226601
0,weakly_correlated,20,272,"(25, 3, 33, 26, 31, 38, 33, 19, 49, 40, 35, 10, 7, 44, 31, 7, 28, 40, 14, 31)","(28, 5, 38, 25, 32, 34, 27, 13, 42, 38, 44, 10, 3, 44, 38, 12, 28, 50, 21, 35)",316,320,True,0.0125
1,weakly_correlated,20,261,"(9, 49, 17, 32, 31, 25, 7, 2, 28, 49, 45, 18, 38, 21, 2, 42, 1, 44, 28, 34)","(19, 41, 10, 36, 41, 21, 16, 7, 37, 39, 49, 15, 31, 11, 1, 49, 7, 40, 18, 31)",314,317,True,0.00946372239747634
2,weakly_correlated,20,195,"(4, 6, 11, 17, 14, 3, 44, 28, 26, 24, 29, 18, 2, 30, 25, 34, 36, 16, 2, 21)","(2, 12, 10, 26, 23, 10, 39, 38, 32, 31, 35, 9, 6, 30, 28, 29, 31, 13, 3, 16)",256,257,True,0.0038910505836575876
3,weakly_correlated,20,272,"(16, 35, 24, 31, 38, 39, 31, 36, 13, 35, 31, 41, 15, 10, 25, 43, 11, 3, 50, 18)","(24, 29, 33, 41, 30, 29, 29, 33, 18, 42, 33, 35, 25, 17, 15, 35, 19, 5, 40, 23)",324,337,True,0.03857566765578635
4,weakly_correlated,20,228,"(16, 7, 31, 6, 2, 36, 49, 15, 35, 18, 7, 14, 42, 18, 11, 19, 47, 6, 43, 33)","(15, 13, 25, 3, 7, 35, 40, 21, 36, 13, 9, 4, 40, 14, 10, 29, 48, 11, 45, 30)",264,264,False,0.0
5,weakly_correlated,20,228,"(40, 48, 45, 34, 30, 42, 11, 24, 16, 35, 37, 1, 27, 12, 11, 9, 9, 1, 14, 11)","(38, 49, 55, 24, 27, 33, 4, 29, 18, 28, 34, 4, 25, 14, 3, 15, 5, 1, 10, 6)",248,250,True,0.008
6,weakly_correlated,20,282,"(37, 32, 3, 10, 31, 21, 18, 13, 35, 44, 13, 36, 43, 44, 28, 6, 27, 29, 49, 45)","(29, 30, 1, 19, 32, 11, 23, 16, 42, 37, 21, 34, 52, 36, 28, 12, 25, 22, 45, 55)",335,336,True,0.002976190476190476
7,weakly_correlated,20,184,"(21, 26, 4, 35, 24, 4, 14, 6, 27, 16, 36, 4, 37, 15, 41, 4, 38, 4, 3, 9)","(15, 36, 2, 28, 32, 9, 5, 14, 19, 8, 39, 14, 30, 25, 49, 10, 40, 4, 9, 10)",253,254,True,0.003937007874015748
8,weakly_correlated,20,244,"(15, 25, 13, 6, 16, 14, 42, 30, 30, 32, 13, 6, 15, 45, 34, 31, 47, 43, 7, 25)","(16, 19, 4, 5, 22, 16, 32, 35, 32, 40, 15, 16, 5, 43, 37, 33, 40, 41, 3, 34)",276,289,True,0.04498269896193772
9,weakly_correlated,20,268,"(30, 24, 9, 44, 22, 30, 6, 36, 45, 47, 11, 47, 11, 16, 8, 33, 5, 45, 48, 19)","(39, 22, 6, 34, 28, 39, 11, 45, 36, 49, 15, 50, 6, 7, 5, 41, 13, 47, 41, 15)",328,330,True,0.006060606060606061
10,weakly_correlated,20,270,"(37, 28, 37, 14, 32, 42, 3, 32, 5, 48, 3, 9, 25, 19, 30, 44, 43, 9, 50, 29)","(28, 33, 27, 18, 30, 37, 9, 32, 4, 49, 7, 12, 28, 17, 25, 43, 44, 15, 47, 38)",306,306,False,0.0
11,weakly_correlated,20,300,"(29, 50, 29, 38, 12, 31, 40, 7, 20, 6, 39, 29, 48, 42, 40, 34, 4, 13, 39, 50)","(36, 54, 35, 34, 18, 41, 35, 15, 14, 2, 41, 39, 57, 37, 30, 26, 1, 10, 29, 54)",359,359,False,0.0
12,weakly_correlated,20,248,"(31, 43, 43, 10, 1, 31, 42, 45, 15, 1, 40, 29, 11, 14, 37, 5, 44, 44, 6, 4)","(29, 49, 44, 13, 6, 29, 46, 54, 22, 11, 34, 30, 11, 5, 33, 9, 44, 46, 1, 14)",301,305,True,0.013114754098360656
13,weakly_correlated,20,268,"(17, 44, 42, 43, 15, 47, 9, 35, 48, 2, 9, 18, 6, 29, 9, 23, 32, 37, 43, 28)","(16, 39, 39, 37, 25, 42, 3, 31, 47, 7, 1, 12, 9, 32, 9, 20, 39, 40, 44, 38)",306,306,False,0.0
14,weakly_correlated,20,244,"(7, 16, 48, 19, 43, 20, 44, 26, 17, 21, 17, 41, 34, 11, 43, 11, 42, 8, 2, 18)","(17, 14, 46, 11, 47, 24, 46, 19, 14, 22, 18, 51, 28, 18, 41, 1, 34, 11, 2, 14)",271,282,True,0.03900709219858156
15,weakly_correlated,20,252,"(14, 34, 11, 2, 44, 45, 16, 22, 46, 18, 17, 15, 23, 15, 47, 27, 37, 27, 6, 37)","(4, 25, 8, 1, 38, 46, 9, 26, 47, 20, 18, 11, 23, 14, 53, 24, 41, 32, 15, 38)",281,281,False,0.0
16,weakly_correlated,20,238,"(24, 31, 27, 29, 27, 16, 15, 19, 22, 48, 20, 15, 17, 10, 43, 2, 30, 41, 15, 24)","(29, 30, 24, 19, 25, 26, 5, 18, 16, 57, 10, 24, 7, 20, 53, 8, 39, 40, 14, 22)",296,304,True,0.02631578947368421
17,weakly_correlated,20,242,"(34, 20, 19, 50, 43, 8, 16, 48, 17, 21, 44, 9, 4, 13, 46, 36, 22, 8, 20, 6)","(37, 21, 14, 57, 41, 1, 18, 51, 23, 31, 46, 18, 3, 7, 53, 32, 29, 3, 23, 16)",305,305,False,0.0
18,weakly_correlated,20,230,"(12, 43, 22, 13, 41, 12, 19, 17, 17, 21, 44, 16, 16, 48, 37, 13, 14, 17, 22, 15)","(5, 47, 19, 18, 46, 17, 23, 13, 10, 27, 39, 11, 12, 49, 43, 18, 13, 7, 24, 17)",269,269,False,0.0
19,weakly_correlated,20,270,"(44, 34, 33, 26, 34, 38, 39, 7, 27, 18, 50, 20, 37, 13, 13, 35, 25, 7, 2, 38)","(35, 27, 29, 27, 33, 32, 37, 9, 27, 11, 50, 10, 46, 5, 6, 39, 17, 14, 2, 41)",288,292,True,0.0136986301369863
20,weakly_correlated,20,202,"(47, 17, 7, 37, 2, 27, 7, 21, 38, 27, 13, 41, 22, 6, 26, 14, 16, 13, 6, 17)","(41, 27, 11, 32, 7, 19, 5, 26, 42, 23, 13, 41, 25, 16, 18, 22, 7, 6, 7, 16)",242,247,True,0.020242914979757085
21,weakly_correlated,20,263,"(11, 45, 41, 31, 31, 12, 34, 1, 24, 28, 10, 15, 28, 40, 3, 35, 45, 42, 2, 48)","(14, 48, 40, 27, 37, 18, 31, 1, 32, 20, 8, 6, 31, 44, 6, 40, 38, 43, 3, 40)",301,303,True,0.006600660066006601
22,weakly_correlated,20,253,"(9, 2, 29, 45, 48, 23, 15, 4, 39, 36, 46, 37, 38, 20, 13, 8, 47, 4, 21, 22)","(8, 10, 24, 38, 58, 15, 13, 6, 34, 39, 37, 27, 36, 23, 8, 17, 55, 12, 30, 20)",306,307,True,0.003257328990228013
23,weakly_correlated,20,272,"(50, 6, 38, 28, 34, 9, 18, 1, 40, 2, 6, 27, 33, 47, 23, 14, 38, 43, 40, 48)","(49, 1, 37, 30, 35, 7, 22, 4, 44, 2, 16, 17, 43, 50, 14, 5, 39, 38, 36, 49)",297,307,True,0.03257328990228013
24,weakly_correlated,20,351,"(46, 38, 14, 13, 43, 46, 46, 47, 29, 47, 8, 34, 32, 44, 32, 44, 40, 44, 20, 35)","(48, 33, 9, 8, 35, 40, 45, 37, 33, 57, 1, 29, 36, 43, 24, 42, 35, 44, 12, 45)",368,370,True,0.005405405405405406
25,weakly_correlated,20,295,"(25, 14, 41, 3, 17, 20, 28, 38, 37, 33, 21, 36, 33, 34, 41, 39, 23, 23, 44, 40)","(15, 13, 46, 13, 8, 28, 21, 31, 33, 42, 16, 37, 38, 27, 34, 47, 26, 19, 39, 44)",334,340,True,0.01764705882352941
26,weakly_correlated,20,286,"(48, 43, 28, 35, 9, 3, 44, 33, 41, 16, 46, 45, 43, 10, 14, 31, 24, 38, 2, 19)","(44, 39, 37, 26, 16, 12, 53, 28, 44, 19, 42, 35, 40, 5, 23, 33, 21, 28, 12, 26)",341,345,True,0.011594202898550725
27,weakly_correlated,20,296,"(42, 45, 19, 5, 17, 22, 24, 12, 16, 5, 41, 42, 40, 50, 48, 43, 23, 42, 17, 40)","(47, 43, 15, 2, 24, 20, 26, 9, 21, 12, 49, 34, 43, 53, 39, 47, 13, 47, 11, 40)",336,343,True,0.02040816326530612
28,weakly_correlated,20,262,"(8, 35, 46, 15, 41, 49, 14, 10, 11, 39, 13, 27, 5, 27, 45, 12, 34, 40, 44, 9)","(5, 44, 41, 9, 45, 52, 10, 13, 5, 35, 3, 24, 2, 27, 39, 18, 32, 37, 48, 7)",286,286,False,0.0
29,weakly_correlated,20,261,"(36, 23, 39, 6, 26, 2, 7, 42, 23, 32, 39, 27, 29, 15, 27, 34, 35, 20, 33, 27)","(28, 32, 38, 12, 29, 1, 15, 39, 15, 32, 46, 23, 24, 18, 35, 30, 38, 18, 30, 32)",308,309,True,0.003236245954692557
30,weakly_correlated,20,286,"(35, 40, 40, 14, 4, 25, 9, 30, 34, 2, 11, 34, 42, 35, 26, 16, 44, 49, 37, 44)","(34, 30, 50, 12, 7, 35, 3, 20, 31, 2, 20, 36, 43, 27, 16, 24, 42, 52, 30, 42)",318,325,True,0.021538461538461538
31,weakly_correlated,20,202,"(1, 8, 10, 9, 35, 46, 10, 43, 9, 35, 34, 14, 6, 2, 22, 14, 26, 39, 14, 27)","(8, 13, 2, 4, 32, 40, 2, 34, 8, 39, 37, 22, 4, 7, 18, 14, 27, 36, 10, 35)",238,238,False,0.0
32,weakly_correlated,20,228,"(5, 14, 20, 32, 47, 7, 33, 4, 45, 24, 1, 49, 34, 32, 19, 29, 22, 3, 8, 29)","(15, 8, 17, 22, 38, 11, 33, 9, 50, 33, 9, 43, 24, 28, 15, 21, 15, 9, 6, 19)",257,257,False,0.0
33,weakly_correlated,20,274,"(37, 41, 18, 42, 34, 42, 33, 44, 31, 19, 5, 27, 34, 4, 39, 18, 36, 8, 21, 14)","(32, 38, 23, 49, 29, 51, 33, 50, 35, 29, 5, 26, 39, 12, 42, 18, 33, 2, 20, 6)",330,330,False,0.0
34,weakly_correlated,20,272,"(34, 38, 15, 25, 5, 20, 7, 10, 18, 40, 50, 49, 6, 24, 48, 46, 25, 38, 20, 25)","(35, 28, 5, 26, 7, 20, 17, 4, 19, 30, 44, 55, 2, 22, 55, 37, 20, 48, 19, 25)",307,307,False,0.0
35,weakly_correlated,20,300,"(36, 49, 48, 10, 28, 37, 48, 49, 42, 46, 49, 24, 33, 7, 24, 22, 4, 16, 6, 22)","(36, 43, 48, 10, 26, 28, 54, 47, 43, 54, 42, 14, 23, 16, 14, 27, 1, 16, 6, 17)",311,326,True,0.046012269938650305
36,weakly_correlated,20,251,"(22, 2, 6, 33, 12, 18, 28, 36, 35, 37, 32, 23, 16, 11, 33, 45, 34, 12, 46, 21)","(13, 5, 1, 43, 9, 28, 29, 34, 27, 40, 34, 25, 18, 4, 38, 41, 33, 17, 54, 28)",297,305,True,0.02622950819672131
37,weakly_correlated,20,271,"(44, 6, 41, 29, 7, 39, 25, 29, 4, 27, 35, 24, 46, 38, 24, 46, 3, 34, 14, 27)","(53, 2, 42, 35, 15, 38, 28, 23, 2, 19, 34, 34, 49, 46, 34, 54, 13, 43, 20, 19)",349,350,True,0.002857142857142857
38,weakly_correlated,20,302,"(41, 28, 5, 45, 24, 39, 38, 21, 46, 40, 31, 26, 40, 34, 10, 34, 1, 24, 44, 33)","(44, 21, 6, 49, 15, 34, 39, 19, 46, 39, 39, 23, 32, 39, 14, 31, 7, 31, 53, 23)",340,347,True,0.020172910662824207
39,weakly_correlated,20,221,"(14, 25, 13, 26, 1, 17, 46, 2, 44, 24, 7, 23, 49, 26, 38, 18, 30, 17, 21, 1)","(12, 15, 10, 34, 11, 18, 41, 5, 36, 14, 14, 26, 42, 32, 37, 10, 33, 25, 29, 1)",265,274,True,0.032846715328467155
40,weakly_correlated,20,222,"(30, 34, 16, 43, 43, 9, 18, 2, 48, 4, 13, 46, 4, 39, 8, 21, 33, 7, 4, 21)","(38, 25, 15, 53, 39, 12, 22, 9, 42, 11, 22, 50, 3, 39, 9, 15, 39, 14, 14, 21)",296,296,False,0.0
41,weakly_correlated,20,255,"(25, 15, 25, 45, 36, 25, 1, 43, 29, 10, 11, 42, 38, 8, 28, 48, 5, 24, 9, 43)","(25, 10, 33, 44, 34, 33, 4, 33, 23, 11, 9, 51, 29, 2, 27, 44, 12, 29, 18, 33)",296,297,True,0.003367003367003367
42,weakly_correlated,20,277,"(41, 2, 18, 15, 48, 44, 6, 3, 6, 15, 39, 36, 46, 45, 27, 29, 18, 49, 45, 22)","(34, 12, 15, 9, 41, 51, 14, 1, 7, 21, 29, 32, 56, 52, 24, 37, 8, 44, 48, 20)",327,331,True,0.012084592145015106
43,weakly_correlated,20,226,"(3, 45, 30, 43, 30, 32, 2, 28, 24, 36, 26, 4, 7, 25, 7, 33, 9, 39, 18, 12)","(5, 39, 31, 36, 39, 41, 9, 36, 33, 39, 21, 14, 4, 19, 6, 38, 13, 45, 26, 14)",285,300,True,0.05
44,weakly_correlated,20,232,"(27, 35, 12, 15, 2, 8, 7, 50, 45, 45, 25, 26, 23, 22, 40, 8, 5, 7, 21, 41)","(33, 28, 14, 14, 4, 1, 6, 56, 44, 55, 33, 26, 15, 21, 35, 17, 10, 9, 14, 40)",278,278,False,0.0
45,weakly_correlated,20,150,"(18, 32, 6, 22, 5, 1, 19, 20, 3, 5, 18, 14, 5, 27, 45, 3, 21, 23, 7, 6)","(21, 30, 10, 12, 8, 2, 12, 30, 10, 3, 12, 17, 10, 21, 36, 3, 19, 23, 14, 1)",182,186,True,0.021505376344086023
46,weakly_correlated,20,240,"(5, 3, 38, 41, 10, 35, 2, 21, 4, 2, 36, 34, 46, 26, 24, 31, 5, 48, 40, 28)","(7, 10, 35, 47, 19, 26, 2, 31, 14, 3, 35, 34, 38, 31, 18, 35, 8, 55, 33, 25)",296,298,True,0.006711409395973154
47,weakly_correlated,20,255,"(23, 28, 30, 22, 33, 26, 3, 27, 7, 17, 47, 1, 37, 15, 34, 23, 16, 36, 46, 39)","(15, 35, 38, 20, 35, 35, 13, 17, 1, 22, 54, 6, 40, 12, 40, 27, 7, 37, 47, 39)",311,317,True,0.01892744479495268
48,weakly_correlated,20,247,"(36, 9, 46, 20, 13, 11, 43, 32, 15, 49, 36, 10, 14, 5, 5, 32, 9, 45, 19, 45)","(36, 18, 53, 26, 16, 5, 36, 42, 11, 55, 42, 16, 4, 7, 3, 27, 2, 52, 19, 45)",294,304,True,0.03289473684210526
49,weakly_correlated,20,294,"(5, 27, 21, 33, 44, 49, 10, 47, 41, 33, 39, 37, 26, 16, 7, 47, 21, 18, 26, 40)","(6, 20, 28, 24, 35, 47, 15, 38, 48, 30, 38, 38, 16, 10, 14, 49, 22, 28, 35, 31)",331,338,True,0.020710059171597635
50,weakly_correlated,20,234,"(32, 24, 16, 50, 6, 15, 6, 23, 23, 15, 5, 22, 39, 41, 5, 39, 45, 28, 15, 18)","(30, 34, 21, 50, 11, 22, 5, 16, 23, 11, 14, 31, 42, 33, 12, 39, 55, 18, 15, 21)",301,302,True,0.0033112582781456954
51,weakly_correlated,20,257,"(16, 36, 16, 36, 26, 30, 34, 22, 43, 25, 26, 8, 35, 3, 44, 23, 20, 29, 13, 29)","(22, 31, 13, 34, 33, 37, 44, 30, 44, 23, 16, 1, 33, 8, 39, 32, 21, 39, 3, 24)",311,313,True,0.006389776357827476
52,weakly_correlated,20,222,"(18, 47, 31, 27, 9, 27, 23, 41, 3, 25, 1, 5, 11, 15, 18, 50, 27, 3, 25, 37)","(9, 53, 32, 18, 6, 22, 27, 31, 9, 29, 4, 3, 16, 25, 23, 55, 20, 10, 17, 39)",268,274,True,0.021897810218978103
53,weakly_correlated,20,244,"(40, 30, 46, 46, 24, 47, 3, 23, 17, 11, 24, 29, 15, 9, 33, 21, 43, 4, 18, 6)","(36, 36, 51, 52, 28, 37, 3, 17, 8, 2, 21, 25, 9, 12, 43, 27, 45, 6, 12, 14)",284,290,True,0.020689655172413793
54,weakly_correlated,20,252,"(9, 36, 31, 25, 29, 37, 14, 4, 36, 39, 35, 34, 27, 35, 7, 18, 38, 25, 24, 1)","(15, 35, 36, 22, 29, 39, 10, 8, 40, 31, 35, 33, 25, 29, 9, 22, 29, 15, 22, 4)",272,276,True,0.014492753623188406
55,weakly_correlated,20,230,"(6, 10, 6, 20, 23, 35, 25, 26, 47, 35, 3, 17, 15, 46, 37, 15, 25, 6, 13, 49)","(7, 10, 6, 12, 28, 37, 31, 26, 50, 45, 11, 8, 21, 36, 41, 6, 22, 14, 10, 45)",274,280,True,0.02142857142857143
56,weakly_correlated,20,265,"(36, 31, 34, 50, 27, 7, 40, 22, 17, 14, 49, 14, 38, 9, 44, 10, 16, 7, 36, 29)","(26, 41, 33, 57, 24, 12, 32, 32, 25, 4, 57, 5, 45, 13, 34, 13, 11, 7, 32, 24)",313,322,True,0.027950310559006212
57,weakly_correlated,20,268,"(3, 38, 2, 33, 31, 28, 25, 48, 34, 24, 26, 42, 44, 35, 42, 9, 10, 25, 10, 28)","(6, 47, 4, 33, 30, 38, 15, 43, 43, 26, 19, 50, 49, 33, 51, 19, 5, 32, 19, 34)",343,345,True,0.005797101449275362
58,weakly_correlated,20,248,"(38, 14, 13, 13, 26, 19, 29, 27, 38, 1, 14, 49, 29, 43, 43, 4, 43, 20, 12, 20)","(34, 24, 4, 17, 27, 17, 38, 26, 31, 8, 19, 41, 36, 45, 44, 2, 37, 11, 11, 15)",286,288,True,0.006944444444444444
59,weakly_correlated,20,244,"(15, 42, 2, 20, 44, 1, 25, 35, 49, 47, 22, 34, 7, 42, 21, 6, 13, 37, 6, 20)","(7, 46, 3, 10, 53, 8, 30, 34, 44, 55, 17, 27, 12, 33, 20, 2, 5, 46, 9, 12)",284,293,True,0.030716723549488054
60,weakly_correlated,20,227,"(20, 37, 17, 31, 22, 6, 10, 3, 41, 27, 9, 40, 44, 33, 36, 4, 37, 20, 2, 15)","(19, 31, 14, 35, 13, 6, 13, 4, 31, 22, 10, 50, 38, 42, 44, 10, 30, 14, 10, 14)",271,271,False,0.0
61,weakly_correlated,20,283,"(32, 36, 21, 21, 32, 23, 26, 22, 22, 1, 45, 41, 22, 28, 9, 19, 48, 29, 40, 49)","(27, 32, 20, 11, 33, 15, 30, 17, 32, 9, 37, 36, 12, 22, 13, 18, 48, 29, 41, 59)",314,315,True,0.0031746031746031746
62,weakly_correlated,20,230,"(37, 5, 16, 20, 11, 12, 1, 41, 8, 31, 34, 50, 38, 11, 46, 21, 29, 2, 26, 22)","(32, 14, 20, 21, 17, 7, 5, 36, 1, 36, 24, 50, 48, 7, 38, 28, 37, 10, 25, 23)",285,290,True,0.017241379310344827
63,weakly_correlated,20,250,"(29, 19, 31, 25, 5, 13, 5, 41, 48, 4, 43, 22, 18, 44, 3, 46, 15, 36, 28, 24)","(33, 17, 23, 17, 11, 12, 14, 40, 57, 4, 37, 19, 27, 34, 10, 41, 24, 39, 38, 29)",315,317,True,0.006309148264984227
64,weakly_correlated,20,251,"(31, 41, 26, 44, 14, 46, 49, 45, 10, 27, 13, 6, 44, 5, 7, 38, 15, 13, 2, 26)","(24, 50, 33, 34, 12, 56, 45, 55, 3, 31, 3, 13, 34, 3, 2, 36, 22, 5, 8, 22)",307,307,False,0.0
65,weakly_correlated,20,272,"(27, 19, 15, 30, 29, 22, 28, 5, 36, 17, 42, 40, 17, 11, 48, 44, 9, 24, 42, 40)","(26, 25, 19, 36, 36, 32, 25, 15, 40, 13, 47, 31, 10, 17, 42, 37, 12, 32, 43, 37)",337,337,False,0.0
66,weakly_correlated,20,267,"(5, 28, 29, 17, 7, 12, 34, 46, 46, 47, 27, 41, 2, 8, 9, 2, 46, 45, 40, 43)","(5, 25, 28, 24, 16, 16, 28, 38, 47, 42, 31, 47, 9, 13, 12, 1, 42, 49, 36, 43)",313,313,False,0.0
67,weakly_correlated,20,235,"(5, 50, 30, 18, 28, 40, 14, 3, 12, 3, 29, 8, 32, 16, 48, 1, 42, 47, 10, 34)","(2, 53, 33, 27, 33, 38, 24, 11, 11, 3, 24, 4, 31, 18, 56, 7, 48, 42, 12, 24)",287,292,True,0.017123287671232876
68,weakly_correlated,20,270,"(48, 45, 8, 28, 17, 29, 24, 36, 50, 3, 47, 7, 4, 39, 13, 1, 28, 35, 34, 45)","(52, 51, 8, 33, 17, 36, 19, 46, 43, 9, 52, 11, 2, 34, 9, 9, 32, 37, 28, 52)",331,331,False,0.0
69,weakly_correlated,20,244,"(44, 7, 5, 23, 36, 30, 37, 34, 36, 29, 27, 5, 19, 13, 20, 45, 14, 7, 40, 17)","(35, 6, 10, 23, 39, 33, 41, 34, 43, 23, 29, 7, 13, 7, 16, 51, 7, 13, 32, 26)",286,287,True,0.003484320557491289
70,weakly_correlated,20,206,"(8, 45, 29, 21, 10, 14, 25, 26, 5, 21, 25, 7, 3, 23, 9, 17, 49, 32, 9, 35)","(10, 49, 23, 14, 20, 17, 22, 36, 9, 19, 29, 3, 8, 22, 1, 21, 42, 24, 12, 32)",252,252,False,0.0
71,weakly_correlated,20,224,"(21, 40, 17, 49, 17, 13, 4, 13, 2, 34, 30, 23, 11, 23, 2, 42, 13, 21, 29, 43)","(27, 30, 11, 45, 9, 19, 10, 19, 12, 35, 24, 33, 2, 32, 7, 50, 7, 24, 22, 33)",279,282,True,0.010638297872340425
72,weakly_correlated,20,262,"(5, 39, 23, 40, 20, 9, 15, 10, 45, 30, 29, 50, 6, 47, 27, 18, 24, 24, 41, 23)","(13, 34, 30, 41, 29, 11, 17, 1, 42, 20, 21, 49, 11, 37, 25, 19, 21, 29, 38, 31)",305,305,False,0.0
73,weakly_correlated,20,268,"(18, 33, 37, 30, 38, 32, 34, 13, 8, 17, 50, 27, 36, 32, 28, 4, 37, 13, 30, 19)","(11, 38, 32, 29, 30, 34, 40, 17, 1, 20, 40, 28, 39, 39, 23, 5, 46, 5, 31, 13)",306,309,True,0.009708737864077669
74,weakly_correlated,20,202,"(40, 8, 8, 12, 23, 29, 34, 29, 21, 33, 1, 3, 15, 10, 27, 18, 43, 1, 13, 37)","(46, 11, 10, 8, 16, 33, 32, 24, 19, 42, 9, 3, 19, 20, 24, 16, 46, 9, 8, 28)",248,254,True,0.023622047244094488
75,weakly_correlated,20,260,"(29, 28, 3, 50, 44, 44, 7, 6, 18, 47, 39, 18, 2, 35, 44, 44, 9, 10, 32, 11)","(37, 32, 12, 56, 49, 45, 11, 9, 23, 48, 44, 21, 7, 43, 48, 40, 7, 10, 41, 15)",312,330,True,0.05454545454545454
76,weakly_correlated,20,239,"(24, 25, 20, 27, 19, 49, 32, 6, 20, 22, 4, 43, 38, 25, 22, 30, 5, 41, 10, 16)","(28, 21, 11, 24, 18, 53, 29, 11, 17, 29, 1, 46, 47, 22, 29, 20, 11, 43, 4, 26)",285,288,True,0.010416666666666666
77,weakly_correlated,20,196,"(17, 13, 13, 19, 36, 16, 36, 43, 1, 2, 12, 33, 12, 21, 6, 35, 14, 13, 6, 45)","(17, 10, 6, 24, 45, 10, 46, 49, 5, 8, 8, 35, 12, 14, 9, 40, 11, 5, 7, 52)",236,245,True,0.036734693877551024
78,weakly_correlated,20,240,"(13, 20, 48, 3, 10, 50, 45, 25, 1, 47, 23, 22, 27, 12, 24, 14, 13, 30, 10, 42)","(6, 18, 51, 11, 13, 46, 50, 32, 4, 42, 26, 32, 22, 13, 15, 7, 7, 29, 20, 48)",285,296,True,0.037162162162162164
79,weakly_correlated,20,239,"(10, 23, 11, 16, 10, 23, 13, 47, 46, 12, 31, 40, 25, 17, 3, 45, 47, 48, 4, 7)","(15, 32, 8, 21, 3, 13, 6, 52, 45, 15, 32, 32, 18, 22, 12, 45, 51, 40, 8, 4)",275,284,True,0.03169014084507042
80,weakly_correlated,20,212,"(18, 35, 24, 35, 24, 36, 15, 4, 16, 34, 1, 29, 9, 15, 23, 12, 14, 17, 21, 43)","(20, 38, 25, 37, 14, 38, 24, 7, 11, 42, 3, 38, 6, 16, 31, 22, 12, 9, 14, 33)",266,267,True,0.003745318352059925
81,weakly_correlated,20,257,"(33, 22, 35, 31, 11, 29, 1, 19, 15, 44, 39, 14, 49, 38, 12, 12, 50, 42, 16, 2)","(37, 29, 37, 21, 5, 38, 6, 20, 14, 38, 31, 20, 48, 45, 12, 14, 47, 46, 20, 9)",313,313,False,0.0
82,weakly_correlated,20,220,"(10, 33, 12, 44, 11, 28, 38, 13, 36, 8, 6, 23, 6, 12, 16, 46, 2, 24, 46, 27)","(16, 32, 7, 42, 2, 33, 31, 12, 30, 16, 11, 28, 16, 2, 17, 45, 9, 31, 50, 29)",270,273,True,0.01098901098901099
83,weakly_correlated,20,236,"(32, 6, 25, 4, 14, 12, 6, 27, 23, 36, 31, 46, 29, 3, 2, 49, 23, 37, 36, 31)","(36, 5, 16, 11, 10, 11, 2, 21, 22, 32, 41, 43, 24, 13, 1, 53, 25, 32, 36, 35)",273,273,False,0.0
84,weakly_correlated,20,266,"(47, 50, 32, 34, 13, 32, 49, 39, 35, 34, 26, 39, 9, 3, 3, 3, 34, 35, 1, 13)","(46, 41, 22, 34, 17, 39, 50, 33, 33, 38, 26, 36, 16, 9, 3, 8, 33, 28, 4, 16)",293,303,True,0.033003300330033
85,weakly_correlated,20,294,"(13, 7, 13, 30, 38, 44, 35, 15, 39, 30, 28, 1, 36, 28, 40, 50, 44, 42, 9, 45)","(22, 11, 10, 31, 35, 46, 42, 23, 47, 39, 21, 11, 28, 33, 44, 55, 41, 39, 14, 38)",351,363,True,0.03305785123966942
86,weakly_correlated,20,278,"(50, 36, 48, 50, 46, 48, 20, 7, 7, 30, 38, 14, 4, 12, 19, 31, 6, 31, 32, 28)","(40, 36, 38, 42, 52, 58, 22, 17, 14, 20, 34, 15, 13, 14, 11, 33, 10, 25, 33, 31)",323,333,True,0.03003003003003003
87,weakly_correlated,20,303,"(10, 35, 18, 42, 46, 46, 24, 18, 49, 32, 40, 49, 17, 45, 6, 2, 18, 39, 28, 42)","(7, 28, 18, 49, 46, 39, 14, 20, 41, 38, 32, 45, 12, 52, 10, 12, 21, 49, 28, 46)",350,351,True,0.002849002849002849
88,weakly_correlated,20,215,"(26, 22, 41, 34, 22, 9, 8, 39, 29, 21, 9, 11, 30, 4, 16, 13, 12, 16, 34, 34)","(22, 17, 31, 24, 26, 8, 5, 34, 32, 24, 10, 4, 30, 3, 20, 10, 2, 26, 38, 24)",236,236,False,0.0
89,weakly_correlated,20,197,"(6, 9, 5, 27, 14, 45, 5, 11, 40, 15, 38, 4, 21, 5, 31, 26, 48, 9, 2, 33)","(9, 12, 3, 27, 13, 45, 10, 15, 30, 9, 42, 9, 13, 7, 23, 24, 48, 1, 3, 30)",219,221,True,0.00904977375565611
90,weakly_correlated,20,262,"(14, 31, 38, 41, 29, 20, 32, 24, 35, 3, 41, 24, 7, 35, 12, 44, 2, 33, 50, 8)","(6, 39, 37, 42, 37, 18, 30, 16, 29, 11, 43, 28, 5, 41, 3, 36, 2, 32, 46, 4)",289,296,True,0.02364864864864865
91,weakly_correlated,20,312,"(6, 44, 26, 48, 30, 17, 13, 24, 14, 25, 50, 44, 45, 42, 25, 23, 47, 50, 28, 22)","(6, 39, 30, 52, 34, 14, 22, 29, 10, 17, 42, 48, 52, 41, 32, 25, 57, 57, 23, 17)",367,367,False,0.0
92,weakly_correlated,20,294,"(27, 37, 36, 18, 37, 31, 5, 43, 22, 3, 42, 11, 11, 40, 47, 31, 46, 44, 30, 28)","(33, 44, 44, 11, 43, 26, 10, 53, 13, 1, 52, 19, 20, 35, 50, 26, 39, 38, 22, 29)",348,359,True,0.03064066852367688
93,weakly_correlated,20,231,"(32, 47, 8, 23, 12, 8, 38, 40, 8, 26, 42, 50, 14, 42, 11, 19, 19, 14, 5, 4)","(40, 48, 3, 17, 14, 6, 29, 47, 12, 19, 34, 60, 11, 47, 19, 28, 19, 19, 2, 3)",286,286,False,0.0
94,weakly_correlated,20,254,"(35, 8, 20, 2, 32, 20, 39, 35, 28, 48, 23, 23, 43, 27, 42, 17, 6, 31, 5, 24)","(30, 9, 23, 11, 33, 23, 37, 25, 18, 51, 27, 19, 34, 31, 37, 11, 10, 29, 13, 27)",295,295,False,0.0
95,weakly_correlated,20,238,"(49, 33, 9, 2, 1, 6, 13, 37, 39, 41, 7, 18, 24, 12, 26, 40, 39, 39, 33, 8)","(56, 40, 16, 3, 10, 9, 4, 43, 35, 51, 12, 20, 18, 7, 26, 35, 41, 37, 28, 4)",290,292,True,0.00684931506849315
96,weakly_correlated,20,252,"(24, 44, 14, 22, 45, 11, 42, 6, 22, 18, 33, 37, 35, 29, 16, 34, 21, 11, 8, 33)","(24, 46, 7, 13, 35, 14, 42, 9, 23, 12, 23, 42, 40, 29, 17, 40, 11, 2, 15, 29)",277,282,True,0.01773049645390071
97,weakly_correlated,20,228,"(13, 24, 37, 36, 2, 18, 2, 41, 31, 21, 20, 17, 35, 12, 16, 35, 5, 48, 7, 35)","(16, 15, 27, 27, 12, 19, 2, 45, 24, 18, 15, 20, 31, 5, 24, 29, 13, 42, 3, 42)",257,259,True,0.007722007722007722
98,weakly_correlated,20,260,"(23, 3, 27, 31, 47, 5, 32, 26, 42, 1, 49, 50, 22, 42, 13, 11, 12, 33, 18, 33)","(31, 6, 18, 30, 54, 13, 28, 17, 43, 1, 51, 49, 13, 47, 20, 13, 20, 29, 27, 27)",313,313,False,0.0
99,weakly_correlated,20,255,"(26, 13, 12, 16, 49, 17, 34, 6, 13, 47, 38, 24, 44, 10, 43, 37, 6, 31, 26, 18)","(28, 22, 9, 10, 41, 19, 41, 16, 16, 56, 34, 26, 40, 15, 38, 37, 3, 31, 17, 25)",304,306,True,0.006535947712418301
100,weakly_correlated,20,264,"(10, 30, 46, 47, 28, 8, 8, 48, 17, 43, 14, 15, 50, 12, 13, 24, 27, 26, 36, 25)","(15, 25, 48, 48, 34, 18, 3, 52, 8, 53, 14, 14, 46, 6, 14, 34, 23, 30, 34, 20)",312,312,False,0.0
101,weakly_correlated,20,235,"(38, 35, 30, 43, 14, 15, 32, 22, 5, 13, 6, 50, 24, 31, 16, 26, 14, 28, 20, 8)","(34, 36, 21, 49, 23, 14, 28, 26, 5, 8, 15, 57, 20, 31, 26, 29, 6, 32, 16, 11)",287,287,False,0.0
102,weakly_correlated,20,285,"(10, 23, 36, 12, 19, 28, 38, 47, 35, 48, 12, 29, 33, 6, 45, 39, 29, 15, 34, 32)","(20, 18, 45, 14, 28, 36, 29, 53, 44, 54, 14, 26, 27, 2, 40, 47, 35, 21, 28, 41)",347,363,True,0.0440771349862259
103,weakly_correlated,20,332,"(46, 47, 45, 39, 42, 30, 44, 32, 9, 38, 3, 7, 39, 19, 48, 47, 47, 15, 50, 16)","(50, 43, 37, 32, 44, 30, 37, 24, 8, 28, 4, 5, 45, 14, 51, 55, 50, 23, 59, 8)",372,372,False,0.0
104,weakly_correlated,20,154,"(2, 47, 26, 1, 2, 7, 8, 42, 24, 4, 13, 17, 21, 11, 20, 3, 29, 16, 12, 3)","(4, 44, 26, 3, 3, 5, 3, 42, 34, 14, 21, 19, 30, 21, 23, 8, 36, 14, 20, 2)",224,226,True,0.008849557522123894
105,weakly_correlated,20,270,"(38, 38, 1, 34, 22, 11, 11, 7, 23, 28, 25, 32, 46, 40, 34, 4, 40, 23, 48, 35)","(39, 31, 5, 42, 21, 12, 5, 13, 18, 37, 29, 29, 41, 39, 32, 6, 33, 18, 50, 41)",300,308,True,0.025974025974025976
106,weakly_correlated,20,208,"(46, 2, 34, 4, 17, 13, 24, 29, 19, 48, 18, 42, 12, 24, 23, 19, 22, 9, 6, 6)","(51, 9, 39, 13, 9, 18, 27, 39, 16, 52, 23, 36, 10, 29, 15, 20, 17, 14, 2, 11)",260,267,True,0.026217228464419477
107,weakly_correlated,20,218,"(16, 38, 31, 9, 35, 17, 39, 46, 21, 12, 13, 48, 9, 24, 5, 5, 13, 30, 6, 18)","(25, 41, 30, 14, 28, 16, 30, 44, 17, 20, 7, 55, 8, 17, 3, 8, 7, 28, 8, 21)",249,253,True,0.015810276679841896
108,weakly_correlated,20,262,"(9, 43, 47, 25, 6, 14, 13, 13, 13, 36, 7, 43, 14, 45, 42, 48, 29, 23, 42, 13)","(3, 45, 45, 21, 10, 9, 13, 6, 5, 39, 11, 45, 24, 54, 33, 56, 20, 23, 39, 19)",303,306,True,0.00980392156862745
109,weakly_correlated,20,254,"(18, 30, 36, 7, 33, 20, 34, 16, 33, 28, 20, 34, 5, 12, 50, 47, 40, 9, 26, 10)","(15, 34, 27, 8, 38, 28, 26, 20, 31, 23, 27, 34, 9, 22, 40, 47, 36, 6, 30, 14)",295,303,True,0.026402640264026403
110,weakly_correlated,20,280,"(25, 16, 31, 41, 45, 35, 33, 48, 8, 6, 29, 1, 28, 43, 18, 24, 33, 27, 50, 18)","(34, 19, 29, 48, 37, 38, 33, 39, 17, 5, 39, 9, 36, 40, 17, 25, 26, 34, 54, 12)",345,345,False,0.0
111,weakly_correlated,20,290,"(14, 32, 26, 40, 41, 45, 36, 12, 27, 46, 25, 46, 32, 21, 37, 27, 28, 7, 7, 30)","(14, 28, 29, 35, 37, 48, 33, 16, 29, 44, 22, 47, 23, 18, 41, 19, 34, 10, 11, 26)",312,316,True,0.012658227848101266
112,weakly_correlated,20,279,"(31, 40, 45, 27, 24, 34, 2, 39, 47, 30, 23, 15, 44, 48, 34, 27, 26, 2, 5, 15)","(39, 39, 49, 22, 21, 38, 7, 36, 51, 28, 19, 24, 39, 52, 35, 36, 24, 2, 11, 14)",323,328,True,0.01524390243902439
113,weakly_correlated,20,272,"(2, 47, 2, 36, 16, 2, 20, 39, 32, 20, 22, 13, 25, 47, 34, 12, 49, 39, 42, 44)","(11, 45, 8, 37, 19, 2, 14, 38, 31, 23, 24, 17, 24, 38, 35, 21, 46, 37, 47, 48)",316,316,False,0.0
114,weakly_correlated,20,263,"(16, 7, 43, 41, 4, 34, 44, 19, 5, 24, 46, 6, 26, 39, 20, 34, 40, 15, 41, 22)","(24, 11, 40, 50, 3, 40, 50, 27, 9, 24, 39, 15, 19, 45, 21, 37, 44, 20, 38, 30)",324,334,True,0.029940119760479042
115,weakly_correlated,20,266,"(19, 50, 35, 22, 19, 19, 31, 36, 10, 3, 12, 48, 16, 12, 34, 50, 41, 1, 34, 39)","(15, 43, 28, 29, 29, 19, 22, 43, 5, 5, 17, 56, 11, 6, 30, 44, 44, 4, 34, 36)",300,305,True,0.01639344262295082
116,weakly_correlated,20,226,"(48, 35, 1, 8, 31, 16, 27, 28, 5, 5, 49, 21, 4, 34, 26, 11, 24, 32, 6, 40)","(57, 34, 11, 5, 36, 14, 35, 36, 8, 6, 55, 26, 9, 27, 30, 18, 18, 39, 15, 36)",296,300,True,0.013333333333333334
117,weakly_correlated,20,283,"(16, 11, 26, 36, 45, 46, 37, 23, 42, 9, 28, 11, 25, 28, 1, 46, 41, 38, 10, 47)","(11, 7, 21, 39, 38, 52, 37, 27, 33, 12, 20, 14, 35, 31, 3, 49, 36, 48, 16, 54)",331,338,True,0.020710059171597635
118,weakly_correlated,20,280,"(46, 12, 7, 19, 20, 2, 32, 39, 37, 10, 44, 1, 37, 25, 49, 40, 36, 24, 49, 30)","(56, 11, 12, 9, 20, 10, 38, 39, 43, 19, 50, 4, 31, 24, 41, 31, 46, 24, 57, 33)",346,346,False,0.0
119,weakly_correlated,20,273,"(19, 48, 43, 49, 7, 28, 16, 17, 14, 38, 26, 28, 44, 14, 30, 34, 47, 27, 3, 14)","(14, 55, 50, 52, 3, 38, 11, 15, 19, 28, 24, 19, 44, 8, 20, 40, 52, 20, 4, 19)",312,317,True,0.015772870662460567
120,weakly_correlated,20,220,"(33, 13, 47, 43, 6, 14, 17, 24, 7, 20, 19, 19, 13, 33, 28, 13, 7, 29, 26, 28)","(30, 23, 55, 47, 11, 11, 17, 19, 11, 14, 18, 15, 19, 26, 24, 3, 1, 31, 35, 30)",263,267,True,0.0149812734082397
121,weakly_correlated,20,255,"(6, 38, 41, 40, 12, 19, 41, 4, 47, 28, 2, 28, 29, 15, 23, 28, 21, 42, 34, 12)","(7, 40, 36, 46, 12, 14, 44, 11, 56, 22, 8, 28, 37, 9, 18, 21, 18, 45, 39, 22)",310,311,True,0.003215434083601286
122,weakly_correlated,20,242,"(33, 39, 5, 24, 30, 11, 20, 46, 36, 25, 10, 18, 5, 8, 41, 40, 34, 32, 24, 3)","(29, 38, 12, 21, 38, 4, 24, 43, 38, 35, 11, 23, 7, 17, 45, 32, 43, 31, 33, 9)",301,312,True,0.035256410256410256
123,weakly_correlated,20,182,"(4, 6, 18, 3, 35, 22, 4, 9, 36, 45, 11, 28, 39, 5, 21, 7, 6, 9, 19, 37)","(5, 14, 11, 7, 42, 22, 3, 11, 36, 42, 1, 20, 41, 1, 25, 2, 5, 1, 22, 42)",214,215,True,0.004651162790697674
124,weakly_correlated,20,162,"(18, 1, 4, 18, 3, 11, 20, 2, 31, 28, 15, 7, 21, 10, 13, 23, 19, 11, 30, 39)","(25, 3, 7, 19, 6, 13, 23, 9, 40, 18, 11, 13, 17, 13, 23, 30, 21, 4, 36, 32)",218,228,True,0.043859649122807015
125,weakly_correlated,20,307,"(16, 39, 37, 23, 39, 40, 1, 46, 10, 33, 41, 49, 19, 32, 32, 4, 46, 41, 28, 38)","(13, 38, 32, 17, 38, 50, 2, 56, 16, 36, 34, 47, 14, 27, 26, 5, 55, 48, 18, 48)",354,361,True,0.019390581717451522
126,weakly_correlated,20,276,"(37, 37, 30, 42, 31, 15, 44, 41, 6, 35, 23, 49, 25, 27, 18, 32, 1, 5, 12, 41)","(28, 46, 27, 37, 36, 10, 38, 46, 10, 29, 19, 54, 16, 30, 23, 38, 11, 5, 9, 37)",318,321,True,0.009345794392523364
127,weakly_correlated,20,231,"(3, 38, 7, 2, 13, 15, 44, 25, 21, 35, 25, 6, 23, 31, 47, 46, 25, 8, 8, 40)","(10, 46, 1, 5, 16, 14, 43, 16, 20, 28, 18, 12, 13, 26, 56, 47, 24, 17, 9, 33)",275,275,False,0.0
128,weakly_correlated,20,259,"(16, 33, 9, 2, 21, 35, 41, 46, 20, 50, 2, 49, 8, 11, 34, 31, 32, 34, 27, 17)","(18, 34, 16, 3, 31, 33, 49, 53, 12, 43, 5, 50, 15, 13, 35, 31, 32, 35, 26, 13)",307,307,False,0.0
129,weakly_correlated,20,250,"(38, 18, 45, 41, 22, 8, 10, 44, 37, 9, 47, 30, 7, 5, 17, 28, 16, 12, 16, 50)","(44, 9, 47, 38, 19, 18, 5, 42, 34, 16, 56, 24, 9, 13, 9, 19, 24, 5, 21, 41)",295,301,True,0.019933554817275746
130,weakly_correlated,20,252,"(34, 18, 42, 2, 16, 22, 22, 43, 36, 14, 2, 2, 10, 42, 28, 32, 26, 43, 36, 34)","(37, 22, 46, 6, 24, 19, 28, 36, 46, 15, 7, 6, 1, 47, 28, 34, 18, 34, 43, 41)",316,316,False,0.0
131,weakly_correlated,20,276,"(21, 50, 6, 19, 25, 23, 39, 46, 15, 44, 32, 15, 4, 11, 47, 48, 42, 48, 1, 17)","(22, 56, 13, 9, 18, 31, 32, 41, 22, 48, 28, 22, 12, 15, 55, 44, 45, 40, 8, 20)",347,347,False,0.0
132,weakly_correlated,20,289,"(27, 27, 11, 20, 50, 2, 29, 13, 11, 26, 45, 40, 40, 24, 38, 13, 36, 39, 44, 43)","(21, 18, 2, 13, 57, 4, 27, 17, 19, 23, 50, 47, 47, 26, 38, 5, 27, 40, 50, 35)",330,331,True,0.0030211480362537764
133,weakly_correlated,20,298,"(32, 31, 50, 50, 35, 48, 48, 19, 19, 1, 33, 11, 19, 1, 21, 37, 19, 37, 40, 45)","(33, 31, 59, 50, 44, 39, 40, 17, 15, 7, 36, 3, 13, 7, 31, 32, 11, 31, 33, 45)",330,336,True,0.017857142857142856
134,weakly_correlated,20,296,"(31, 13, 47, 9, 42, 8, 15, 16, 35, 2, 19, 50, 20, 48, 45, 17, 43, 45, 43, 43)","(37, 20, 57, 1, 47, 13, 20, 25, 39, 2, 25, 48, 12, 56, 55, 27, 45, 46, 41, 44)",376,376,False,0.0
135,weakly_correlated,20,245,"(43, 41, 38, 32, 46, 29, 1, 10, 41, 24, 20, 38, 17, 3, 19, 17, 6, 17, 43, 5)","(44, 51, 36, 31, 39, 28, 10, 12, 39, 25, 18, 36, 15, 4, 9, 23, 10, 18, 43, 4)",275,276,True,0.0036231884057971015
136,weakly_correlated,20,274,"(37, 34, 28, 49, 28, 11, 32, 11, 46, 4, 13, 18, 23, 32, 5, 49, 35, 48, 12, 33)","(40, 25, 33, 45, 22, 21, 23, 2, 55, 4, 22, 27, 25, 22, 14, 47, 25, 39, 12, 32)",309,322,True,0.040372670807453416
137,weakly_correlated,20,225,"(5, 27, 13, 32, 1, 33, 26, 31, 28, 34, 1, 2, 45, 31, 12, 16, 25, 21, 45, 22)","(3, 27, 10, 33, 7, 33, 32, 25, 34, 34, 10, 11, 39, 32, 13, 21, 25, 11, 47, 14)",267,269,True,0.007434944237918215
138,weakly_correlated,20,210,"(13, 29, 14, 18, 12, 29, 22, 6, 35, 9, 10, 2, 41, 15, 10, 39, 44, 42, 26, 5)","(15, 28, 20, 15, 6, 24, 18, 16, 27, 8, 11, 12, 42, 6, 9, 42, 38, 41, 32, 12)",252,252,False,0.0
139,weakly_correlated,20,268,"(1, 35, 43, 48, 1, 22, 23, 49, 39, 15, 20, 9, 33, 34, 21, 24, 50, 35, 33, 1)","(10, 44, 42, 55, 9, 20, 31, 43, 37, 23, 25, 11, 23, 29, 28, 16, 43, 33, 23, 9)",324,330,True,0.01818181818181818
140,weakly_correlated,20,248,"(50, 2, 2, 47, 44, 1, 13, 41, 20, 12, 39, 43, 45, 19, 35, 28, 13, 4, 29, 10)","(43, 5, 9, 38, 41, 9, 15, 43, 11, 9, 35, 46, 49, 10, 42, 30, 18, 12, 36, 5)",291,299,True,0.026755852842809364
141,weakly_correlated,20,252,"(34, 38, 12, 45, 1, 42, 1, 22, 16, 33, 40, 35, 11, 24, 15, 48, 17, 35, 17, 18)","(24, 43, 20, 49, 5, 49, 11, 25, 14, 34, 45, 30, 12, 32, 24, 55, 22, 40, 22, 21)",326,326,False,0.0
142,weakly_correlated,20,264,"(38, 32, 32, 23, 17, 7, 11, 36, 39, 3, 16, 45, 34, 6, 31, 50, 18, 46, 29, 16)","(48, 27, 31, 24, 8, 10, 19, 32, 46, 8, 9, 45, 34, 3, 41, 43, 12, 36, 31, 16)",306,308,True,0.006493506493506494
143,weakly_correlated,20,258,"(12, 2, 10, 6, 32, 37, 49, 38, 28, 18, 32, 41, 8, 19, 30, 28, 6, 39, 45, 35)","(3, 4, 8, 14, 26, 31, 41, 37, 21, 27, 34, 49, 10, 20, 25, 27, 8, 39, 41, 45)",295,296,True,0.0033783783783783786
144,weakly_correlated,20,271,"(29, 30, 47, 26, 43, 32, 16, 44, 15, 3, 8, 33, 16, 3, 44, 34, 14, 16, 39, 50)","(20, 22, 42, 18, 46, 40, 20, 38, 18, 8, 8, 31, 14, 7, 36, 35, 23, 26, 42, 42)",304,315,True,0.03492063492063492
145,weakly_correlated,20,247,"(49, 34, 29, 43, 47, 44, 37, 18, 17, 4, 21, 3, 18, 17, 12, 1, 32, 50, 4, 14)","(52, 24, 19, 43, 57, 49, 43, 11, 12, 10, 25, 10, 16, 19, 12, 9, 23, 45, 10, 5)",296,300,True,0.013333333333333334
146,weakly_correlated,20,268,"(9, 40, 50, 11, 19, 23, 14, 20, 46, 10, 22, 3, 29, 26, 47, 50, 13, 38, 25, 42)","(5, 40, 42, 19, 11, 14, 17, 27, 49, 10, 14, 1, 20, 20, 51, 59, 17, 35, 27, 42)",306,308,True,0.006493506493506494
147,weakly_correlated,20,268,"(39, 10, 29, 29, 41, 27, 46, 30, 5, 27, 23, 47, 38, 16, 4, 50, 9, 5, 48, 13)","(49, 13, 38, 24, 40, 31, 39, 31, 14, 28, 23, 57, 34, 12, 11, 54, 17, 5, 45, 4)",329,330,True,0.0030303030303030303
148,weakly_correlated,20,216,"(26, 3, 26, 19, 7, 32, 5, 35, 45, 27, 27, 1, 22, 2, 2, 38, 37, 33, 18, 28)","(36, 11, 27, 17, 7, 42, 5, 43, 42, 27, 36, 7, 21, 5, 6, 48, 32, 25, 15, 31)",277,286,True,0.03146853146853147
149,weakly_correlated,20,167,"(5, 17, 9, 4, 12, 3, 4, 20, 13, 9, 25, 11, 26, 31, 17, 17, 31, 34, 2, 44)","(2, 19, 5, 1, 20, 7, 1, 13, 18, 3, 17, 2, 26, 35, 20, 27, 25, 33, 6, 49)",206,208,True,0.009615384615384616
150,weakly_correlated,20,232,"(21, 13, 20, 10, 27, 48, 22, 48, 49, 4, 9, 32, 6, 31, 9, 4, 10, 14, 45, 41)","(23, 10, 25, 6, 19, 47, 21, 52, 51, 14, 5, 33, 10, 32, 1, 2, 19, 12, 54, 46)",277,278,True,0.0035971223021582736
151,weakly_correlated,20,284,"(46, 46, 47, 23, 24, 8, 32, 5, 7, 47, 43, 38, 36, 9, 20, 47, 12, 27, 22, 29)","(49, 56, 43, 22, 32, 15, 40, 8, 13, 46, 38, 39, 29, 5, 15, 42, 12, 18, 28, 22)",329,331,True,0.006042296072507553
152,weakly_correlated,20,250,"(49, 41, 25, 6, 8, 2, 49, 39, 30, 16, 19, 40, 39, 39, 30, 17, 33, 3, 6, 8)","(51, 35, 21, 1, 4, 6, 54, 34, 27, 8, 26, 31, 38, 39, 30, 13, 36, 2, 4, 3)",265,265,False,0.0
153,weakly_correlated,20,308,"(32, 3, 46, 38, 39, 21, 16, 33, 43, 14, 15, 43, 37, 42, 14, 46, 4, 45, 43, 41)","(24, 5, 49, 46, 46, 24, 22, 33, 52, 11, 18, 52, 29, 40, 15, 45, 6, 48, 48, 36)",345,363,True,0.049586776859504134
154,weakly_correlated,20,278,"(14, 32, 29, 1, 17, 28, 41, 45, 46, 34, 49, 48, 27, 30, 5, 19, 49, 23, 7, 12)","(16, 28, 35, 8, 19, 38, 49, 36, 50, 25, 51, 55, 31, 39, 5, 14, 40, 22, 16, 3)",333,342,True,0.02631578947368421
155,weakly_correlated,20,268,"(38, 35, 44, 35, 27, 18, 42, 37, 34, 12, 16, 7, 34, 40, 15, 6, 14, 33, 41, 8)","(44, 34, 47, 42, 35, 14, 33, 27, 26, 7, 26, 3, 25, 48, 15, 16, 5, 41, 37, 4)",321,321,False,0.0
156,weakly_correlated,20,260,"(32, 48, 50, 10, 11, 48, 29, 22, 6, 9, 29, 35, 25, 37, 7, 24, 42, 10, 30, 17)","(35, 45, 51, 8, 5, 55, 31, 16, 5, 1, 20, 37, 15, 38, 10, 15, 50, 17, 25, 7)",286,291,True,0.01718213058419244
157,weakly_correlated,20,237,"(40, 15, 2, 23, 15, 9, 12, 48, 2, 45, 27, 20, 7, 31, 50, 42, 22, 24, 24, 16)","(45, 10, 1, 24, 15, 3, 9, 41, 2, 47, 29, 27, 14, 26, 40, 35, 22, 32, 33, 14)",269,276,True,0.025362318840579712
158,weakly_correlated,20,254,"(44, 7, 27, 50, 49, 30, 3, 8, 36, 4, 6, 3, 41, 31, 6, 21, 48, 11, 45, 38)","(41, 2, 35, 50, 59, 40, 2, 1, 35, 1, 9, 4, 32, 28, 13, 28, 41, 3, 39, 45)",290,300,True,0.03333333333333333
159,weakly_correlated,20,251,"(26, 44, 16, 13, 13, 49, 25, 18, 15, 27, 19, 43, 21, 2, 38, 26, 31, 4, 50, 22)","(21, 48, 22, 22, 3, 54, 16, 20, 20, 37, 19, 41, 18, 11, 34, 31, 41, 2, 45, 27)",306,315,True,0.02857142857142857
160,weakly_correlated,20,235,"(8, 22, 12, 23, 32, 14, 31, 18, 22, 15, 28, 33, 30, 19, 48, 2, 40, 12, 48, 13)","(17, 24, 20, 29, 39, 17, 21, 11, 13, 6, 31, 34, 29, 18, 44, 12, 39, 16, 40, 7)",278,286,True,0.027972027972027972
161,weakly_correlated,20,296,"(34, 36, 15, 38, 3, 45, 32, 30, 31, 5, 31, 1, 34, 42, 31, 48, 45, 35, 27, 29)","(30, 31, 25, 43, 13, 50, 23, 21, 40, 10, 21, 5, 32, 44, 27, 49, 49, 33, 21, 20)",328,344,True,0.046511627906976744
162,weakly_correlated,20,270,"(4, 41, 33, 27, 50, 19, 30, 12, 27, 42, 5, 37, 42, 5, 27, 3, 14, 48, 33, 40)","(12, 37, 29, 32, 59, 23, 20, 5, 27, 49, 8, 27, 40, 3, 31, 1, 24, 43, 23, 33)",309,311,True,0.006430868167202572
163,weakly_correlated,20,270,"(35, 30, 12, 19, 23, 24, 10, 40, 45, 22, 4, 46, 30, 5, 34, 29, 24, 41, 45, 21)","(44, 38, 17, 15, 19, 18, 6, 31, 37, 16, 12, 38, 37, 10, 33, 24, 30, 35, 37, 31)",311,314,True,0.009554140127388535
164,weakly_correlated,20,256,"(7, 17, 32, 25, 6, 26, 38, 10, 21, 8, 39, 46, 8, 45, 50, 19, 45, 8, 34, 29)","(10, 21, 41, 18, 14, 16, 34, 10, 31, 15, 31, 53, 3, 46, 41, 10, 45, 18, 30, 21)",307,307,False,0.0
165,weakly_correlated,20,204,"(2, 46, 5, 15, 28, 38, 4, 5, 27, 39, 4, 28, 25, 16, 31, 39, 17, 10, 18, 12)","(1, 49, 8, 10, 28, 43, 4, 11, 21, 42, 11, 34, 35, 9, 36, 42, 26, 17, 14, 11)",264,264,False,0.0
166,weakly_correlated,20,251,"(12, 39, 28, 21, 32, 24, 44, 11, 32, 13, 8, 11, 38, 32, 33, 21, 18, 34, 16, 35)","(22, 42, 18, 12, 40, 23, 40, 1, 25, 15, 1, 9, 34, 41, 28, 25, 14, 29, 20, 26)",277,282,True,0.01773049645390071
167,weakly_correlated,20,216,"(15, 22, 21, 48, 1, 40, 16, 46, 6, 20, 4, 44, 11, 5, 5, 47, 6, 23, 41, 10)","(7, 25, 13, 54, 7, 45, 7, 39, 5, 23, 9, 43, 3, 1, 9, 50, 1, 27, 41, 11)",251,254,True,0.011811023622047244
168,weakly_correlated,20,258,"(48, 34, 25, 15, 13, 35, 49, 39, 40, 8, 27, 23, 21, 11, 36, 30, 1, 21, 10, 29)","(41, 35, 20, 22, 9, 41, 54, 35, 42, 4, 33, 24, 29, 13, 34, 20, 4, 17, 14, 38)",299,307,True,0.026058631921824105
169,weakly_correlated,20,242,"(17, 40, 36, 8, 23, 18, 37, 5, 1, 31, 15, 10, 33, 21, 36, 28, 37, 25, 30, 32)","(23, 35, 42, 17, 30, 23, 33, 10, 3, 22, 19, 2, 29, 20, 27, 23, 33, 16, 36, 33)",285,286,True,0.0034965034965034965
170,weakly_correlated,20,274,"(23, 21, 6, 21, 38, 14, 25, 20, 32, 34, 37, 1, 30, 12, 37, 43, 21, 50, 35, 47)","(31, 21, 8, 19, 31, 4, 31, 28, 25, 35, 34, 3, 30, 16, 32, 38, 11, 54, 25, 51)",308,308,False,0.0
171,weakly_correlated,20,248,"(36, 27, 38, 44, 25, 21, 12, 9, 10, 49, 16, 7, 4, 36, 42, 6, 26, 46, 9, 34)","(38, 20, 42, 39, 24, 16, 7, 8, 18, 58, 12, 6, 14, 45, 42, 11, 19, 51, 5, 39)",302,302,False,0.0
172,weakly_correlated,20,290,"(23, 14, 23, 26, 36, 14, 48, 29, 37, 28, 34, 15, 29, 23, 8, 27, 41, 46, 38, 41)","(19, 13, 14, 30, 40, 22, 39, 28, 30, 18, 28, 21, 27, 23, 8, 18, 46, 49, 42, 46)",327,327,False,0.0
173,weakly_correlated,20,257,"(21, 43, 39, 16, 47, 23, 10, 10, 41, 47, 5, 37, 30, 21, 7, 13, 8, 25, 38, 33)","(26, 49, 40, 19, 37, 13, 15, 15, 38, 43, 10, 27, 24, 23, 13, 12, 9, 27, 28, 42)",300,300,False,0.0
174,weakly_correlated,20,228,"(1, 2, 24, 15, 7, 28, 24, 6, 45, 39, 43, 2, 50, 41, 46, 19, 32, 4, 24, 4)","(8, 8, 16, 12, 11, 38, 32, 11, 45, 39, 47, 9, 43, 48, 37, 23, 30, 5, 28, 6)",286,291,True,0.01718213058419244
175,weakly_correlated,20,285,"(29, 4, 37, 13, 39, 32, 32, 50, 18, 12, 50, 12, 36, 29, 39, 30, 39, 31, 35, 3)","(26, 12, 43, 11, 31, 38, 36, 41, 27, 19, 49, 17, 40, 30, 35, 31, 40, 24, 43, 1)",337,340,True,0.008823529411764706
176,weakly_correlated,20,258,"(2, 50, 50, 25, 21, 42, 31, 1, 20, 23, 31, 17, 36, 28, 48, 12, 15, 45, 1, 19)","(1, 47, 43, 35, 31, 50, 24, 1, 29, 23, 30, 17, 46, 33, 38, 16, 25, 48, 1, 21)",312,326,True,0.04294478527607362
177,weakly_correlated,20,254,"(14, 27, 13, 3, 42, 47, 48, 6, 7, 27, 36, 26, 7, 49, 11, 5, 44, 24, 50, 23)","(19, 35, 15, 7, 51, 46, 46, 4, 12, 28, 40, 18, 8, 48, 14, 4, 38, 18, 53, 24)",286,298,True,0.040268456375838924
178,weakly_correlated,20,266,"(8, 30, 16, 47, 19, 6, 50, 36, 18, 16, 34, 25, 8, 43, 48, 17, 26, 6, 44, 36)","(18, 40, 16, 52, 14, 15, 47, 33, 23, 11, 40, 29, 4, 38, 41, 15, 36, 1, 52, 39)",325,331,True,0.01812688821752266
179,weakly_correlated,20,262,"(13, 5, 34, 29, 38, 15, 16, 21, 32, 22, 39, 38, 11, 13, 20, 50, 49, 7, 35, 36)","(6, 1, 33, 20, 36, 23, 15, 28, 26, 17, 48, 36, 6, 5, 10, 41, 54, 2, 43, 26)",286,289,True,0.010380622837370242
180,weakly_correlated,20,223,"(10, 44, 40, 8, 29, 39, 9, 1, 2, 13, 12, 34, 42, 49, 18, 2, 4, 2, 40, 48)","(3, 34, 38, 17, 26, 30, 4, 11, 3, 6, 15, 39, 52, 42, 18, 4, 14, 7, 38, 54)",276,277,True,0.0036101083032490976
181,weakly_correlated,20,262,"(38, 4, 22, 49, 49, 15, 30, 5, 2, 50, 24, 19, 39, 24, 41, 13, 30, 48, 7, 15)","(31, 6, 18, 48, 49, 19, 27, 4, 1, 49, 22, 17, 41, 26, 39, 4, 37, 50, 14, 11)",285,285,False,0.0
182,weakly_correlated,20,292,"(29, 15, 21, 19, 46, 3, 33, 45, 6, 14, 49, 47, 10, 47, 36, 35, 49, 16, 30, 33)","(30, 12, 22, 11, 44, 11, 37, 43, 3, 15, 39, 40, 19, 42, 33, 25, 59, 22, 24, 40)",332,332,False,0.0
183,weakly_correlated,20,263,"(7, 48, 23, 15, 34, 1, 3, 28, 38, 15, 46, 29, 45, 42, 3, 49, 25, 10, 39, 26)","(3, 38, 22, 7, 26, 11, 2, 37, 48, 22, 36, 20, 55, 50, 12, 52, 16, 4, 39, 28)",320,328,True,0.024390243902439025
184,weakly_correlated,20,236,"(18, 16, 22, 47, 35, 29, 43, 9, 18, 12, 15, 41, 10, 50, 5, 50, 1, 27, 5, 19)","(8, 16, 22, 56, 31, 37, 33, 17, 18, 13, 7, 41, 4, 57, 9, 50, 6, 36, 12, 26)",292,297,True,0.016835016835016835
185,weakly_correlated,20,260,"(8, 10, 38, 31, 12, 38, 46, 28, 2, 14, 17, 40, 31, 46, 25, 38, 8, 12, 50, 26)","(5, 10, 43, 33, 2, 35, 44, 35, 11, 16, 23, 38, 26, 53, 26, 32, 6, 18, 41, 31)",305,307,True,0.006514657980456026
186,weakly_correlated,20,204,"(22, 36, 7, 44, 1, 22, 8, 23, 29, 31, 9, 7, 23, 6, 5, 8, 33, 11, 39, 43)","(25, 40, 16, 37, 4, 29, 15, 14, 31, 35, 19, 17, 33, 10, 12, 4, 43, 8, 30, 53)",284,291,True,0.024054982817869417
187,weakly_correlated,20,327,"(23, 38, 38, 38, 16, 48, 49, 38, 23, 22, 17, 47, 43, 29, 23, 33, 28, 12, 43, 46)","(28, 32, 28, 45, 21, 52, 44, 42, 20, 19, 26, 56, 43, 21, 29, 35, 37, 7, 53, 56)",393,394,True,0.0025380710659898475
188,weakly_correlated,20,252,"(46, 17, 16, 45, 26, 23, 18, 7, 45, 46, 31, 8, 17, 21, 14, 31, 5, 4, 36, 47)","(43, 7, 8, 43, 24, 22, 11, 1, 51, 51, 32, 8, 8, 23, 20, 39, 4, 3, 32, 47)",278,278,False,0.0
189,weakly_correlated,20,309,"(31, 10, 36, 26, 34, 44, 37, 13, 19, 26, 38, 30, 14, 26, 50, 15, 41, 28, 50, 50)","(29, 19, 29, 16, 24, 35, 31, 12, 10, 19, 31, 37, 4, 21, 60, 11, 36, 31, 40, 56)",322,322,False,0.0
190,weakly_correlated,20,292,"(5, 49, 24, 15, 26, 10, 46, 4, 35, 34, 45, 26, 46, 48, 14, 45, 29, 37, 37, 8)","(3, 49, 20, 20, 18, 3, 52, 10, 27, 35, 44, 17, 56, 48, 16, 37, 34, 36, 44, 17)",336,341,True,0.01466275659824047
191,weakly_correlated,20,304,"(49, 36, 33, 50, 49, 45, 4, 8, 26, 24, 24, 47, 41, 19, 33, 24, 19, 24, 2, 50)","(55, 42, 27, 52, 59, 50, 10, 2, 31, 27, 15, 39, 38, 9, 40, 14, 17, 21, 6, 59)",348,356,True,0.02247191011235955
192,weakly_correlated,20,266,"(24, 6, 20, 22, 18, 24, 50, 26, 47, 18, 13, 17, 43, 32, 41, 41, 17, 13, 17, 43)","(23, 15, 23, 25, 15, 19, 44, 21, 42, 22, 23, 17, 42, 34, 38, 38, 23, 10, 12, 44)",291,297,True,0.020202020202020204
193,weakly_correlated,20,296,"(36, 49, 20, 18, 15, 20, 30, 43, 14, 32, 36, 43, 36, 36, 47, 17, 19, 42, 6, 34)","(40, 44, 27, 24, 5, 14, 37, 52, 10, 38, 34, 43, 37, 33, 43, 12, 22, 43, 11, 26)",341,341,False,0.0
194,weakly_correlated,20,270,"(39, 38, 23, 17, 48, 35, 27, 10, 41, 44, 8, 36, 42, 10, 30, 6, 14, 46, 11, 15)","(31, 32, 25, 20, 52, 38, 28, 4, 36, 47, 7, 29, 49, 12, 28, 7, 16, 50, 15, 20)",304,306,True,0.006535947712418301
195,weakly_correlated,20,283,"(39, 3, 13, 26, 42, 46, 40, 47, 22, 5, 33, 50, 44, 16, 6, 4, 42, 45, 9, 34)","(41, 11, 9, 18, 41, 54, 36, 47, 19, 9, 36, 44, 37, 9, 2, 3, 49, 40, 11, 24)",311,311,False,0.0
196,weakly_correlated,20,296,"(42, 46, 46, 14, 43, 21, 20, 33, 39, 9, 20, 18, 37, 5, 47, 31, 39, 11, 45, 27)","(48, 56, 36, 17, 53, 13, 14, 31, 32, 18, 29, 19, 40, 12, 55, 38, 37, 2, 54, 29)",361,367,True,0.01634877384196185
197,weakly_correlated,20,246,"(35, 9, 2, 13, 8, 38, 30, 14, 27, 44, 11, 38, 27, 35, 20, 31, 46, 16, 16, 32)","(25, 6, 12, 21, 2, 43, 23, 22, 24, 53, 5, 43, 32, 42, 29, 30, 38, 19, 21, 42)",317,318,True,0.0031446540880503146
198,weakly_correlated,20,280,"(4, 46, 7, 30, 34, 13, 12, 49, 39, 35, 49, 22, 21, 40, 7, 39, 26, 13, 48, 27)","(10, 51, 16, 21, 33, 16, 14, 39, 44, 43, 57, 20, 18, 49, 2, 36, 33, 19, 51, 21)",336,343,True,0.02040816326530612
199,weakly_correlated,20,242,"(23, 18, 1, 45, 23, 16, 22, 25, 34, 44, 32, 15, 10, 45, 21, 48, 28, 2, 13, 18)","(25, 17, 8, 51, 21, 24, 29, 15, 42, 46, 38, 20, 20, 51, 23, 48, 29, 7, 12, 17)",307,308,True,0.003246753246753247
200,weakly_correlated,20,288,"(3, 48, 10, 18, 45, 46, 46, 29, 29, 15, 42, 20, 23, 7, 28, 44, 19, 46, 48, 9)","(4, 38, 20, 8, 49, 41, 36, 27, 33, 11, 35, 22, 33, 15, 25, 49, 29, 39, 42, 16)",333,339,True,0.017699115044247787
201,weakly_correlated,20,260,"(5, 21, 1, 21, 40, 29, 36, 31, 37, 4, 15, 45, 1, 7, 36, 12, 49, 43, 37, 49)","(12, 24, 5, 26, 38, 34, 45, 25, 42, 9, 11, 41, 5, 8, 34, 22, 54, 33, 29, 59)",325,325,False,0.0
202,weakly_correlated,20,302,"(49, 42, 27, 13, 4, 29, 3, 21, 16, 41, 49, 34, 26, 31, 28, 48, 34, 49, 29, 32)","(51, 47, 23, 15, 7, 33, 9, 17, 21, 50, 59, 30, 26, 25, 32, 39, 31, 47, 34, 30)",350,352,True,0.005681818181818182
203,weakly_correlated,20,262,"(6, 32, 14, 50, 17, 16, 50, 23, 7, 8, 36, 37, 38, 29, 32, 20, 30, 30, 40, 8)","(2, 41, 4, 59, 26, 6, 47, 33, 5, 4, 37, 35, 40, 25, 25, 12, 39, 28, 35, 1)",305,305,False,0.0
204,weakly_correlated,20,188,"(26, 38, 9, 31, 7, 21, 5, 5, 44, 23, 13, 19, 14, 20, 25, 21, 9, 34, 3, 9)","(18, 34, 14, 31, 6, 24, 8, 8, 50, 17, 10, 16, 9, 24, 21, 19, 13, 43, 13, 19)",241,241,False,0.0
205,weakly_correlated,20,276,"(28, 47, 35, 30, 49, 12, 13, 9, 38, 47, 33, 21, 49, 22, 7, 39, 15, 2, 35, 20)","(33, 40, 40, 27, 55, 5, 10, 7, 38, 37, 32, 31, 47, 14, 3, 38, 14, 11, 29, 27)",312,314,True,0.006369426751592357
206,weakly_correlated,20,232,"(1, 20, 9, 16, 22, 34, 42, 13, 48, 18, 42, 32, 8, 20, 23, 21, 48, 33, 13, 1)","(2, 17, 8, 11, 20, 28, 48, 7, 45, 21, 41, 35, 18, 12, 24, 14, 44, 37, 6, 8)",262,262,False,0.0
207,weakly_correlated,20,210,"(33, 15, 2, 23, 45, 6, 21, 9, 5, 37, 13, 26, 35, 7, 3, 12, 22, 32, 49, 25)","(42, 10, 11, 17, 50, 2, 22, 6, 6, 41, 15, 22, 29, 11, 9, 5, 20, 42, 43, 24)",255,258,True,0.011627906976744186
208,weakly_correlated,20,242,"(18, 50, 4, 37, 37, 30, 44, 30, 27, 9, 20, 10, 20, 17, 14, 40, 10, 26, 4, 38)","(24, 46, 10, 35, 46, 28, 54, 31, 22, 8, 27, 13, 22, 26, 11, 47, 18, 23, 14, 43)",322,322,False,0.0
209,weakly_correlated,20,181,"(36, 11, 19, 42, 5, 11, 27, 12, 19, 27, 21, 2, 15, 29, 21, 7, 9, 39, 3, 7)","(26, 19, 11, 37, 6, 8, 27, 8, 11, 32, 13, 3, 23, 39, 31, 10, 17, 46, 5, 5)",239,239,False,0.0
210,weakly_correlated,20,286,"(25, 44, 11, 42, 15, 41, 8, 44, 47, 35, 29, 42, 9, 50, 5, 19, 17, 50, 19, 21)","(15, 46, 1, 41, 6, 35, 18, 49, 40, 27, 23, 45, 11, 58, 2, 28, 17, 42, 10, 27)",322,325,True,0.009230769230769232
211,weakly_correlated,20,336,"(37, 48, 2, 41, 42, 22, 38, 9, 46, 39, 41, 24, 45, 33, 50, 35, 29, 39, 11, 41)","(38, 45, 6, 48, 51, 30, 48, 14, 49, 48, 36, 19, 55, 29, 51, 32, 23, 36, 16, 47)",412,412,False,0.0
212,weakly_correlated,20,191,"(26, 3, 38, 20, 9, 3, 12, 21, 9, 28, 25, 20, 11, 30, 4, 13, 22, 33, 19, 36)","(35, 12, 29, 27, 5, 5, 18, 31, 3, 27, 17, 11, 2, 29, 5, 13, 30, 37, 9, 42)",247,250,True,0.012
213,weakly_correlated,20,264,"(10, 15, 2, 27, 33, 11, 28, 14, 22, 30, 46, 37, 38, 49, 47, 21, 37, 36, 8, 17)","(14, 14, 4, 34, 32, 12, 34, 23, 29, 34, 42, 45, 37, 42, 45, 17, 41, 36, 12, 18)",314,319,True,0.01567398119122257
214,weakly_correlated,20,312,"(34, 27, 42, 50, 15, 3, 14, 6, 18, 36, 43, 49, 39, 45, 49, 43, 41, 13, 28, 30)","(35, 26, 49, 54, 18, 5, 11, 6, 28, 44, 34, 46, 47, 36, 43, 43, 42, 4, 33, 20)",361,361,False,0.0
215,weakly_correlated,20,224,"(3, 22, 19, 6, 35, 19, 8, 17, 8, 30, 34, 44, 42, 37, 15, 9, 37, 21, 4, 38)","(11, 15, 16, 2, 37, 9, 6, 27, 17, 33, 28, 48, 51, 40, 18, 9, 42, 18, 9, 34)",273,278,True,0.017985611510791366
216,weakly_correlated,20,237,"(14, 12, 31, 25, 37, 17, 45, 32, 30, 18, 9, 7, 3, 4, 1, 34, 34, 41, 32, 48)","(24, 17, 21, 18, 27, 18, 52, 26, 33, 22, 2, 16, 10, 12, 7, 32, 33, 43, 25, 48)",289,292,True,0.010273972602739725
217,weakly_correlated,20,238,"(19, 12, 45, 8, 10, 48, 43, 36, 46, 14, 6, 6, 36, 5, 17, 19, 11, 31, 26, 39)","(16, 10, 42, 11, 9, 48, 46, 44, 53, 6, 10, 2, 37, 13, 17, 22, 12, 38, 21, 38)",277,278,True,0.0035971223021582736
218,weakly_correlated,20,250,"(20, 7, 22, 4, 48, 31, 23, 38, 16, 38, 30, 41, 46, 32, 9, 9, 5, 30, 18, 33)","(15, 12, 18, 9, 49, 27, 23, 35, 26, 42, 26, 38, 51, 26, 5, 15, 10, 28, 11, 37)",289,289,False,0.0
219,weakly_correlated,20,248,"(45, 22, 3, 46, 19, 22, 31, 9, 41, 24, 9, 9, 18, 26, 36, 34, 32, 45, 24, 2)","(55, 28, 6, 39, 22, 21, 22, 2, 45, 33, 5, 2, 18, 26, 28, 27, 32, 46, 24, 1)",280,282,True,0.0070921985815602835
220,weakly_correlated,20,265,"(48, 47, 30, 47, 27, 14, 16, 11, 24, 38, 2, 43, 14, 46, 20, 1, 5, 50, 2, 45)","(45, 44, 28, 49, 32, 14, 21, 13, 26, 34, 10, 35, 5, 52, 19, 6, 2, 45, 12, 42)",301,305,True,0.013114754098360656
221,weakly_correlated,20,272,"(16, 6, 18, 50, 49, 36, 41, 5, 18, 6, 41, 27, 44, 6, 7, 38, 40, 45, 43, 7)","(19, 16, 25, 47, 50, 40, 50, 1, 28, 9, 36, 32, 41, 12, 9, 29, 35, 51, 46, 14)",334,342,True,0.023391812865497075
222,weakly_correlated,20,238,"(50, 16, 20, 2, 15, 48, 29, 50, 7, 5, 43, 14, 45, 33, 29, 13, 5, 18, 2, 33)","(43, 15, 11, 8, 19, 52, 21, 40, 14, 8, 49, 15, 42, 33, 33, 10, 14, 20, 4, 35)",286,286,False,0.0
223,weakly_correlated,20,336,"(22, 29, 26, 41, 50, 50, 43, 50, 40, 43, 8, 23, 18, 24, 49, 46, 28, 50, 18, 13)","(23, 25, 33, 47, 43, 57, 33, 59, 40, 33, 3, 24, 20, 16, 44, 48, 18, 58, 16, 5)",372,372,False,0.0
224,weakly_correlated,20,237,"(5, 13, 5, 15, 28, 9, 21, 35, 7, 50, 23, 27, 25, 19, 47, 47, 35, 40, 19, 4)","(14, 17, 9, 8, 34, 1, 19, 32, 5, 53, 19, 25, 27, 12, 42, 50, 37, 46, 11, 1)",269,270,True,0.003703703703703704
225,weakly_correlated,20,250,"(45, 12, 45, 13, 49, 1, 12, 35, 33, 14, 19, 7, 29, 38, 19, 44, 9, 40, 21, 16)","(42, 21, 39, 14, 43, 10, 2, 33, 30, 20, 18, 14, 23, 29, 22, 45, 12, 49, 20, 8)",286,290,True,0.013793103448275862
226,weakly_correlated,20,254,"(31, 42, 38, 4, 24, 25, 30, 48, 48, 40, 34, 12, 23, 28, 6, 10, 26, 2, 36, 1)","(22, 49, 47, 3, 24, 32, 37, 49, 40, 41, 24, 19, 23, 35, 14, 15, 17, 7, 37, 5)",321,321,False,0.0
227,weakly_correlated,20,214,"(26, 6, 16, 27, 49, 18, 43, 5, 16, 46, 16, 24, 43, 30, 16, 3, 32, 1, 10, 1)","(27, 15, 19, 18, 42, 13, 40, 14, 21, 36, 17, 28, 40, 38, 15, 8, 27, 2, 12, 8)",264,264,False,0.0
228,weakly_correlated,20,336,"(49, 37, 15, 37, 45, 50, 5, 38, 20, 20, 39, 37, 37, 6, 32, 47, 50, 22, 38, 49)","(46, 34, 19, 46, 49, 44, 14, 32, 23, 21, 41, 33, 47, 14, 24, 56, 59, 20, 41, 46)",389,401,True,0.029925187032418952
229,weakly_correlated,20,280,"(34, 15, 28, 41, 40, 36, 45, 5, 1, 16, 47, 18, 2, 48, 50, 1, 18, 43, 30, 42)","(28, 22, 26, 37, 35, 41, 44, 9, 3, 8, 47, 9, 4, 51, 59, 11, 17, 40, 31, 47)",325,325,False,0.0
230,weakly_correlated,20,283,"(46, 20, 2, 28, 32, 31, 40, 49, 40, 23, 2, 50, 12, 44, 37, 37, 19, 3, 5, 46)","(41, 27, 11, 18, 42, 34, 46, 47, 30, 19, 6, 49, 6, 49, 39, 41, 19, 1, 6, 51)",333,333,False,0.0
231,weakly_correlated,20,306,"(2, 25, 49, 15, 50, 50, 27, 50, 46, 49, 19, 8, 2, 50, 18, 23, 2, 39, 45, 42)","(3, 25, 57, 11, 58, 49, 31, 50, 54, 59, 22, 4, 3, 51, 16, 13, 11, 41, 36, 46)",360,360,False,0.0
232,weakly_correlated,20,206,"(18, 15, 5, 18, 11, 11, 8, 18, 24, 5, 15, 29, 42, 48, 28, 39, 18, 21, 1, 38)","(11, 7, 14, 16, 14, 17, 11, 19, 34, 13, 13, 33, 37, 57, 30, 31, 10, 16, 8, 39)",266,266,False,0.0
233,weakly_correlated,20,280,"(44, 12, 15, 36, 6, 18, 45, 5, 44, 39, 48, 8, 21, 6, 32, 41, 40, 20, 33, 48)","(54, 18, 20, 32, 4, 15, 35, 15, 41, 36, 47, 16, 17, 10, 38, 35, 40, 13, 37, 46)",327,327,False,0.0
234,weakly_correlated,20,257,"(22, 4, 38, 33, 15, 23, 32, 5, 28, 39, 25, 43, 48, 47, 42, 20, 8, 16, 15, 11)","(20, 14, 41, 38, 13, 24, 41, 5, 30, 29, 27, 41, 47, 37, 44, 13, 10, 15, 18, 20)",303,303,False,0.0
235,weakly_correlated,20,231,"(23, 50, 16, 6, 17, 4, 4, 30, 12, 50, 19, 47, 49, 6, 24, 33, 30, 30, 6, 6)","(29, 41, 8, 1, 12, 2, 14, 25, 12, 53, 23, 41, 56, 4, 29, 39, 23, 28, 13, 7)",277,277,False,0.0
236,weakly_correlated,20,240,"(44, 32, 6, 46, 49, 20, 11, 45, 24, 29, 14, 10, 7, 4, 7, 6, 45, 27, 24, 30)","(45, 33, 13, 40, 57, 28, 19, 43, 25, 23, 10, 17, 13, 1, 11, 7, 37, 25, 24, 27)",292,292,False,0.0
237,weakly_correlated,20,250,"(40, 11, 27, 45, 33, 43, 35, 31, 6, 24, 17, 31, 28, 1, 34, 24, 10, 15, 29, 16)","(45, 8, 18, 40, 43, 46, 25, 40, 12, 29, 10, 36, 20, 11, 40, 26, 9, 18, 30, 25)",308,316,True,0.02531645569620253
238,weakly_correlated,20,232,"(24, 28, 5, 10, 8, 36, 37, 6, 20, 27, 27, 46, 10, 27, 16, 1, 42, 43, 38, 13)","(16, 38, 2, 6, 18, 44, 28, 6, 19, 17, 26, 44, 8, 20, 19, 3, 49, 51, 30, 14)",276,277,True,0.0036101083032490976
239,weakly_correlated,20,262,"(8, 46, 27, 28, 24, 1, 17, 49, 50, 2, 6, 4, 18, 31, 39, 49, 49, 6, 43, 26)","(7, 40, 20, 19, 27, 5, 16, 43, 57, 9, 4, 4, 19, 21, 42, 53, 54, 11, 51, 29)",307,308,True,0.003246753246753247
240,weakly_correlated,20,241,"(40, 3, 10, 49, 42, 3, 8, 1, 30, 43, 40, 11, 16, 36, 26, 41, 27, 6, 48, 2)","(31, 6, 20, 55, 42, 6, 8, 6, 29, 50, 49, 17, 13, 26, 32, 49, 36, 12, 47, 2)",306,312,True,0.019230769230769232
241,weakly_correlated,20,258,"(45, 49, 23, 16, 42, 11, 17, 48, 47, 42, 11, 15, 33, 15, 23, 4, 42, 10, 10, 12)","(52, 42, 15, 25, 49, 21, 15, 49, 41, 32, 20, 21, 41, 22, 18, 10, 35, 5, 12, 12)",322,325,True,0.009230769230769232
242,weakly_correlated,20,190,"(22, 32, 40, 33, 1, 17, 14, 39, 3, 21, 22, 3, 36, 30, 22, 5, 10, 15, 6, 10)","(12, 38, 45, 28, 4, 24, 10, 41, 10, 24, 19, 1, 38, 35, 22, 13, 18, 7, 5, 12)",238,242,True,0.01652892561983471
243,weakly_correlated,20,248,"(34, 28, 29, 20, 17, 1, 24, 37, 22, 42, 4, 11, 19, 4, 48, 46, 30, 6, 26, 47)","(34, 19, 37, 15, 10, 2, 24, 33, 30, 33, 9, 21, 27, 3, 45, 39, 24, 7, 19, 41)",272,278,True,0.02158273381294964
244,weakly_correlated,20,236,"(49, 25, 30, 23, 47, 22, 18, 49, 14, 28, 8, 1, 23, 7, 8, 10, 26, 36, 33, 16)","(52, 33, 22, 16, 41, 20, 27, 43, 11, 25, 12, 7, 28, 7, 15, 3, 36, 45, 23, 22)",295,297,True,0.006734006734006734
245,weakly_correlated,20,259,"(9, 31, 29, 48, 41, 3, 14, 10, 41, 46, 32, 13, 3, 18, 12, 44, 10, 36, 46, 32)","(10, 23, 29, 57, 45, 12, 12, 16, 51, 45, 34, 20, 12, 27, 20, 43, 16, 27, 55, 28)",341,343,True,0.0058309037900874635
246,weakly_correlated,20,229,"(4, 25, 5, 29, 37, 22, 44, 45, 14, 44, 29, 6, 2, 14, 4, 29, 11, 33, 29, 32)","(9, 26, 12, 24, 32, 29, 37, 46, 20, 43, 23, 2, 1, 7, 13, 36, 21, 38, 19, 38)",289,289,False,0.0
247,weakly_correlated,20,220,"(30, 2, 31, 40, 9, 1, 13, 42, 40, 35, 9, 14, 35, 49, 18, 29, 7, 29, 4, 4)","(30, 6, 22, 41, 14, 3, 12, 38, 43, 42, 10, 6, 45, 42, 9, 23, 12, 31, 13, 6)",266,268,True,0.007462686567164179
248,weakly_correlated,20,318,"(27, 46, 45, 44, 21, 38, 32, 6, 40, 7, 42, 37, 32, 16, 18, 37, 43, 36, 40, 30)","(32, 42, 49, 37, 19, 42, 33, 14, 44, 9, 47, 46, 27, 14, 22, 34, 41, 45, 35, 26)",369,369,False,0.0
249,weakly_correlated,20,304,"(18, 39, 39, 40, 41, 50, 11, 50, 33, 6, 36, 33, 29, 10, 23, 36, 11, 28, 44, 30)","(26, 37, 49, 50, 46, 57, 1, 53, 36, 12, 29, 27, 26, 16, 24, 37, 7, 33, 36, 37)",362,369,True,0.018970189701897018
250,weakly_correlated,20,324,"(25, 11, 43, 46, 36, 11, 27, 28, 42, 37, 42, 48, 44, 28, 31, 14, 48, 30, 25, 31)","(27, 18, 35, 37, 33, 12, 25, 32, 49, 36, 50, 43, 39, 24, 29, 22, 51, 27, 33, 31)",361,367,True,0.01634877384196185
251,weakly_correlated,20,263,"(29, 47, 38, 16, 46, 6, 13, 26, 33, 48, 20, 47, 29, 10, 1, 32, 14, 39, 27, 5)","(31, 55, 42, 19, 51, 9, 17, 23, 42, 43, 29, 40, 30, 18, 4, 41, 6, 35, 22, 4)",327,327,False,0.0
252,weakly_correlated,20,282,"(50, 2, 19, 10, 22, 30, 17, 50, 50, 17, 32, 47, 3, 16, 46, 38, 9, 43, 18, 45)","(59, 11, 26, 7, 20, 35, 7, 43, 59, 27, 24, 46, 5, 14, 56, 28, 12, 49, 10, 55)",352,354,True,0.005649717514124294
253,weakly_correlated,20,268,"(35, 25, 10, 5, 29, 10, 32, 47, 47, 21, 14, 27, 26, 31, 6, 47, 44, 30, 38, 13)","(42, 28, 8, 14, 21, 9, 32, 54, 37, 18, 5, 37, 24, 36, 10, 45, 40, 40, 33, 19)",321,325,True,0.012307692307692308
254,weakly_correlated,20,244,"(24, 17, 43, 14, 46, 46, 47, 44, 12, 2, 14, 41, 47, 8, 34, 1, 7, 8, 17, 16)","(30, 20, 43, 4, 52, 46, 52, 52, 16, 2, 11, 50, 46, 11, 25, 7, 13, 12, 20, 17)",302,302,False,0.0
255,weakly_correlated,20,281,"(4, 41, 38, 24, 49, 34, 36, 25, 38, 12, 30, 27, 35, 23, 13, 34, 29, 10, 18, 42)","(6, 51, 29, 33, 43, 41, 34, 24, 42, 21, 29, 19, 29, 22, 17, 34, 31, 7, 26, 43)",335,335,False,0.0
256,weakly_correlated,20,282,"(32, 28, 25, 30, 16, 12, 43, 36, 22, 6, 36, 46, 4, 30, 48, 50, 46, 10, 42, 1)","(31, 29, 16, 33, 22, 11, 43, 36, 31, 10, 31, 44, 9, 21, 50, 46, 54, 1, 40, 4)",321,321,False,0.0
257,weakly_correlated,20,220,"(21, 7, 35, 34, 1, 1, 49, 9, 24, 31, 12, 33, 4, 30, 8, 25, 25, 44, 5, 41)","(24, 9, 42, 30, 10, 8, 58, 8, 33, 26, 2, 28, 14, 22, 3, 20, 30, 41, 3, 47)",283,283,False,0.0
258,weakly_correlated,20,222,"(42, 10, 28, 9, 38, 25, 14, 19, 12, 13, 47, 6, 14, 28, 16, 7, 19, 41, 14, 43)","(34, 18, 24, 8, 28, 26, 22, 15, 19, 9, 40, 6, 22, 35, 25, 10, 26, 40, 18, 52)",287,288,True,0.003472222222222222
259,weakly_correlated,20,271,"(3, 36, 28, 32, 48, 50, 50, 34, 50, 13, 18, 9, 7, 38, 11, 6, 13, 44, 27, 25)","(13, 28, 37, 42, 45, 42, 41, 35, 42, 21, 12, 6, 16, 48, 16, 10, 18, 36, 24, 31)",338,338,False,0.0
260,weakly_correlated,20,345,"(14, 27, 38, 14, 39, 50, 5, 39, 44, 15, 50, 49, 35, 39, 42, 24, 28, 44, 47, 47)","(6, 35, 43, 5, 37, 53, 5, 31, 54, 6, 43, 47, 44, 48, 49, 34, 30, 45, 49, 48)",395,406,True,0.027093596059113302
261,weakly_correlated,20,266,"(28, 12, 35, 17, 50, 26, 28, 16, 42, 28, 6, 15, 28, 10, 36, 8, 37, 50, 29, 31)","(18, 3, 43, 12, 48, 30, 25, 11, 40, 21, 10, 5, 18, 16, 40, 2, 44, 49, 24, 39)",296,296,False,0.0
262,weakly_correlated,20,279,"(21, 27, 22, 22, 1, 38, 27, 10, 35, 37, 50, 33, 47, 34, 45, 1, 25, 28, 19, 36)","(28, 31, 23, 19, 10, 35, 22, 11, 31, 47, 50, 27, 37, 37, 37, 5, 29, 37, 18, 32)",326,327,True,0.0030581039755351682
263,weakly_correlated,20,311,"(48, 22, 50, 47, 9, 29, 1, 43, 35, 43, 50, 36, 27, 37, 9, 48, 44, 9, 22, 13)","(51, 31, 52, 45, 15, 19, 9, 41, 44, 53, 50, 30, 37, 37, 4, 47, 41, 7, 17, 8)",357,361,True,0.0110803324099723
264,weakly_correlated,20,256,"(40, 35, 34, 21, 47, 21, 45, 35, 39, 1, 25, 36, 2, 1, 21, 18, 7, 33, 39, 11)","(39, 31, 29, 18, 37, 30, 37, 36, 43, 11, 21, 30, 7, 8, 15, 10, 7, 34, 42, 9)",288,288,False,0.0
265,weakly_correlated,20,259,"(26, 21, 34, 14, 13, 43, 50, 3, 11, 29, 15, 34, 19, 40, 36, 15, 27, 37, 29, 22)","(31, 26, 34, 11, 11, 40, 57, 6, 14, 26, 20, 43, 11, 48, 32, 11, 33, 27, 21, 13)",304,306,True,0.006535947712418301
266,weakly_correlated,20,243,"(5, 44, 29, 36, 27, 4, 6, 34, 37, 13, 6, 42, 11, 39, 32, 44, 20, 26, 28, 3)","(9, 37, 25, 38, 35, 2, 5, 24, 37, 7, 2, 40, 9, 49, 26, 51, 19, 33, 18, 10)",286,286,False,0.0
267,weakly_correlated,20,244,"(13, 29, 7, 36, 3, 15, 1, 37, 34, 45, 30, 2, 49, 5, 35, 22, 32, 39, 34, 21)","(3, 29, 1, 41, 11, 24, 10, 28, 28, 52, 32, 6, 49, 13, 45, 15, 36, 36, 42, 26)",309,315,True,0.01904761904761905
268,weakly_correlated,20,278,"(49, 36, 3, 27, 47, 37, 15, 46, 23, 14, 25, 13, 36, 24, 15, 35, 18, 35, 19, 39)","(56, 36, 13, 20, 42, 35, 5, 43, 17, 9, 27, 11, 29, 18, 5, 36, 19, 27, 22, 41)",296,296,False,0.0
269,weakly_correlated,20,170,"(3, 5, 40, 13, 19, 5, 12, 7, 26, 1, 29, 22, 8, 4, 19, 13, 6, 32, 32, 43)","(1, 13, 39, 13, 25, 14, 22, 12, 17, 1, 33, 32, 9, 4, 20, 15, 11, 26, 33, 36)",225,231,True,0.025974025974025976
270,weakly_correlated,20,272,"(12, 6, 2, 42, 3, 35, 18, 34, 43, 22, 12, 31, 4, 48, 39, 39, 38, 25, 41, 49)","(13, 10, 10, 36, 8, 34, 28, 32, 46, 31, 20, 39, 1, 48, 29, 30, 33, 25, 36, 56)",334,334,False,0.0
271,weakly_correlated,20,230,"(31, 23, 44, 24, 36, 7, 43, 7, 41, 23, 6, 20, 40, 4, 31, 3, 36, 26, 6, 9)","(41, 23, 39, 30, 41, 3, 46, 14, 34, 26, 11, 14, 45, 14, 29, 13, 30, 18, 5, 15)",296,296,False,0.0
272,weakly_correlated,20,226,"(31, 5, 32, 24, 18, 40, 33, 11, 2, 13, 9, 33, 15, 34, 45, 50, 9, 5, 29, 13)","(32, 11, 32, 33, 25, 35, 33, 13, 4, 14, 8, 42, 25, 41, 55, 60, 16, 8, 32, 22)",303,306,True,0.00980392156862745
273,weakly_correlated,20,226,"(13, 38, 20, 38, 9, 6, 34, 31, 26, 10, 24, 39, 12, 34, 19, 10, 38, 19, 19, 12)","(23, 35, 29, 37, 8, 7, 26, 41, 25, 14, 21, 34, 20, 40, 20, 16, 46, 9, 13, 15)",279,289,True,0.03460207612456748
274,weakly_correlated,20,272,"(10, 24, 3, 14, 43, 14, 50, 47, 1, 26, 22, 26, 24, 36, 18, 45, 49, 15, 49, 28)","(15, 27, 13, 4, 41, 23, 59, 43, 6, 31, 12, 28, 31, 44, 26, 36, 50, 9, 53, 26)",337,341,True,0.011730205278592375
275,weakly_correlated,20,283,"(49, 37, 36, 21, 22, 9, 23, 29, 36, 31, 14, 42, 3, 23, 21, 43, 26, 43, 45, 13)","(42, 38, 35, 16, 32, 12, 27, 37, 39, 28, 23, 50, 9, 19, 18, 44, 21, 48, 49, 14)",340,340,False,0.0
276,weakly_correlated,20,196,"(24, 13, 18, 1, 10, 17, 21, 25, 12, 13, 28, 2, 25, 28, 17, 17, 40, 6, 38, 38)","(16, 13, 16, 7, 16, 13, 22, 15, 12, 3, 19, 4, 33, 32, 12, 22, 41, 3, 43, 47)",239,239,False,0.0
277,weakly_correlated,20,249,"(6, 14, 11, 49, 9, 20, 40, 33, 15, 46, 7, 10, 31, 14, 40, 3, 33, 45, 30, 42)","(6, 5, 16, 57, 16, 28, 48, 29, 12, 45, 3, 15, 24, 18, 34, 8, 29, 37, 32, 38)",292,295,True,0.010169491525423728
278,weakly_correlated,20,286,"(19, 18, 31, 44, 24, 30, 16, 24, 2, 35, 39, 43, 16, 26, 39, 21, 48, 45, 35, 18)","(24, 9, 41, 49, 21, 37, 14, 25, 7, 27, 42, 33, 26, 35, 45, 14, 43, 43, 39, 23)",351,351,False,0.0
279,weakly_correlated,20,270,"(27, 4, 12, 22, 20, 10, 32, 46, 26, 1, 34, 46, 40, 28, 46, 38, 45, 19, 4, 41)","(28, 8, 7, 14, 28, 7, 25, 41, 26, 3, 32, 51, 35, 23, 53, 48, 46, 12, 5, 49)",306,314,True,0.025477707006369428
280,weakly_correlated,20,331,"(20, 42, 41, 29, 22, 49, 32, 3, 43, 49, 30, 43, 25, 42, 46, 24, 46, 35, 2, 39)","(24, 34, 39, 36, 29, 39, 42, 10, 40, 54, 27, 52, 31, 47, 47, 22, 45, 35, 12, 30)",384,395,True,0.027848101265822784
281,weakly_correlated,20,260,"(2, 17, 29, 33, 49, 36, 34, 5, 2, 48, 9, 27, 4, 28, 34, 42, 13, 44, 34, 30)","(5, 10, 33, 30, 40, 34, 29, 7, 10, 42, 4, 25, 8, 35, 28, 32, 6, 42, 43, 21)",278,284,True,0.02112676056338028
282,weakly_correlated,20,294,"(43, 43, 46, 21, 8, 14, 37, 21, 42, 29, 47, 32, 37, 11, 47, 22, 25, 18, 31, 15)","(34, 48, 48, 15, 2, 14, 43, 26, 50, 38, 56, 26, 36, 11, 49, 24, 22, 21, 30, 19)",339,342,True,0.008771929824561403
283,weakly_correlated,20,258,"(47, 9, 17, 48, 25, 15, 10, 13, 36, 32, 28, 13, 33, 27, 10, 36, 13, 32, 50, 22)","(37, 17, 21, 58, 28, 23, 19, 3, 31, 35, 33, 12, 34, 23, 13, 28, 6, 27, 43, 18)",299,304,True,0.01644736842105263
284,weakly_correlated,20,222,"(3, 24, 30, 33, 31, 12, 21, 9, 40, 15, 33, 10, 25, 45, 1, 50, 15, 33, 7, 8)","(5, 17, 29, 27, 25, 4, 21, 2, 36, 15, 32, 6, 25, 49, 6, 51, 15, 42, 1, 16)",245,249,True,0.01606425702811245
285,weakly_correlated,20,232,"(38, 25, 38, 6, 23, 30, 24, 10, 18, 1, 24, 21, 49, 3, 1, 28, 47, 13, 29, 36)","(37, 33, 42, 9, 25, 21, 29, 6, 20, 2, 31, 18, 45, 5, 8, 23, 50, 6, 31, 32)",272,274,True,0.0072992700729927005
286,weakly_correlated,20,234,"(32, 21, 6, 27, 10, 43, 48, 21, 8, 16, 37, 45, 5, 2, 37, 1, 2, 27, 37, 42)","(24, 13, 14, 30, 18, 44, 42, 23, 5, 18, 44, 38, 2, 8, 47, 3, 10, 17, 38, 33)",279,284,True,0.017605633802816902
287,weakly_correlated,20,272,"(36, 21, 8, 27, 37, 15, 10, 19, 26, 3, 35, 46, 47, 43, 36, 9, 45, 41, 33, 7)","(26, 19, 6, 36, 43, 5, 11, 14, 19, 10, 35, 51, 43, 38, 38, 17, 49, 39, 38, 6)",312,317,True,0.015772870662460567
288,weakly_correlated,20,292,"(19, 48, 31, 33, 41, 30, 49, 12, 11, 45, 38, 24, 9, 39, 12, 31, 10, 34, 32, 36)","(24, 53, 22, 36, 31, 39, 53, 17, 16, 45, 31, 24, 13, 40, 17, 34, 7, 30, 25, 46)",348,348,False,0.0
289,weakly_correlated,20,225,"(49, 44, 6, 1, 25, 25, 27, 8, 3, 46, 11, 11, 3, 46, 35, 1, 29, 15, 40, 25)","(47, 39, 15, 1, 35, 15, 32, 16, 10, 49, 3, 2, 1, 40, 44, 9, 21, 12, 31, 20)",271,277,True,0.021660649819494584
290,weakly_correlated,20,240,"(35, 32, 1, 16, 37, 8, 8, 50, 23, 2, 9, 20, 33, 50, 48, 15, 18, 18, 34, 22)","(35, 40, 3, 7, 42, 2, 18, 53, 28, 5, 16, 14, 41, 58, 51, 21, 28, 17, 43, 17)",303,315,True,0.0380952380952381
291,weakly_correlated,20,252,"(43, 47, 33, 25, 43, 31, 48, 18, 17, 44, 17, 28, 12, 14, 5, 21, 29, 16, 11, 1)","(48, 57, 25, 35, 50, 24, 56, 14, 25, 53, 17, 21, 21, 13, 12, 13, 21, 12, 9, 10)",319,324,True,0.015432098765432098
292,weakly_correlated,20,278,"(50, 49, 10, 13, 38, 19, 41, 48, 2, 3, 35, 12, 41, 35, 47, 40, 3, 10, 43, 17)","(44, 48, 11, 20, 38, 15, 44, 58, 2, 10, 40, 9, 45, 28, 57, 37, 6, 3, 51, 14)",323,333,True,0.03003003003003003
293,weakly_correlated,20,251,"(31, 8, 33, 27, 29, 39, 7, 32, 41, 46, 33, 13, 11, 28, 18, 22, 14, 10, 10, 50)","(36, 8, 39, 20, 29, 35, 8, 25, 32, 52, 24, 16, 18, 20, 27, 30, 16, 19, 5, 60)",306,313,True,0.022364217252396165
294,weakly_correlated,20,239,"(12, 31, 48, 28, 37, 26, 29, 16, 15, 20, 23, 34, 18, 17, 30, 11, 15, 14, 19, 35)","(3, 27, 40, 37, 39, 36, 28, 25, 16, 24, 29, 42, 16, 18, 34, 6, 22, 16, 13, 36)",299,299,False,0.0
295,weakly_correlated,20,264,"(19, 21, 43, 5, 17, 47, 14, 48, 17, 47, 15, 32, 39, 2, 34, 21, 14, 7, 49, 37)","(24, 29, 48, 15, 14, 38, 11, 47, 19, 39, 17, 27, 41, 1, 28, 19, 7, 8, 41, 41)",290,296,True,0.02027027027027027
296,weakly_correlated,20,284,"(5, 17, 33, 41, 28, 8, 19, 48, 1, 46, 24, 50, 16, 12, 40, 27, 50, 35, 34, 35)","(15, 18, 24, 49, 23, 2, 14, 45, 7, 53, 18, 59, 9, 9, 44, 27, 60, 31, 32, 34)",332,337,True,0.01483679525222552
297,weakly_correlated,20,258,"(34, 48, 3, 21, 7, 2, 29, 19, 50, 32, 19, 26, 38, 4, 18, 28, 43, 35, 40, 21)","(35, 50, 12, 14, 6, 3, 31, 23, 52, 32, 26, 33, 39, 4, 14, 35, 40, 45, 45, 24)",312,313,True,0.003194888178913738
298,weakly_correlated,20,286,"(14, 42, 12, 12, 48, 30, 40, 36, 18, 39, 9, 31, 49, 32, 43, 19, 3, 40, 12, 43)","(21, 48, 21, 12, 52, 34, 46, 26, 17, 43, 1, 38, 52, 38, 52, 10, 11, 31, 21, 38)",343,356,True,0.03651685393258427
299,weakly_correlated,20,297,"(24, 47, 1, 34, 20, 39, 44, 33, 47, 22, 26, 34, 45, 26, 43, 8, 7, 44, 39, 11)","(32, 43, 8, 42, 20, 48, 35, 25, 52, 22, 29, 34, 42, 28, 39, 12, 2, 38, 35, 3)",329,336,True,0.020833333333333332
300,weakly_correlated,20,274,"(39, 23, 32, 34, 37, 11, 8, 22, 37, 41, 7, 50, 50, 45, 19, 41, 5, 18, 23, 5)","(40, 13, 33, 37, 45, 6, 14, 23, 31, 38, 17, 56, 41, 37, 18, 48, 9, 26, 13, 13)",327,330,True,0.00909090909090909
301,weakly_correlated,20,222,"(26, 32, 30, 16, 17, 16, 9, 29, 46, 20, 41, 19, 21, 15, 48, 2, 5, 29, 13, 11)","(36, 39, 40, 25, 10, 22, 4, 36, 56, 11, 36, 26, 26, 24, 52, 1, 14, 28, 13, 19)",308,308,False,0.0
302,weakly_correlated,20,225,"(36, 36, 31, 3, 26, 33, 22, 8, 2, 15, 9, 4, 36, 24, 31, 35, 25, 19, 6, 49)","(43, 39, 27, 7, 22, 35, 32, 18, 11, 23, 17, 11, 28, 26, 30, 39, 35, 13, 2, 48)",303,303,False,0.0
303,weakly_correlated,20,250,"(3, 48, 6, 37, 26, 27, 38, 17, 35, 39, 45, 9, 19, 40, 18, 15, 22, 11, 38, 7)","(4, 44, 9, 43, 21, 32, 30, 23, 26, 32, 47, 16, 9, 43, 9, 11, 16, 7, 37, 8)",273,276,True,0.010869565217391304
304,weakly_correlated,20,245,"(9, 28, 29, 15, 16, 48, 49, 4, 17, 20, 9, 25, 37, 39, 20, 49, 30, 7, 18, 21)","(7, 34, 20, 14, 24, 45, 40, 5, 9, 22, 6, 29, 38, 35, 28, 58, 30, 6, 27, 27)",298,298,False,0.0
305,weakly_correlated,20,272,"(12, 37, 41, 34, 46, 11, 31, 20, 45, 4, 44, 40, 15, 47, 18, 10, 37, 3, 32, 16)","(20, 39, 40, 29, 55, 6, 39, 16, 40, 12, 48, 45, 13, 44, 8, 5, 44, 6, 30, 20)",328,328,False,0.0
306,weakly_correlated,20,262,"(28, 13, 49, 14, 47, 44, 3, 39, 23, 44, 42, 34, 19, 13, 4, 17, 4, 49, 19, 18)","(34, 11, 58, 17, 49, 51, 10, 30, 15, 52, 51, 32, 22, 16, 9, 26, 10, 56, 19, 20)",334,334,False,0.0
307,weakly_correlated,20,218,"(41, 20, 34, 28, 2, 25, 14, 23, 14, 48, 25, 9, 43, 36, 12, 11, 5, 11, 29, 7)","(47, 19, 39, 26, 11, 35, 22, 16, 18, 47, 16, 11, 40, 33, 14, 17, 14, 11, 30, 2)",271,277,True,0.021660649819494584
308,weakly_correlated,20,252,"(12, 26, 24, 18, 28, 48, 37, 22, 11, 6, 8, 30, 41, 31, 40, 27, 17, 50, 3, 26)","(6, 27, 30, 13, 27, 51, 40, 17, 18, 3, 2, 27, 51, 21, 42, 34, 21, 57, 5, 26)",298,298,False,0.0
309,weakly_correlated,20,230,"(5, 1, 13, 14, 47, 4, 42, 27, 35, 8, 38, 48, 21, 17, 16, 33, 11, 5, 30, 44)","(5, 3, 10, 11, 52, 3, 40, 17, 32, 1, 47, 40, 11, 7, 26, 28, 4, 13, 32, 46)",264,264,False,0.0
310,weakly_correlated,20,265,"(36, 13, 11, 38, 23, 31, 48, 11, 20, 21, 12, 38, 24, 26, 37, 44, 19, 31, 20, 27)","(28, 11, 10, 44, 23, 34, 44, 19, 14, 17, 22, 33, 32, 19, 36, 45, 29, 23, 11, 19)",305,305,False,0.0
311,weakly_correlated,20,284,"(17, 47, 28, 10, 36, 35, 15, 20, 48, 40, 47, 5, 15, 17, 20, 30, 17, 50, 35, 37)","(15, 39, 33, 9, 27, 38, 15, 13, 42, 38, 46, 10, 24, 18, 24, 21, 10, 40, 43, 30)",313,313,False,0.0
312,weakly_correlated,20,224,"(42, 43, 3, 10, 15, 30, 8, 45, 10, 21, 49, 47, 17, 21, 21, 7, 25, 16, 8, 9)","(36, 45, 12, 11, 11, 34, 10, 45, 1, 19, 44, 41, 8, 19, 17, 6, 21, 6, 15, 18)",245,250,True,0.02
313,weakly_correlated,20,255,"(37, 43, 31, 13, 4, 22, 10, 26, 38, 48, 23, 6, 41, 13, 27, 46, 13, 19, 49, 1)","(32, 46, 21, 7, 6, 12, 15, 31, 40, 42, 20, 1, 47, 19, 24, 46, 4, 24, 51, 10)",290,295,True,0.01694915254237288
314,weakly_correlated,20,221,"(13, 8, 1, 41, 15, 14, 35, 4, 41, 9, 16, 16, 17, 14, 23, 21, 37, 40, 42, 35)","(17, 6, 11, 40, 17, 16, 39, 11, 36, 4, 6, 24, 8, 8, 23, 27, 33, 40, 44, 45)",274,274,False,0.0
315,weakly_correlated,20,226,"(27, 22, 24, 42, 6, 48, 10, 7, 2, 33, 14, 50, 42, 40, 5, 23, 31, 2, 21, 3)","(30, 12, 32, 33, 5, 46, 9, 17, 2, 29, 20, 43, 41, 42, 7, 14, 35, 11, 18, 2)",264,264,False,0.0
316,weakly_correlated,20,224,"(2, 21, 15, 32, 30, 5, 33, 15, 3, 21, 35, 45, 43, 24, 43, 3, 10, 45, 1, 21)","(1, 11, 12, 22, 36, 8, 43, 12, 3, 17, 40, 51, 48, 27, 53, 5, 19, 47, 6, 27)",279,285,True,0.021052631578947368
317,weakly_correlated,20,216,"(30, 46, 2, 16, 29, 29, 19, 17, 27, 23, 8, 33, 46, 6, 13, 2, 19, 50, 6, 11)","(20, 48, 4, 23, 34, 39, 19, 15, 32, 33, 3, 36, 47, 10, 9, 1, 9, 54, 2, 20)",266,270,True,0.014814814814814815
318,weakly_correlated,20,252,"(45, 4, 26, 11, 43, 27, 46, 25, 48, 27, 1, 44, 23, 32, 31, 5, 33, 14, 5, 15)","(55, 8, 29, 20, 42, 37, 56, 26, 44, 22, 2, 47, 27, 22, 34, 8, 34, 8, 11, 16)",303,316,True,0.04113924050632911
319,weakly_correlated,20,266,"(12, 45, 50, 39, 40, 14, 8, 44, 38, 39, 12, 21, 48, 22, 30, 3, 12, 17, 31, 8)","(3, 52, 59, 41, 32, 13, 12, 39, 48, 40, 8, 29, 57, 12, 35, 8, 13, 19, 22, 17)",330,330,False,0.0
320,weakly_correlated,20,274,"(29, 41, 29, 21, 27, 6, 40, 16, 49, 11, 31, 32, 2, 48, 41, 17, 41, 29, 11, 27)","(35, 33, 36, 14, 25, 12, 49, 23, 54, 16, 28, 28, 8, 43, 37, 24, 42, 20, 5, 19)",324,327,True,0.009174311926605505
321,weakly_correlated,20,256,"(18, 9, 36, 22, 39, 28, 30, 1, 17, 3, 38, 13, 15, 24, 42, 22, 17, 47, 44, 47)","(20, 12, 40, 19, 43, 31, 27, 9, 20, 7, 43, 5, 11, 27, 48, 14, 21, 48, 40, 54)",301,305,True,0.013114754098360656
322,weakly_correlated,20,257,"(46, 10, 16, 21, 10, 12, 35, 15, 41, 36, 15, 41, 21, 29, 25, 44, 38, 41, 3, 15)","(49, 3, 15, 29, 10, 22, 42, 12, 37, 37, 20, 42, 14, 22, 24, 52, 31, 50, 3, 5)",304,306,True,0.006535947712418301
323,weakly_correlated,20,250,"(47, 9, 4, 43, 21, 30, 23, 32, 17, 48, 5, 27, 8, 29, 5, 37, 28, 27, 10, 49)","(40, 10, 9, 47, 21, 33, 19, 23, 26, 49, 9, 25, 5, 19, 3, 44, 37, 23, 4, 47)",290,290,False,0.0
324,weakly_correlated,20,238,"(38, 46, 6, 22, 1, 33, 14, 23, 41, 50, 37, 13, 30, 30, 3, 17, 43, 4, 1, 23)","(33, 51, 14, 14, 5, 28, 15, 17, 43, 49, 34, 6, 24, 26, 12, 12, 48, 9, 8, 32)",286,286,False,0.0
325,weakly_correlated,20,204,"(36, 37, 47, 11, 16, 16, 8, 6, 9, 33, 29, 13, 1, 32, 36, 4, 23, 31, 6, 14)","(30, 30, 39, 12, 13, 25, 1, 4, 18, 29, 34, 5, 11, 28, 34, 7, 29, 23, 12, 5)",239,241,True,0.008298755186721992
326,weakly_correlated,20,240,"(7, 20, 30, 5, 7, 21, 37, 8, 5, 49, 47, 20, 19, 3, 31, 26, 29, 48, 36, 32)","(16, 11, 32, 11, 9, 27, 32, 12, 6, 42, 37, 14, 26, 12, 22, 30, 19, 50, 33, 28)",278,283,True,0.0176678445229682
327,weakly_correlated,20,188,"(4, 34, 21, 10, 32, 8, 12, 15, 4, 1, 11, 14, 18, 2, 13, 41, 27, 38, 25, 46)","(14, 38, 15, 7, 28, 6, 5, 11, 14, 11, 4, 18, 9, 7, 23, 49, 23, 28, 31, 43)",248,248,False,0.0
328,weakly_correlated,20,310,"(42, 49, 30, 49, 48, 41, 47, 13, 23, 21, 46, 18, 33, 13, 22, 39, 12, 46, 24, 3)","(48, 49, 35, 41, 53, 45, 49, 20, 30, 19, 46, 14, 36, 6, 28, 34, 8, 39, 17, 11)",355,359,True,0.011142061281337047
329,weakly_correlated,20,196,"(31, 33, 15, 18, 5, 2, 31, 40, 26, 33, 13, 7, 8, 15, 9, 8, 23, 9, 30, 35)","(30, 33, 17, 14, 8, 9, 22, 33, 22, 37, 11, 15, 7, 11, 8, 16, 16, 12, 25, 40)",232,232,False,0.0
330,weakly_correlated,20,271,"(40, 4, 36, 22, 33, 48, 38, 8, 6, 16, 33, 34, 5, 36, 29, 48, 11, 31, 38, 26)","(32, 7, 26, 31, 33, 58, 35, 5, 14, 23, 23, 42, 1, 27, 31, 45, 19, 37, 44, 33)",340,341,True,0.002932551319648094
331,weakly_correlated,20,350,"(47, 11, 41, 42, 30, 43, 38, 43, 50, 27, 28, 19, 47, 50, 27, 43, 48, 21, 39, 6)","(47, 8, 34, 47, 39, 43, 41, 46, 59, 18, 35, 25, 56, 50, 34, 40, 42, 30, 34, 12)",412,414,True,0.004830917874396135
332,weakly_correlated,20,254,"(16, 34, 27, 26, 1, 46, 16, 39, 12, 13, 50, 9, 39, 3, 31, 14, 45, 6, 37, 44)","(22, 42, 35, 21, 4, 53, 6, 31, 21, 19, 57, 17, 41, 12, 38, 15, 55, 16, 31, 45)",334,338,True,0.011834319526627219
333,weakly_correlated,20,260,"(36, 23, 26, 19, 35, 27, 16, 36, 28, 22, 17, 31, 50, 42, 15, 35, 3, 12, 5, 42)","(37, 19, 18, 26, 35, 25, 16, 33, 20, 13, 19, 40, 48, 46, 20, 33, 5, 14, 12, 35)",295,295,False,0.0
334,weakly_correlated,20,240,"(16, 25, 9, 49, 24, 1, 50, 47, 35, 1, 6, 7, 42, 17, 38, 10, 35, 13, 40, 14)","(23, 28, 12, 50, 20, 5, 53, 38, 31, 7, 3, 5, 40, 26, 44, 16, 25, 7, 41, 14)",277,284,True,0.02464788732394366
335,weakly_correlated,20,253,"(10, 50, 35, 4, 41, 11, 28, 32, 31, 39, 38, 23, 30, 11, 34, 9, 7, 6, 22, 45)","(1, 54, 38, 13, 31, 16, 38, 33, 31, 29, 35, 17, 35, 15, 32, 4, 15, 10, 22, 39)",298,302,True,0.013245033112582781
336,weakly_correlated,20,236,"(1, 13, 35, 48, 30, 32, 22, 49, 6, 28, 20, 41, 22, 18, 39, 5, 14, 4, 32, 14)","(9, 7, 36, 43, 20, 39, 14, 52, 16, 36, 15, 42, 18, 24, 49, 4, 16, 8, 37, 15)",289,296,True,0.02364864864864865
337,weakly_correlated,20,292,"(13, 34, 48, 33, 24, 29, 24, 32, 16, 7, 10, 38, 48, 38, 43, 40, 13, 29, 30, 34)","(18, 35, 38, 39, 22, 19, 34, 22, 15, 1, 5, 32, 43, 39, 50, 45, 14, 25, 25, 41)",330,330,False,0.0
338,weakly_correlated,20,224,"(8, 18, 32, 45, 4, 19, 41, 21, 8, 3, 36, 44, 19, 12, 50, 29, 15, 1, 31, 13)","(14, 22, 28, 54, 12, 23, 43, 17, 4, 4, 39, 36, 13, 21, 45, 29, 24, 5, 33, 9)",280,280,False,0.0
339,weakly_correlated,20,306,"(10, 29, 33, 48, 38, 31, 33, 49, 40, 2, 5, 37, 18, 32, 41, 34, 12, 27, 42, 50)","(5, 20, 43, 40, 39, 22, 38, 41, 42, 3, 14, 37, 10, 33, 48, 30, 14, 20, 41, 59)",343,346,True,0.008670520231213872
340,weakly_correlated,20,184,"(26, 7, 35, 37, 12, 15, 36, 20, 36, 9, 18, 1, 2, 11, 21, 13, 15, 10, 17, 28)","(34, 17, 28, 35, 12, 21, 34, 14, 40, 9, 25, 1, 1, 16, 15, 11, 20, 10, 12, 38)",234,236,True,0.00847457627118644
341,weakly_correlated,20,274,"(38, 37, 4, 36, 41, 17, 22, 6, 26, 40, 43, 41, 4, 33, 17, 25, 1, 39, 31, 48)","(37, 31, 1, 34, 33, 21, 19, 11, 18, 46, 52, 51, 5, 25, 9, 15, 5, 41, 38, 38)",308,312,True,0.01282051282051282
342,weakly_correlated,20,294,"(8, 38, 5, 31, 41, 20, 3, 34, 35, 50, 3, 49, 44, 46, 39, 49, 20, 42, 29, 2)","(7, 30, 2, 23, 47, 28, 13, 44, 35, 55, 12, 43, 37, 41, 29, 52, 30, 50, 23, 5)",345,359,True,0.03899721448467967
343,weakly_correlated,20,234,"(13, 49, 30, 6, 27, 17, 11, 45, 13, 6, 19, 31, 35, 31, 29, 45, 3, 31, 23, 4)","(18, 44, 38, 11, 17, 16, 6, 39, 13, 9, 26, 36, 38, 41, 29, 52, 9, 25, 27, 2)",286,291,True,0.01718213058419244
344,weakly_correlated,20,288,"(25, 7, 44, 44, 21, 26, 43, 17, 37, 27, 11, 48, 49, 42, 8, 1, 23, 39, 46, 17)","(27, 10, 50, 53, 20, 29, 53, 17, 40, 24, 12, 42, 52, 46, 9, 10, 23, 47, 39, 14)",336,342,True,0.017543859649122806
345,weakly_correlated,20,244,"(50, 1, 27, 13, 45, 10, 26, 4, 22, 6, 1, 10, 32, 42, 41, 38, 41, 29, 3, 46)","(49, 3, 20, 14, 55, 10, 25, 11, 16, 11, 6, 10, 36, 36, 36, 36, 39, 26, 8, 40)",277,278,True,0.0035971223021582736
346,weakly_correlated,20,268,"(36, 39, 8, 21, 35, 29, 10, 7, 10, 34, 22, 3, 23, 43, 38, 18, 50, 36, 44, 30)","(32, 45, 18, 27, 42, 34, 19, 3, 14, 27, 20, 3, 25, 45, 44, 22, 49, 42, 38, 23)",332,332,False,0.0
347,weakly_correlated,20,262,"(23, 31, 32, 48, 22, 11, 4, 1, 2, 22, 15, 9, 34, 43, 43, 45, 28, 48, 39, 24)","(32, 29, 28, 45, 20, 14, 1, 7, 12, 27, 22, 5, 37, 53, 46, 52, 30, 47, 38, 23)",315,322,True,0.021739130434782608
348,weakly_correlated,20,257,"(21, 14, 30, 6, 27, 29, 45, 23, 2, 37, 7, 15, 30, 16, 30, 45, 39, 43, 11, 44)","(16, 11, 31, 7, 17, 29, 40, 16, 9, 41, 15, 17, 25, 18, 38, 41, 46, 38, 12, 36)",288,292,True,0.0136986301369863
349,weakly_correlated,20,300,"(27, 28, 48, 37, 40, 22, 34, 29, 1, 31, 33, 16, 39, 42, 47, 34, 27, 36, 4, 25)","(33, 27, 50, 35, 39, 28, 24, 29, 3, 29, 32, 14, 32, 43, 48, 35, 36, 41, 2, 17)",331,331,False,0.0
350,weakly_correlated,20,287,"(24, 26, 42, 17, 38, 46, 32, 16, 19, 25, 45, 40, 32, 10, 28, 35, 19, 12, 42, 26)","(19, 26, 43, 12, 43, 40, 36, 12, 20, 16, 50, 46, 36, 17, 38, 37, 28, 6, 41, 26)",331,337,True,0.017804154302670624
351,weakly_correlated,20,305,"(40, 23, 47, 21, 40, 25, 26, 15, 48, 43, 48, 50, 36, 6, 18, 44, 8, 40, 10, 22)","(48, 23, 45, 20, 44, 22, 30, 13, 46, 53, 46, 51, 41, 2, 21, 40, 16, 38, 6, 25)",349,349,False,0.0
352,weakly_correlated,20,249,"(19, 48, 43, 9, 13, 5, 35, 46, 5, 11, 19, 35, 7, 9, 42, 29, 11, 45, 39, 28)","(13, 40, 41, 19, 18, 4, 34, 39, 2, 6, 22, 26, 10, 17, 33, 32, 19, 43, 30, 38)",293,293,False,0.0
353,weakly_correlated,20,268,"(7, 25, 39, 26, 7, 25, 44, 49, 14, 21, 20, 23, 49, 11, 29, 18, 43, 32, 34, 19)","(3, 17, 44, 33, 16, 32, 45, 57, 19, 13, 10, 32, 51, 5, 32, 16, 46, 42, 32, 20)",327,329,True,0.0060790273556231
354,weakly_correlated,20,260,"(14, 6, 50, 10, 7, 15, 43, 28, 11, 19, 31, 19, 15, 40, 47, 16, 31, 46, 33, 38)","(10, 4, 60, 1, 10, 25, 52, 35, 10, 22, 26, 27, 16, 45, 50, 25, 29, 53, 28, 47)",323,327,True,0.012232415902140673
355,weakly_correlated,20,223,"(11, 40, 22, 10, 39, 7, 14, 46, 38, 32, 39, 21, 32, 10, 22, 5, 35, 3, 19, 1)","(4, 42, 13, 18, 46, 5, 16, 52, 47, 42, 48, 15, 33, 16, 22, 7, 44, 5, 22, 10)",288,294,True,0.02040816326530612
356,weakly_correlated,20,302,"(42, 31, 27, 40, 34, 27, 36, 28, 44, 26, 23, 26, 19, 37, 11, 31, 47, 30, 22, 23)","(33, 29, 30, 44, 41, 23, 36, 31, 54, 25, 26, 31, 17, 32, 4, 23, 39, 20, 17, 33)",343,344,True,0.0029069767441860465
357,weakly_correlated,20,276,"(12, 45, 11, 18, 35, 26, 11, 23, 3, 39, 19, 43, 48, 23, 6, 46, 42, 37, 37, 29)","(13, 37, 8, 12, 32, 29, 2, 23, 8, 32, 23, 46, 40, 19, 13, 56, 43, 28, 37, 21)",299,303,True,0.013201320132013201
358,weakly_correlated,20,236,"(49, 14, 48, 13, 7, 10, 15, 29, 11, 34, 38, 9, 5, 28, 12, 45, 7, 46, 32, 20)","(46, 16, 47, 3, 3, 2, 15, 30, 14, 43, 48, 4, 8, 37, 8, 46, 6, 51, 31, 17)",272,278,True,0.02158273381294964
359,weakly_correlated,20,258,"(6, 38, 37, 49, 2, 6, 13, 41, 46, 10, 38, 43, 25, 13, 40, 24, 25, 34, 21, 4)","(13, 43, 36, 52, 9, 4, 4, 32, 50, 2, 45, 39, 22, 20, 43, 16, 15, 30, 11, 6)",289,297,True,0.026936026936026935
360,weakly_correlated,20,258,"(15, 16, 14, 36, 6, 5, 8, 30, 35, 40, 31, 42, 18, 19, 21, 49, 42, 28, 20, 40)","(14, 8, 8, 31, 8, 12, 11, 24, 44, 42, 29, 36, 19, 15, 25, 41, 38, 31, 13, 47)",282,291,True,0.030927835051546393
361,weakly_correlated,20,270,"(40, 48, 26, 2, 47, 40, 40, 24, 38, 27, 30, 33, 25, 4, 8, 2, 37, 20, 35, 14)","(34, 50, 30, 7, 41, 35, 49, 26, 37, 17, 37, 25, 24, 14, 6, 8, 39, 25, 36, 20)",311,326,True,0.046012269938650305
362,weakly_correlated,20,319,"(50, 34, 24, 33, 23, 34, 48, 23, 29, 38, 15, 27, 37, 4, 38, 48, 36, 38, 44, 15)","(56, 43, 21, 43, 32, 44, 47, 21, 30, 46, 12, 24, 33, 1, 46, 43, 41, 29, 35, 17)",380,382,True,0.005235602094240838
363,weakly_correlated,20,215,"(50, 3, 11, 5, 34, 5, 27, 47, 24, 4, 8, 33, 10, 33, 22, 10, 39, 22, 13, 30)","(45, 9, 10, 2, 37, 13, 21, 44, 20, 14, 7, 37, 5, 40, 25, 12, 29, 30, 11, 40)",274,274,False,0.0
364,weakly_correlated,20,266,"(1, 32, 2, 22, 10, 42, 13, 49, 48, 10, 10, 49, 26, 35, 29, 11, 47, 28, 28, 39)","(2, 22, 3, 19, 17, 52, 8, 40, 46, 4, 2, 45, 30, 36, 24, 2, 46, 37, 23, 39)",289,291,True,0.006872852233676976
365,weakly_correlated,20,229,"(44, 46, 19, 13, 25, 25, 12, 13, 1, 29, 19, 25, 48, 38, 14, 18, 21, 3, 10, 35)","(43, 40, 28, 19, 33, 32, 2, 6, 1, 38, 13, 25, 39, 34, 24, 14, 27, 1, 11, 33)",282,282,False,0.0
366,weakly_correlated,20,198,"(5, 47, 10, 25, 22, 11, 10, 29, 5, 11, 15, 46, 33, 6, 16, 32, 15, 28, 23, 6)","(8, 40, 17, 27, 32, 4, 13, 38, 2, 9, 9, 38, 29, 3, 18, 22, 16, 29, 16, 15)",234,237,True,0.012658227848101266
367,weakly_correlated,20,219,"(3, 45, 2, 15, 48, 26, 50, 2, 15, 30, 30, 18, 14, 10, 48, 25, 6, 16, 33, 2)","(9, 50, 6, 5, 47, 30, 58, 1, 5, 28, 39, 17, 16, 6, 47, 18, 6, 8, 42, 4)",261,262,True,0.003816793893129771
368,weakly_correlated,20,244,"(31, 4, 13, 31, 39, 36, 9, 30, 8, 48, 22, 44, 31, 16, 9, 32, 37, 27, 17, 4)","(39, 1, 6, 40, 48, 34, 11, 32, 4, 51, 28, 47, 21, 21, 5, 28, 42, 37, 8, 10)",286,302,True,0.052980132450331126
369,weakly_correlated,20,300,"(50, 50, 46, 40, 1, 14, 8, 36, 5, 25, 21, 47, 28, 47, 42, 35, 42, 6, 35, 21)","(51, 49, 43, 31, 7, 20, 5, 41, 6, 20, 11, 38, 35, 57, 42, 26, 47, 8, 32, 23)",342,344,True,0.005813953488372093
370,weakly_correlated,20,258,"(8, 38, 18, 19, 39, 38, 31, 44, 39, 19, 16, 23, 32, 20, 44, 15, 17, 10, 36, 11)","(10, 44, 10, 28, 33, 28, 22, 44, 47, 26, 16, 15, 34, 27, 54, 8, 26, 12, 37, 18)",326,326,False,0.0
371,weakly_correlated,20,320,"(20, 27, 40, 16, 49, 14, 37, 49, 48, 38, 8, 46, 49, 4, 33, 15, 48, 45, 29, 24)","(29, 30, 33, 16, 40, 23, 33, 58, 50, 28, 5, 42, 54, 10, 30, 7, 45, 55, 38, 17)",368,377,True,0.023872679045092837
372,weakly_correlated,20,262,"(8, 16, 34, 46, 28, 33, 28, 38, 16, 4, 36, 20, 28, 24, 43, 48, 3, 18, 37, 17)","(12, 8, 30, 50, 37, 29, 22, 37, 17, 3, 35, 16, 22, 23, 51, 44, 12, 16, 31, 15)",290,290,False,0.0
373,weakly_correlated,20,250,"(3, 43, 46, 16, 39, 26, 49, 43, 20, 5, 41, 42, 17, 8, 41, 7, 9, 24, 6, 16)","(2, 36, 42, 25, 39, 29, 59, 47, 24, 15, 42, 32, 27, 1, 34, 6, 12, 34, 12, 17)",310,316,True,0.0189873417721519
374,weakly_correlated,20,339,"(22, 46, 50, 10, 35, 49, 47, 27, 43, 23, 35, 50, 34, 24, 47, 34, 49, 15, 1, 37)","(16, 52, 44, 17, 32, 54, 45, 33, 53, 22, 34, 55, 29, 29, 49, 40, 47, 6, 5, 33)",387,388,True,0.002577319587628866
375,weakly_correlated,20,202,"(15, 16, 12, 12, 21, 40, 25, 43, 12, 3, 1, 32, 20, 6, 44, 6, 22, 35, 11, 27)","(16, 19, 10, 18, 16, 43, 31, 38, 14, 2, 8, 31, 13, 16, 41, 3, 12, 29, 13, 37)",248,248,False,0.0
376,weakly_correlated,20,273,"(44, 31, 11, 7, 25, 38, 29, 11, 41, 47, 4, 29, 44, 12, 45, 12, 1, 43, 29, 43)","(46, 30, 17, 14, 20, 28, 29, 10, 50, 56, 4, 21, 50, 4, 54, 5, 6, 49, 30, 41)",330,330,False,0.0
377,weakly_correlated,20,222,"(16, 7, 6, 31, 22, 41, 22, 19, 33, 3, 10, 37, 30, 21, 49, 39, 29, 3, 4, 22)","(22, 8, 1, 28, 27, 36, 29, 10, 32, 5, 19, 27, 40, 16, 55, 32, 33, 4, 12, 15)",271,278,True,0.025179856115107913
378,weakly_correlated,20,286,"(2, 46, 45, 10, 28, 10, 22, 39, 1, 30, 26, 24, 33, 43, 49, 38, 47, 40, 32, 8)","(5, 48, 49, 15, 18, 8, 15, 44, 2, 28, 36, 29, 38, 38, 46, 45, 53, 49, 35, 4)",328,336,True,0.023809523809523808
379,weakly_correlated,20,318,"(2, 35, 50, 44, 21, 37, 48, 41, 26, 35, 37, 18, 17, 48, 40, 27, 22, 13, 38, 38)","(4, 41, 50, 52, 25, 37, 53, 34, 20, 28, 36, 25, 18, 58, 33, 28, 19, 22, 44, 39)",370,374,True,0.0106951871657754
380,weakly_correlated,20,234,"(9, 37, 36, 15, 13, 34, 30, 17, 18, 36, 10, 35, 40, 41, 25, 15, 30, 2, 23, 3)","(11, 40, 40, 23, 22, 32, 39, 19, 27, 45, 18, 30, 37, 43, 19, 7, 23, 10, 22, 7)",301,304,True,0.009868421052631578
381,weakly_correlated,20,287,"(31, 37, 13, 19, 14, 40, 40, 18, 15, 42, 30, 2, 39, 46, 38, 22, 46, 26, 30, 26)","(36, 27, 6, 29, 20, 48, 49, 28, 17, 39, 26, 1, 42, 41, 28, 25, 40, 30, 37, 28)",348,348,False,0.0
382,weakly_correlated,20,262,"(4, 9, 15, 49, 22, 50, 37, 22, 46, 44, 14, 45, 28, 37, 22, 15, 9, 27, 27, 3)","(5, 11, 21, 40, 30, 55, 32, 22, 37, 48, 24, 40, 29, 32, 18, 9, 6, 27, 25, 9)",299,301,True,0.006644518272425249
383,weakly_correlated,20,216,"(34, 26, 15, 7, 20, 6, 18, 8, 20, 39, 37, 24, 38, 22, 6, 37, 32, 14, 17, 13)","(40, 20, 20, 12, 16, 7, 25, 1, 16, 38, 41, 27, 46, 27, 1, 46, 27, 10, 17, 12)",262,264,True,0.007575757575757576
384,weakly_correlated,20,267,"(42, 4, 35, 41, 16, 16, 45, 15, 19, 9, 29, 19, 47, 41, 26, 32, 28, 39, 18, 13)","(44, 13, 25, 42, 20, 9, 52, 17, 10, 13, 24, 27, 55, 44, 31, 34, 36, 41, 16, 12)",320,325,True,0.015384615384615385
385,weakly_correlated,20,218,"(5, 32, 34, 2, 14, 25, 34, 16, 27, 11, 14, 28, 1, 46, 46, 9, 18, 38, 7, 29)","(14, 34, 33, 7, 22, 26, 28, 26, 19, 1, 8, 26, 3, 38, 44, 1, 11, 31, 10, 24)",245,247,True,0.008097165991902834
386,weakly_correlated,20,271,"(40, 45, 35, 27, 34, 16, 50, 45, 16, 19, 22, 28, 34, 2, 6, 43, 9, 29, 8, 34)","(39, 47, 39, 18, 24, 14, 48, 53, 26, 24, 16, 23, 44, 12, 5, 39, 8, 27, 15, 31)",321,322,True,0.003105590062111801
387,weakly_correlated,20,214,"(29, 3, 12, 13, 18, 8, 6, 16, 27, 1, 47, 50, 10, 34, 31, 7, 33, 8, 38, 37)","(25, 13, 8, 14, 24, 8, 3, 22, 26, 4, 53, 59, 16, 24, 25, 8, 40, 1, 32, 33)",264,265,True,0.0037735849056603774
388,weakly_correlated,20,190,"(24, 24, 44, 29, 13, 16, 13, 42, 5, 10, 33, 6, 22, 49, 1, 5, 1, 17, 24, 3)","(25, 19, 36, 26, 14, 19, 23, 34, 4, 10, 32, 9, 23, 51, 6, 4, 3, 14, 17, 12)",221,224,True,0.013392857142857142
389,weakly_correlated,20,283,"(43, 23, 27, 15, 31, 9, 13, 5, 15, 40, 48, 30, 44, 48, 10, 38, 38, 38, 1, 50)","(53, 31, 34, 12, 33, 13, 10, 8, 6, 39, 49, 24, 34, 47, 14, 40, 35, 42, 10, 52)",330,334,True,0.011976047904191617
390,weakly_correlated,20,227,"(37, 6, 1, 49, 41, 40, 14, 4, 6, 5, 31, 13, 31, 2, 7, 46, 12, 42, 42, 25)","(45, 15, 4, 49, 39, 46, 15, 5, 10, 11, 30, 8, 23, 11, 15, 42, 12, 37, 48, 19)",286,286,False,0.0
391,weakly_correlated,20,265,"(32, 46, 16, 11, 3, 32, 45, 16, 28, 7, 42, 32, 24, 41, 42, 27, 32, 5, 23, 26)","(27, 56, 10, 16, 11, 41, 36, 13, 30, 8, 35, 35, 22, 40, 38, 32, 40, 1, 32, 33)",326,327,True,0.0030581039755351682
392,weakly_correlated,20,280,"(40, 30, 47, 32, 21, 34, 20, 42, 38, 43, 3, 5, 30, 22, 21, 8, 47, 2, 49, 26)","(44, 39, 43, 28, 17, 26, 16, 41, 48, 37, 12, 3, 23, 23, 29, 2, 40, 3, 44, 22)",310,311,True,0.003215434083601286
393,weakly_correlated,20,238,"(24, 11, 49, 30, 9, 15, 5, 3, 30, 36, 13, 38, 30, 2, 10, 39, 48, 42, 10, 33)","(24, 1, 52, 38, 2, 12, 1, 4, 37, 32, 22, 47, 36, 7, 8, 48, 53, 42, 18, 38)",303,303,False,0.0
394,weakly_correlated,20,290,"(16, 23, 32, 22, 13, 41, 37, 48, 27, 6, 47, 24, 7, 40, 40, 27, 39, 1, 49, 42)","(13, 19, 24, 23, 8, 43, 33, 52, 36, 16, 54, 20, 8, 31, 37, 26, 47, 2, 47, 45)",326,331,True,0.015105740181268883
395,weakly_correlated,20,276,"(24, 2, 43, 40, 24, 49, 8, 9, 35, 20, 15, 25, 46, 44, 19, 35, 32, 29, 11, 42)","(24, 3, 52, 33, 16, 50, 14, 10, 42, 28, 10, 24, 40, 46, 28, 33, 28, 25, 1, 44)",317,319,True,0.006269592476489028
396,weakly_correlated,20,290,"(4, 42, 36, 23, 6, 33, 40, 6, 24, 11, 27, 24, 39, 45, 47, 43, 49, 23, 18, 39)","(5, 40, 30, 26, 12, 31, 42, 14, 29, 16, 27, 15, 29, 52, 46, 49, 47, 17, 16, 35)",318,329,True,0.03343465045592705
397,weakly_correlated,20,318,"(8, 26, 50, 45, 38, 16, 26, 24, 43, 32, 23, 43, 47, 30, 24, 2, 30, 44, 48, 36)","(3, 30, 40, 43, 32, 18, 19, 24, 49, 38, 26, 34, 47, 40, 25, 5, 34, 35, 48, 33)",339,355,True,0.04507042253521127
398,weakly_correlated,20,264,"(26, 16, 29, 30, 42, 3, 36, 5, 27, 35, 5, 42, 9, 10, 26, 36, 26, 49, 46, 30)","(29, 25, 30, 25, 34, 8, 37, 5, 29, 35, 2, 50, 10, 7, 36, 26, 32, 57, 51, 36)",319,324,True,0.015432098765432098
399,weakly_correlated,20,236,"(3, 46, 2, 15, 11, 35, 3, 25, 35, 4, 12, 43, 50, 2, 7, 42, 22, 49, 49, 16)","(3, 55, 10, 8, 3, 26, 4, 26, 40, 8, 17, 44, 58, 4, 10, 45, 29, 53, 42, 26)",290,298,True,0.026845637583892617
400,weakly_correlated,20,270,"(20, 17, 37, 50, 27, 36, 19, 14, 10, 16, 50, 25, 40, 27, 7, 6, 5, 46, 50, 37)","(27, 9, 42, 54, 30, 34, 23, 17, 2, 25, 40, 24, 37, 24, 4, 11, 10, 38, 53, 44)",311,319,True,0.025078369905956112
401,weakly_correlated,20,282,"(32, 28, 37, 31, 12, 43, 12, 46, 5, 17, 34, 43, 48, 20, 43, 11, 34, 34, 11, 23)","(25, 26, 39, 31, 11, 47, 5, 56, 13, 10, 24, 48, 40, 10, 36, 10, 31, 36, 15, 25)",310,316,True,0.0189873417721519
402,weakly_correlated,20,289,"(32, 45, 27, 20, 30, 37, 41, 47, 1, 40, 11, 49, 32, 10, 31, 10, 29, 44, 34, 8)","(25, 55, 29, 27, 33, 39, 51, 42, 8, 45, 6, 47, 25, 20, 21, 10, 27, 45, 42, 1)",349,349,False,0.0
403,weakly_correlated,20,278,"(16, 22, 11, 47, 10, 36, 48, 26, 45, 42, 10, 10, 11, 49, 38, 30, 31, 28, 1, 44)","(25, 13, 9, 52, 17, 38, 49, 20, 38, 40, 5, 15, 7, 58, 41, 20, 37, 25, 10, 39)",327,329,True,0.0060790273556231
404,weakly_correlated,20,200,"(6, 1, 6, 22, 26, 2, 43, 6, 12, 48, 13, 33, 20, 48, 36, 18, 35, 14, 4, 7)","(13, 9, 4, 16, 19, 11, 48, 1, 20, 43, 7, 27, 23, 46, 27, 18, 43, 6, 5, 14)",250,250,False,0.0
405,weakly_correlated,20,249,"(3, 46, 7, 44, 38, 15, 13, 22, 26, 29, 23, 19, 31, 21, 33, 35, 4, 26, 46, 17)","(3, 50, 4, 46, 37, 21, 19, 12, 32, 36, 22, 14, 40, 23, 23, 40, 4, 18, 49, 25)",297,299,True,0.006688963210702341
406,weakly_correlated,20,225,"(27, 26, 20, 8, 3, 9, 6, 28, 40, 27, 11, 44, 14, 6, 32, 19, 10, 31, 44, 45)","(30, 34, 30, 5, 2, 10, 4, 24, 42, 19, 21, 39, 5, 15, 38, 16, 2, 34, 46, 49)",272,277,True,0.018050541516245487
407,weakly_correlated,20,292,"(43, 19, 26, 40, 44, 33, 5, 37, 3, 33, 30, 32, 27, 14, 19, 42, 17, 42, 33, 45)","(36, 26, 27, 44, 50, 35, 7, 40, 12, 26, 26, 28, 18, 10, 27, 39, 11, 43, 26, 53)",331,337,True,0.017804154302670624
408,weakly_correlated,20,238,"(46, 17, 16, 37, 28, 17, 35, 34, 38, 7, 18, 39, 4, 12, 8, 4, 15, 40, 34, 27)","(50, 24, 24, 30, 34, 9, 39, 41, 48, 9, 12, 33, 4, 3, 16, 11, 24, 39, 39, 32)",306,309,True,0.009708737864077669
409,weakly_correlated,20,252,"(34, 31, 36, 41, 28, 34, 34, 13, 17, 36, 9, 36, 3, 49, 38, 2, 13, 23, 17, 11)","(41, 25, 39, 34, 24, 26, 36, 10, 11, 44, 6, 41, 3, 57, 47, 6, 7, 14, 20, 18)",293,299,True,0.020066889632107024
410,weakly_correlated,20,233,"(10, 2, 22, 20, 14, 11, 31, 21, 27, 7, 36, 46, 12, 36, 48, 30, 37, 28, 9, 19)","(10, 11, 14, 24, 10, 6, 22, 18, 31, 5, 40, 43, 14, 26, 40, 29, 47, 31, 4, 20)",262,265,True,0.011320754716981131
411,weakly_correlated,20,259,"(14, 21, 39, 15, 26, 1, 34, 50, 47, 5, 24, 35, 48, 38, 4, 38, 35, 36, 1, 7)","(4, 17, 35, 20, 22, 11, 40, 43, 43, 15, 33, 34, 48, 29, 4, 41, 31, 30, 2, 17)",308,308,False,0.0
412,weakly_correlated,20,195,"(19, 7, 8, 13, 13, 31, 5, 45, 23, 17, 17, 19, 26, 22, 41, 15, 8, 40, 3, 18)","(10, 7, 10, 21, 17, 21, 10, 40, 29, 27, 16, 25, 30, 26, 48, 19, 14, 42, 10, 12)",263,263,False,0.0
413,weakly_correlated,20,228,"(49, 30, 6, 12, 10, 29, 7, 17, 23, 8, 49, 18, 21, 21, 6, 22, 21, 19, 48, 41)","(59, 25, 10, 19, 9, 27, 15, 16, 31, 16, 45, 17, 15, 21, 15, 30, 26, 16, 53, 32)",295,295,False,0.0
414,weakly_correlated,20,300,"(28, 39, 40, 19, 17, 46, 44, 25, 17, 11, 39, 2, 29, 41, 43, 50, 12, 27, 29, 42)","(29, 36, 38, 11, 24, 40, 45, 19, 22, 1, 38, 5, 23, 31, 52, 48, 7, 29, 37, 41)",329,332,True,0.009036144578313253
415,weakly_correlated,20,200,"(50, 16, 13, 36, 5, 3, 12, 6, 17, 5, 19, 47, 29, 14, 21, 9, 27, 30, 5, 36)","(50, 14, 9, 30, 9, 8, 8, 1, 12, 3, 11, 50, 31, 16, 24, 12, 31, 26, 5, 27)",215,222,True,0.03153153153153153
416,weakly_correlated,20,299,"(17, 33, 39, 19, 21, 42, 50, 36, 41, 43, 32, 29, 25, 1, 32, 37, 23, 1, 32, 45)","(7, 41, 47, 25, 25, 51, 41, 36, 32, 39, 38, 26, 34, 5, 24, 32, 32, 6, 27, 50)",361,365,True,0.010958904109589041
417,weakly_correlated,20,207,"(39, 3, 25, 43, 23, 42, 1, 6, 21, 1, 6, 17, 22, 7, 32, 39, 27, 33, 17, 10)","(31, 12, 24, 34, 13, 46, 7, 1, 23, 5, 12, 7, 25, 16, 22, 47, 20, 36, 18, 5)",252,254,True,0.007874015748031496
418,weakly_correlated,20,206,"(21, 8, 10, 44, 15, 3, 25, 23, 14, 41, 41, 35, 1, 6, 24, 27, 4, 20, 6, 45)","(22, 10, 9, 50, 13, 3, 25, 31, 13, 40, 44, 28, 5, 15, 16, 37, 1, 14, 4, 43)",246,248,True,0.008064516129032258
419,weakly_correlated,20,186,"(40, 9, 24, 6, 43, 11, 30, 3, 1, 5, 19, 27, 8, 42, 21, 1, 19, 32, 28, 4)","(34, 10, 30, 1, 49, 3, 28, 13, 6, 8, 28, 32, 11, 52, 17, 4, 12, 42, 36, 1)",243,254,True,0.04330708661417323
420,weakly_correlated,20,230,"(2, 24, 26, 49, 2, 21, 42, 49, 9, 22, 18, 22, 10, 17, 12, 43, 16, 1, 40, 34)","(11, 22, 19, 42, 9, 26, 32, 58, 18, 25, 11, 20, 4, 22, 17, 36, 21, 7, 32, 25)",275,278,True,0.01079136690647482
421,weakly_correlated,20,250,"(42, 40, 32, 18, 34, 27, 16, 35, 19, 21, 41, 32, 27, 21, 42, 1, 28, 14, 1, 10)","(51, 38, 37, 18, 38, 36, 18, 28, 9, 26, 36, 38, 31, 20, 33, 5, 34, 10, 9, 3)",303,306,True,0.00980392156862745
422,weakly_correlated,20,210,"(25, 1, 33, 5, 13, 3, 18, 3, 24, 40, 44, 9, 28, 25, 18, 8, 42, 27, 22, 31)","(24, 6, 42, 10, 12, 8, 12, 8, 30, 42, 41, 7, 27, 23, 8, 1, 52, 18, 24, 23)",256,256,False,0.0
423,weakly_correlated,20,328,"(21, 35, 49, 33, 14, 36, 39, 45, 39, 39, 45, 24, 38, 21, 28, 34, 39, 5, 34, 39)","(16, 45, 57, 36, 14, 33, 43, 44, 32, 47, 55, 17, 31, 13, 20, 38, 32, 2, 26, 41)",376,376,False,0.0
424,weakly_correlated,20,262,"(36, 44, 4, 42, 5, 11, 12, 43, 13, 13, 26, 41, 18, 29, 42, 18, 38, 39, 23, 28)","(40, 38, 12, 45, 4, 1, 14, 50, 9, 6, 23, 44, 11, 31, 46, 15, 44, 41, 21, 38)",303,306,True,0.00980392156862745
425,weakly_correlated,20,260,"(27, 11, 4, 48, 47, 15, 48, 39, 27, 36, 13, 34, 7, 4, 4, 43, 32, 49, 21, 12)","(19, 12, 10, 55, 54, 24, 45, 40, 34, 27, 14, 39, 17, 11, 12, 46, 28, 48, 25, 14)",321,330,True,0.02727272727272727
426,weakly_correlated,20,270,"(11, 47, 5, 8, 30, 36, 3, 42, 48, 20, 30, 23, 43, 15, 32, 2, 48, 42, 33, 22)","(11, 48, 4, 10, 36, 36, 10, 44, 47, 20, 31, 15, 41, 14, 33, 6, 52, 39, 39, 22)",296,303,True,0.0231023102310231
427,weakly_correlated,20,295,"(11, 32, 3, 19, 44, 33, 22, 46, 28, 43, 39, 21, 26, 41, 31, 39, 19, 36, 15, 42)","(20, 33, 3, 11, 34, 38, 26, 46, 34, 43, 29, 16, 33, 36, 40, 34, 19, 40, 7, 52)",338,348,True,0.028735632183908046
428,weakly_correlated,20,258,"(17, 34, 7, 17, 7, 31, 39, 39, 1, 17, 41, 17, 36, 13, 19, 49, 5, 46, 42, 39)","(8, 38, 9, 24, 9, 23, 41, 34, 3, 25, 44, 27, 34, 5, 28, 45, 11, 48, 46, 45)",309,319,True,0.03134796238244514
429,weakly_correlated,20,226,"(39, 2, 2, 32, 12, 26, 7, 19, 35, 38, 12, 11, 23, 23, 13, 4, 48, 32, 35, 40)","(32, 6, 4, 34, 2, 29, 15, 10, 34, 36, 3, 3, 14, 33, 9, 3, 56, 34, 35, 40)",258,260,True,0.007692307692307693
430,weakly_correlated,20,213,"(18, 2, 14, 21, 13, 13, 26, 10, 5, 22, 28, 14, 11, 40, 41, 29, 36, 36, 2, 45)","(12, 3, 18, 20, 5, 21, 29, 7, 12, 19, 27, 9, 10, 36, 36, 39, 27, 40, 11, 45)",255,255,False,0.0
431,weakly_correlated,20,265,"(19, 46, 1, 28, 11, 34, 28, 16, 6, 26, 49, 41, 25, 11, 42, 30, 12, 40, 48, 17)","(9, 37, 11, 38, 7, 30, 35, 17, 10, 18, 41, 35, 17, 17, 37, 31, 19, 32, 42, 23)",300,300,False,0.0
432,weakly_correlated,20,281,"(38, 43, 5, 25, 46, 16, 41, 43, 33, 14, 22, 46, 15, 43, 11, 20, 47, 21, 25, 8)","(48, 48, 13, 30, 41, 22, 36, 48, 23, 10, 21, 50, 11, 47, 3, 13, 53, 18, 35, 4)",329,332,True,0.009036144578313253
433,weakly_correlated,20,276,"(13, 5, 32, 23, 44, 34, 38, 28, 21, 47, 7, 9, 1, 42, 49, 44, 41, 14, 44, 17)","(18, 1, 41, 22, 37, 31, 34, 22, 11, 38, 4, 13, 10, 49, 56, 37, 51, 7, 52, 12)",325,328,True,0.009146341463414634
434,weakly_correlated,20,225,"(24, 34, 25, 19, 11, 47, 22, 24, 3, 3, 5, 45, 7, 33, 44, 35, 17, 3, 43, 6)","(16, 30, 31, 9, 15, 50, 16, 31, 13, 6, 2, 40, 7, 38, 35, 45, 16, 5, 52, 15)",276,286,True,0.03496503496503497
435,weakly_correlated,20,242,"(13, 32, 4, 40, 21, 35, 6, 15, 30, 42, 16, 35, 44, 29, 4, 6, 30, 11, 37, 33)","(19, 31, 10, 45, 28, 29, 10, 7, 23, 44, 23, 45, 46, 34, 13, 4, 38, 11, 38, 24)",309,311,True,0.006430868167202572
436,weakly_correlated,20,275,"(25, 50, 15, 24, 36, 7, 46, 7, 41, 39, 4, 1, 29, 25, 38, 43, 28, 39, 47, 6)","(30, 52, 10, 21, 46, 12, 54, 2, 45, 30, 9, 9, 34, 31, 34, 42, 33, 40, 49, 6)",330,331,True,0.0030211480362537764
437,weakly_correlated,20,285,"(34, 7, 9, 38, 29, 48, 37, 43, 21, 28, 39, 36, 23, 12, 1, 17, 33, 41, 46, 28)","(33, 1, 1, 36, 39, 53, 38, 41, 12, 26, 29, 29, 26, 5, 1, 26, 25, 47, 46, 23)",310,317,True,0.022082018927444796
438,weakly_correlated,20,206,"(14, 37, 6, 35, 28, 46, 9, 26, 9, 17, 14, 12, 22, 36, 18, 5, 29, 8, 38, 2)","(21, 43, 10, 43, 19, 36, 13, 23, 2, 11, 19, 5, 24, 30, 8, 14, 27, 5, 39, 4)",241,249,True,0.0321285140562249
439,weakly_correlated,20,298,"(26, 20, 18, 28, 39, 31, 18, 29, 33, 9, 45, 39, 50, 42, 15, 8, 11, 46, 42, 47)","(26, 23, 24, 26, 42, 41, 15, 28, 35, 1, 37, 34, 40, 42, 20, 11, 15, 41, 40, 49)",328,331,True,0.00906344410876133
440,weakly_correlated,20,239,"(8, 20, 15, 13, 21, 41, 16, 25, 9, 38, 2, 27, 7, 19, 26, 35, 23, 48, 44, 41)","(3, 19, 11, 4, 28, 49, 25, 35, 8, 40, 2, 24, 15, 13, 17, 45, 25, 52, 43, 36)",295,295,False,0.0
441,weakly_correlated,20,281,"(12, 45, 10, 50, 29, 39, 27, 7, 24, 47, 9, 20, 10, 24, 49, 45, 34, 3, 28, 50)","(14, 54, 16, 46, 28, 29, 25, 17, 32, 55, 14, 12, 8, 30, 39, 39, 32, 10, 22, 47)",335,335,False,0.0
442,weakly_correlated,20,286,"(24, 40, 28, 31, 10, 45, 21, 6, 22, 12, 48, 36, 48, 26, 9, 5, 46, 26, 39, 50)","(28, 44, 31, 33, 19, 42, 23, 8, 19, 16, 50, 32, 51, 20, 10, 7, 54, 22, 42, 60)",333,335,True,0.005970149253731343
443,weakly_correlated,20,278,"(49, 2, 42, 22, 7, 15, 23, 46, 33, 22, 30, 6, 32, 32, 29, 23, 27, 31, 37, 49)","(43, 11, 40, 21, 9, 5, 31, 53, 26, 22, 27, 14, 40, 28, 19, 20, 31, 24, 27, 56)",328,328,False,0.0
444,weakly_correlated,20,225,"(20, 1, 32, 20, 41, 35, 32, 27, 14, 32, 8, 8, 24, 21, 10, 22, 14, 23, 41, 25)","(19, 5, 30, 26, 45, 34, 24, 35, 23, 22, 1, 1, 34, 27, 12, 13, 6, 25, 41, 24)",273,273,False,0.0
445,weakly_correlated,20,267,"(36, 16, 26, 26, 48, 10, 50, 17, 24, 9, 4, 20, 23, 38, 41, 50, 20, 39, 2, 35)","(39, 8, 24, 34, 47, 15, 53, 15, 29, 19, 12, 25, 32, 47, 44, 59, 23, 39, 1, 26)",335,340,True,0.014705882352941176
446,weakly_correlated,20,252,"(31, 44, 40, 14, 9, 40, 25, 38, 18, 12, 33, 41, 18, 14, 30, 17, 24, 19, 14, 22)","(38, 54, 50, 9, 14, 36, 15, 35, 11, 6, 26, 43, 9, 18, 21, 17, 20, 24, 14, 12)",281,291,True,0.03436426116838488
447,weakly_correlated,20,275,"(27, 1, 25, 41, 26, 8, 6, 29, 50, 47, 36, 11, 17, 6, 42, 39, 27, 44, 41, 27)","(33, 10, 28, 35, 28, 10, 16, 36, 46, 38, 45, 21, 14, 12, 32, 34, 34, 41, 44, 22)",331,341,True,0.02932551319648094
448,weakly_correlated,20,299,"(18, 8, 11, 38, 23, 44, 40, 50, 23, 46, 22, 20, 16, 27, 50, 35, 48, 47, 19, 13)","(15, 10, 1, 45, 26, 37, 36, 56, 23, 47, 27, 27, 17, 28, 43, 44, 39, 37, 20, 22)",345,349,True,0.011461318051575931
449,weakly_correlated,20,262,"(13, 13, 8, 32, 42, 41, 43, 35, 16, 6, 46, 25, 24, 16, 48, 23, 9, 25, 32, 26)","(9, 15, 7, 25, 43, 45, 52, 28, 19, 11, 48, 26, 23, 15, 41, 14, 16, 33, 24, 33)",305,308,True,0.00974025974025974
450,weakly_correlated,20,202,"(7, 41, 26, 8, 4, 2, 30, 38, 6, 9, 7, 19, 10, 38, 39, 40, 41, 12, 13, 13)","(16, 35, 17, 16, 12, 4, 39, 29, 11, 9, 1, 17, 4, 34, 44, 33, 43, 3, 5, 16)",236,245,True,0.036734693877551024
451,weakly_correlated,20,276,"(3, 9, 48, 3, 50, 46, 20, 22, 4, 14, 25, 44, 15, 44, 26, 49, 28, 39, 24, 40)","(10, 16, 49, 2, 43, 46, 15, 27, 7, 8, 30, 40, 21, 39, 22, 59, 35, 47, 29, 34)",332,332,False,0.0
452,weakly_correlated,20,229,"(22, 43, 22, 20, 13, 34, 40, 4, 32, 18, 18, 9, 27, 10, 22, 14, 22, 41, 41, 6)","(23, 42, 14, 12, 20, 40, 45, 10, 26, 27, 20, 13, 28, 9, 29, 22, 21, 42, 33, 2)",279,280,True,0.0035714285714285713
453,weakly_correlated,20,272,"(16, 35, 43, 45, 25, 36, 29, 21, 45, 28, 15, 6, 32, 26, 21, 2, 45, 44, 11, 18)","(18, 40, 45, 51, 22, 45, 19, 26, 37, 23, 5, 3, 23, 29, 23, 6, 47, 43, 1, 28)",314,317,True,0.00946372239747634
454,weakly_correlated,20,302,"(20, 48, 42, 21, 28, 14, 22, 10, 43, 43, 49, 41, 14, 11, 16, 43, 16, 33, 44, 47)","(28, 55, 50, 19, 35, 24, 20, 11, 34, 43, 49, 33, 10, 19, 12, 48, 12, 29, 53, 50)",355,362,True,0.019337016574585635
455,weakly_correlated,20,284,"(47, 25, 41, 15, 15, 30, 7, 48, 17, 29, 30, 36, 49, 2, 30, 35, 8, 45, 10, 50)","(37, 33, 51, 10, 9, 24, 13, 43, 9, 35, 22, 37, 48, 6, 30, 27, 15, 40, 19, 42)",327,327,False,0.0
456,weakly_correlated,20,266,"(48, 30, 25, 3, 47, 8, 32, 6, 45, 3, 10, 13, 47, 34, 35, 38, 45, 22, 37, 3)","(52, 33, 35, 10, 53, 11, 25, 16, 49, 5, 5, 8, 49, 43, 45, 45, 50, 14, 44, 6)",327,341,True,0.04105571847507331
457,weakly_correlated,20,290,"(49, 22, 18, 48, 22, 11, 47, 36, 15, 45, 12, 40, 40, 6, 5, 42, 8, 38, 37, 40)","(44, 29, 22, 58, 13, 6, 43, 30, 18, 48, 15, 44, 31, 11, 9, 52, 4, 46, 36, 37)",340,344,True,0.011627906976744186
458,weakly_correlated,20,258,"(5, 34, 5, 19, 42, 23, 37, 30, 21, 47, 48, 16, 11, 18, 15, 22, 27, 50, 30, 16)","(10, 38, 2, 25, 47, 29, 27, 29, 13, 37, 49, 15, 18, 11, 25, 13, 18, 60, 39, 21)",314,318,True,0.012578616352201259
459,weakly_correlated,20,266,"(42, 26, 12, 26, 20, 23, 35, 49, 46, 6, 1, 15, 3, 40, 25, 37, 45, 33, 41, 8)","(36, 16, 16, 26, 12, 19, 44, 58, 50, 8, 9, 5, 8, 34, 30, 33, 51, 33, 50, 8)",324,324,False,0.0
460,weakly_correlated,20,292,"(20, 48, 26, 49, 1, 43, 35, 31, 42, 12, 8, 36, 50, 11, 28, 1, 42, 39, 12, 50)","(25, 38, 35, 49, 7, 52, 39, 31, 33, 3, 7, 43, 58, 1, 26, 6, 38, 41, 11, 49)",344,345,True,0.002898550724637681
461,weakly_correlated,20,246,"(47, 49, 37, 35, 27, 40, 6, 18, 15, 20, 23, 7, 21, 4, 27, 5, 18, 34, 15, 45)","(47, 41, 46, 43, 37, 35, 14, 23, 11, 25, 17, 12, 12, 12, 22, 5, 8, 32, 5, 46)",305,305,False,0.0
462,weakly_correlated,20,242,"(38, 25, 2, 1, 38, 47, 12, 48, 14, 50, 24, 27, 34, 14, 4, 17, 25, 23, 28, 12)","(30, 20, 2, 11, 36, 45, 13, 39, 9, 52, 20, 18, 26, 6, 14, 24, 23, 24, 27, 11)",259,262,True,0.011450381679389313
463,weakly_correlated,20,282,"(14, 36, 14, 5, 38, 50, 14, 33, 19, 6, 44, 12, 26, 41, 38, 30, 46, 22, 33, 42)","(19, 28, 20, 3, 42, 47, 20, 35, 28, 14, 39, 8, 16, 43, 35, 29, 42, 29, 42, 42)",337,337,False,0.0
464,weakly_correlated,20,241,"(18, 36, 16, 18, 11, 34, 28, 49, 29, 32, 25, 38, 6, 31, 2, 49, 12, 16, 31, 1)","(13, 45, 13, 25, 11, 27, 27, 55, 35, 23, 35, 33, 3, 41, 1, 45, 18, 12, 33, 7)",298,299,True,0.0033444816053511705
465,weakly_correlated,20,216,"(13, 4, 42, 12, 36, 12, 6, 13, 16, 9, 39, 25, 24, 18, 25, 21, 31, 30, 9, 47)","(10, 14, 32, 9, 46, 14, 11, 18, 13, 17, 42, 35, 15, 13, 31, 12, 41, 23, 16, 52)",285,286,True,0.0034965034965034965
466,weakly_correlated,20,202,"(4, 19, 10, 15, 31, 9, 31, 8, 26, 18, 19, 37, 10, 34, 15, 30, 34, 6, 31, 18)","(2, 15, 5, 21, 32, 13, 35, 9, 25, 11, 12, 43, 2, 30, 13, 35, 43, 7, 38, 9)",244,244,False,0.0
467,weakly_correlated,20,208,"(17, 26, 2, 7, 17, 7, 7, 20, 15, 9, 8, 45, 24, 36, 2, 46, 45, 17, 29, 36)","(22, 18, 7, 10, 20, 6, 6, 13, 18, 11, 15, 36, 29, 26, 9, 49, 49, 17, 36, 27)",255,257,True,0.007782101167315175
468,weakly_correlated,20,260,"(14, 4, 6, 45, 25, 47, 30, 43, 49, 46, 12, 8, 13, 4, 21, 16, 36, 48, 46, 7)","(16, 10, 6, 55, 19, 54, 33, 42, 42, 45, 5, 15, 18, 6, 16, 10, 36, 45, 45, 10)",304,304,False,0.0
469,weakly_correlated,20,262,"(17, 43, 27, 25, 4, 48, 3, 48, 16, 4, 13, 45, 41, 41, 28, 24, 33, 19, 17, 28)","(16, 41, 37, 35, 2, 46, 4, 54, 9, 1, 14, 52, 43, 45, 28, 22, 25, 29, 7, 30)",303,313,True,0.03194888178913738
470,weakly_correlated,20,260,"(3, 23, 9, 42, 46, 45, 26, 21, 38, 48, 5, 13, 34, 40, 32, 9, 3, 34, 47, 3)","(12, 18, 17, 47, 39, 47, 17, 12, 38, 49, 4, 13, 25, 33, 22, 2, 13, 42, 42, 7)",291,297,True,0.020202020202020204
471,weakly_correlated,20,256,"(44, 42, 47, 21, 16, 24, 32, 4, 47, 18, 45, 28, 26, 14, 14, 3, 27, 12, 38, 11)","(36, 41, 51, 22, 23, 16, 38, 11, 53, 26, 53, 30, 31, 15, 12, 11, 25, 17, 32, 8)",314,316,True,0.006329113924050633
472,weakly_correlated,20,220,"(10, 41, 4, 12, 26, 10, 10, 49, 8, 15, 33, 21, 29, 19, 15, 5, 50, 7, 44, 32)","(7, 45, 11, 5, 24, 5, 10, 40, 10, 15, 26, 19, 20, 15, 16, 15, 48, 5, 50, 29)",244,244,False,0.0
473,weakly_correlated,20,257,"(22, 4, 24, 47, 19, 38, 1, 21, 30, 31, 32, 19, 8, 9, 33, 50, 45, 49, 16, 16)","(22, 1, 17, 46, 13, 42, 3, 26, 28, 39, 33, 13, 3, 10, 42, 55, 42, 48, 24, 13)",297,297,False,0.0
474,weakly_correlated,20,179,"(5, 27, 20, 24, 11, 24, 13, 12, 16, 27, 31, 10, 6, 41, 27, 33, 3, 16, 3, 9)","(1, 21, 21, 20, 3, 20, 4, 18, 6, 30, 31, 15, 9, 48, 36, 29, 10, 7, 13, 15)",223,231,True,0.03463203463203463
475,weakly_correlated,20,234,"(5, 41, 43, 50, 7, 24, 10, 24, 13, 18, 1, 10, 35, 47, 38, 29, 5, 17, 1, 50)","(1, 48, 47, 50, 4, 28, 3, 33, 13, 19, 11, 5, 37, 40, 43, 39, 3, 19, 11, 52)",292,292,False,0.0
476,weakly_correlated,20,253,"(32, 18, 39, 49, 27, 46, 3, 2, 9, 46, 35, 38, 4, 21, 26, 26, 25, 25, 4, 31)","(40, 19, 40, 53, 24, 50, 12, 3, 14, 42, 27, 37, 6, 31, 28, 36, 34, 26, 5, 24)",312,315,True,0.009523809523809525
477,weakly_correlated,20,244,"(40, 4, 46, 36, 27, 41, 2, 12, 25, 7, 47, 5, 1, 7, 44, 10, 29, 43, 17, 46)","(43, 5, 41, 44, 35, 36, 11, 16, 25, 10, 44, 15, 2, 13, 38, 14, 25, 50, 25, 41)",308,309,True,0.003236245954692557
478,weakly_correlated,20,230,"(21, 8, 2, 26, 5, 36, 20, 36, 22, 24, 34, 30, 15, 13, 46, 34, 20, 2, 39, 26)","(15, 17, 5, 26, 10, 37, 20, 26, 21, 31, 39, 37, 23, 20, 46, 27, 13, 11, 38, 27)",283,289,True,0.020761245674740483
479,weakly_correlated,20,292,"(27, 34, 34, 48, 10, 49, 12, 50, 12, 42, 40, 46, 9, 1, 20, 22, 44, 19, 26, 40)","(34, 40, 44, 55, 17, 44, 4, 44, 2, 35, 35, 56, 10, 3, 25, 31, 51, 29, 35, 32)",375,375,False,0.0
480,weakly_correlated,20,243,"(26, 44, 34, 14, 6, 16, 12, 35, 23, 21, 18, 9, 24, 18, 28, 45, 39, 13, 23, 38)","(34, 43, 38, 13, 7, 9, 10, 29, 13, 12, 10, 2, 14, 13, 37, 53, 31, 10, 30, 41)",273,276,True,0.010869565217391304
481,weakly_correlated,20,226,"(44, 28, 30, 20, 40, 8, 19, 21, 22, 1, 26, 34, 24, 4, 42, 29, 6, 17, 6, 31)","(49, 22, 40, 24, 36, 11, 10, 13, 19, 5, 24, 29, 14, 8, 37, 24, 9, 24, 1, 26)",250,254,True,0.015748031496062992
482,weakly_correlated,20,270,"(34, 20, 42, 35, 43, 17, 38, 28, 4, 31, 35, 21, 38, 28, 6, 39, 50, 6, 24, 2)","(43, 23, 50, 28, 50, 12, 35, 24, 6, 21, 41, 23, 41, 36, 14, 33, 48, 5, 16, 6)",321,327,True,0.01834862385321101
483,weakly_correlated,20,236,"(34, 21, 6, 3, 39, 23, 15, 8, 33, 8, 9, 17, 48, 49, 27, 7, 44, 12, 40, 30)","(42, 19, 1, 9, 36, 20, 7, 10, 41, 17, 10, 10, 52, 52, 17, 4, 36, 5, 50, 27)",283,283,False,0.0
484,weakly_correlated,20,264,"(37, 29, 3, 7, 16, 43, 40, 48, 25, 50, 26, 39, 9, 22, 35, 26, 13, 24, 36, 1)","(32, 29, 12, 15, 9, 41, 32, 44, 28, 50, 27, 46, 11, 16, 29, 28, 4, 33, 42, 10)",313,316,True,0.00949367088607595
485,weakly_correlated,20,270,"(9, 49, 31, 23, 31, 47, 38, 22, 35, 10, 16, 17, 13, 27, 34, 28, 34, 39, 28, 10)","(5, 44, 31, 25, 39, 52, 31, 25, 32, 11, 13, 10, 23, 20, 26, 33, 27, 45, 29, 2)",300,305,True,0.01639344262295082
486,weakly_correlated,20,236,"(12, 32, 12, 32, 32, 32, 1, 6, 37, 20, 10, 22, 50, 40, 30, 13, 29, 18, 31, 14)","(7, 30, 9, 31, 34, 31, 7, 15, 46, 20, 8, 31, 42, 41, 34, 12, 25, 12, 37, 10)",277,278,True,0.0035971223021582736
487,weakly_correlated,20,228,"(39, 21, 12, 49, 36, 29, 31, 20, 14, 17, 11, 14, 48, 14, 35, 1, 31, 1, 27, 5)","(40, 12, 10, 49, 33, 29, 35, 22, 6, 14, 8, 13, 49, 21, 27, 4, 40, 9, 32, 11)",271,272,True,0.003676470588235294
488,weakly_correlated,20,264,"(8, 47, 34, 35, 19, 25, 9, 5, 41, 39, 17, 33, 43, 9, 44, 24, 9, 32, 36, 20)","(17, 47, 44, 37, 25, 26, 16, 13, 45, 38, 7, 37, 42, 14, 43, 23, 3, 30, 28, 12)",317,318,True,0.0031446540880503146
489,weakly_correlated,20,248,"(12, 28, 5, 46, 28, 4, 24, 33, 49, 14, 10, 6, 50, 18, 46, 16, 44, 1, 17, 45)","(21, 34, 14, 55, 18, 9, 14, 38, 47, 11, 2, 1, 52, 11, 42, 10, 37, 7, 23, 51)",305,305,False,0.0
490,weakly_correlated,20,302,"(48, 35, 36, 48, 41, 32, 34, 22, 34, 11, 16, 11, 9, 42, 17, 49, 43, 25, 47, 3)","(53, 40, 28, 56, 40, 29, 37, 25, 38, 16, 7, 5, 3, 44, 20, 50, 50, 24, 46, 4)",339,343,True,0.011661807580174927
491,weakly_correlated,20,237,"(32, 31, 42, 35, 11, 28, 29, 24, 5, 23, 32, 5, 10, 14, 1, 17, 14, 22, 50, 49)","(34, 40, 50, 35, 18, 25, 26, 29, 11, 25, 33, 8, 19, 20, 5, 23, 10, 12, 58, 58)",306,310,True,0.012903225806451613
492,weakly_correlated,20,250,"(40, 24, 2, 41, 11, 11, 8, 41, 18, 32, 21, 19, 16, 8, 44, 34, 4, 44, 37, 46)","(33, 23, 1, 31, 7, 10, 16, 33, 15, 26, 17, 16, 7, 7, 52, 34, 4, 34, 27, 46)",250,250,False,0.0
493,weakly_correlated,20,312,"(17, 38, 23, 40, 32, 43, 14, 20, 16, 33, 46, 23, 22, 35, 8, 40, 39, 46, 43, 47)","(16, 36, 29, 40, 23, 41, 23, 19, 24, 36, 55, 17, 21, 32, 2, 30, 45, 47, 35, 37)",341,351,True,0.02849002849002849
494,weakly_correlated,20,280,"(41, 45, 10, 2, 31, 28, 26, 13, 26, 26, 30, 26, 30, 32, 16, 40, 50, 47, 9, 32)","(50, 55, 1, 11, 29, 26, 29, 16, 36, 33, 34, 18, 31, 33, 10, 30, 51, 54, 5, 32)",328,340,True,0.03529411764705882
495,weakly_correlated,20,300,"(44, 13, 7, 41, 39, 24, 49, 35, 49, 2, 12, 12, 11, 45, 50, 35, 49, 32, 27, 25)","(39, 20, 7, 42, 39, 18, 45, 30, 57, 10, 9, 10, 2, 37, 60, 36, 58, 22, 29, 21)",340,340,False,0.0
496,weakly_correlated,20,328,"(47, 25, 50, 41, 49, 46, 38, 15, 33, 25, 43, 15, 49, 36, 15, 11, 44, 20, 41, 14)","(51, 18, 50, 38, 55, 41, 47, 9, 33, 28, 34, 8, 48, 31, 12, 17, 53, 27, 36, 20)",369,372,True,0.008064516129032258
497,weakly_correlated,20,232,"(17, 47, 22, 19, 42, 6, 20, 21, 7, 19, 8, 4, 24, 34, 16, 39, 14, 39, 17, 48)","(26, 42, 18, 16, 35, 3, 26, 21, 15, 10, 6, 3, 19, 42, 17, 32, 14, 30, 7, 44)",253,253,False,0.0
498,weakly_correlated,20,296,"(31, 40, 16, 25, 39, 39, 44, 41, 35, 29, 9, 50, 11, 20, 35, 36, 15, 41, 20, 17)","(34, 37, 17, 15, 44, 37, 38, 50, 39, 34, 12, 57, 4, 22, 42, 38, 12, 48, 12, 13)",343,343,False,0.0
499,weakly_correlated,20,251,"(8, 49, 20, 32, 35, 44, 5, 28, 49, 48, 17, 20, 42, 10, 12, 12, 25, 13, 9, 24)","(6, 54, 28, 30, 28, 42, 5, 27, 51, 43, 21, 22, 50, 3, 19, 14, 33, 9, 15, 19)",294,299,True,0.016722408026755852
500,weakly_correlated,20,216,"(30, 38, 17, 49, 14, 22, 48, 2, 22, 26, 4, 5, 29, 20, 9, 8, 24, 11, 24, 29)","(36, 42, 27, 51, 7, 30, 40, 4, 19, 25, 13, 6, 38, 21, 16, 7, 31, 12, 24, 24)",276,279,True,0.010752688172043012
501,weakly_correlated,20,270,"(41, 41, 16, 21, 34, 11, 23, 47, 1, 30, 49, 14, 30, 30, 13, 24, 7, 43, 14, 50)","(40, 42, 26, 21, 35, 11, 27, 51, 6, 20, 50, 8, 20, 24, 15, 25, 1, 36, 22, 43)",300,306,True,0.0196078431372549
502,weakly_correlated,20,254,"(33, 11, 23, 28, 42, 33, 16, 13, 50, 43, 50, 15, 37, 41, 5, 40, 13, 3, 4, 7)","(34, 21, 18, 19, 44, 25, 16, 23, 43, 43, 57, 12, 29, 32, 2, 35, 19, 10, 8, 8)",295,295,False,0.0
503,weakly_correlated,20,244,"(11, 23, 25, 9, 3, 28, 2, 48, 48, 27, 6, 49, 39, 31, 27, 19, 9, 22, 28, 34)","(5, 19, 24, 1, 13, 21, 1, 55, 52, 18, 12, 53, 42, 29, 37, 24, 9, 14, 25, 37)",292,292,False,0.0
504,weakly_correlated,20,230,"(30, 24, 49, 4, 12, 45, 40, 35, 7, 44, 16, 20, 10, 8, 8, 47, 49, 6, 1, 4)","(38, 14, 45, 3, 13, 51, 48, 34, 11, 35, 19, 26, 6, 14, 2, 51, 48, 6, 4, 9)",284,284,False,0.0
505,weakly_correlated,20,297,"(10, 20, 22, 19, 35, 23, 27, 26, 35, 47, 48, 36, 16, 2, 18, 14, 49, 50, 50, 47)","(9, 18, 27, 26, 45, 14, 36, 34, 45, 40, 48, 40, 9, 5, 12, 7, 52, 56, 48, 38)",348,353,True,0.014164305949008499
506,weakly_correlated,20,276,"(49, 18, 37, 18, 50, 45, 43, 23, 10, 2, 25, 3, 10, 42, 2, 38, 8, 47, 42, 39)","(54, 20, 40, 15, 56, 40, 46, 28, 4, 11, 19, 10, 7, 37, 4, 28, 18, 51, 35, 44)",318,332,True,0.04216867469879518
507,weakly_correlated,20,252,"(31, 37, 32, 16, 24, 7, 50, 8, 11, 9, 44, 27, 25, 32, 42, 26, 14, 23, 4, 42)","(40, 31, 42, 20, 34, 12, 46, 15, 1, 7, 51, 26, 35, 32, 43, 34, 13, 17, 3, 32)",318,318,False,0.0
508,weakly_correlated,20,294,"(35, 32, 7, 24, 45, 34, 42, 37, 47, 23, 37, 24, 21, 46, 7, 2, 42, 14, 33, 35)","(38, 24, 9, 16, 55, 35, 47, 46, 55, 15, 39, 18, 16, 41, 8, 6, 43, 24, 40, 35)",344,350,True,0.017142857142857144
509,weakly_correlated,20,232,"(46, 14, 45, 8, 36, 20, 20, 38, 2, 21, 15, 28, 18, 2, 11, 25, 31, 32, 38, 14)","(49, 9, 39, 9, 46, 22, 11, 36, 9, 14, 24, 24, 10, 3, 16, 31, 35, 41, 44, 21)",288,298,True,0.03355704697986577
510,weakly_correlated,20,283,"(44, 19, 27, 5, 42, 41, 36, 24, 46, 48, 19, 33, 28, 38, 6, 7, 47, 16, 29, 11)","(51, 22, 20, 3, 42, 36, 31, 22, 49, 45, 19, 35, 18, 36, 3, 14, 54, 12, 39, 18)",327,327,False,0.0
511,weakly_correlated,20,238,"(7, 8, 16, 48, 47, 38, 9, 36, 20, 8, 43, 27, 7, 3, 12, 48, 9, 6, 46, 39)","(15, 5, 21, 44, 45, 32, 17, 26, 12, 3, 53, 33, 12, 12, 8, 57, 13, 3, 38, 38)",287,291,True,0.013745704467353952
512,weakly_correlated,20,244,"(2, 10, 27, 40, 11, 16, 1, 32, 27, 34, 46, 17, 40, 43, 2, 5, 14, 46, 29, 45)","(8, 11, 28, 42, 8, 13, 2, 39, 20, 35, 36, 10, 49, 41, 4, 11, 15, 41, 34, 54)",282,293,True,0.03754266211604096
513,weakly_correlated,20,254,"(2, 9, 43, 38, 21, 1, 46, 50, 1, 10, 7, 44, 12, 37, 47, 5, 16, 38, 35, 46)","(4, 6, 46, 37, 24, 3, 45, 53, 9, 17, 12, 38, 3, 29, 44, 4, 21, 29, 38, 47)",284,291,True,0.024054982817869417
514,weakly_correlated,20,258,"(23, 41, 14, 27, 42, 28, 37, 21, 31, 1, 8, 24, 25, 13, 27, 25, 38, 45, 34, 12)","(16, 51, 8, 30, 43, 26, 37, 21, 29, 11, 4, 23, 21, 19, 33, 32, 31, 39, 43, 8)",303,306,True,0.00980392156862745
515,weakly_correlated,20,193,"(11, 19, 7, 30, 33, 3, 11, 16, 22, 38, 41, 3, 27, 10, 32, 10, 24, 41, 7, 1)","(9, 13, 1, 28, 23, 13, 15, 18, 27, 30, 45, 7, 24, 7, 42, 9, 25, 34, 8, 3)",231,232,True,0.004310344827586207
516,weakly_correlated,20,248,"(47, 35, 41, 2, 23, 18, 10, 48, 24, 48, 29, 31, 39, 27, 6, 20, 16, 3, 28, 1)","(44, 43, 47, 3, 14, 8, 17, 54, 22, 47, 23, 25, 30, 35, 15, 12, 21, 12, 31, 5)",305,308,True,0.00974025974025974
517,weakly_correlated,20,238,"(28, 13, 12, 20, 9, 10, 6, 44, 29, 1, 42, 50, 1, 46, 16, 14, 28, 28, 42, 37)","(30, 16, 17, 26, 19, 2, 13, 50, 29, 9, 40, 60, 11, 49, 6, 23, 27, 26, 34, 41)",315,315,False,0.0
518,weakly_correlated,20,270,"(24, 23, 37, 33, 47, 37, 2, 37, 23, 9, 13, 35, 7, 41, 48, 13, 39, 37, 8, 26)","(30, 21, 35, 38, 44, 41, 8, 30, 19, 12, 21, 39, 14, 47, 42, 18, 34, 38, 6, 27)",316,321,True,0.01557632398753894
519,weakly_correlated,20,204,"(39, 2, 16, 19, 15, 4, 25, 14, 5, 27, 2, 27, 20, 37, 45, 40, 6, 3, 21, 40)","(43, 6, 10, 26, 24, 10, 35, 8, 12, 26, 8, 22, 30, 29, 41, 33, 13, 6, 19, 41)",273,274,True,0.0036496350364963502
520,weakly_correlated,20,240,"(1, 26, 9, 28, 14, 25, 12, 28, 24, 34, 3, 16, 31, 11, 43, 36, 31, 42, 25, 41)","(1, 28, 15, 31, 11, 28, 21, 21, 24, 30, 7, 11, 36, 4, 41, 30, 25, 45, 33, 51)",286,291,True,0.01718213058419244
521,weakly_correlated,20,210,"(7, 20, 27, 23, 7, 18, 36, 3, 48, 22, 6, 21, 47, 1, 6, 43, 39, 35, 3, 8)","(1, 18, 22, 24, 11, 17, 30, 7, 43, 16, 13, 19, 52, 3, 11, 34, 46, 26, 10, 16)",248,253,True,0.019762845849802372
522,weakly_correlated,20,279,"(5, 25, 49, 9, 35, 13, 48, 41, 29, 37, 20, 16, 45, 9, 22, 5, 37, 50, 24, 39)","(4, 34, 39, 3, 41, 7, 39, 48, 37, 43, 19, 19, 50, 1, 24, 13, 42, 54, 18, 41)",331,333,True,0.006006006006006006
523,weakly_correlated,20,283,"(44, 34, 11, 11, 37, 35, 27, 26, 24, 40, 44, 41, 45, 31, 3, 26, 2, 13, 26, 46)","(43, 36, 16, 18, 46, 25, 37, 31, 26, 45, 50, 39, 41, 29, 3, 25, 4, 10, 35, 55)",340,347,True,0.020172910662824207
524,weakly_correlated,20,233,"(15, 37, 32, 6, 16, 6, 9, 21, 1, 19, 27, 45, 32, 45, 12, 38, 39, 36, 5, 25)","(5, 35, 32, 10, 11, 3, 8, 29, 9, 17, 21, 48, 38, 53, 13, 43, 46, 33, 12, 26)",287,288,True,0.003472222222222222
525,weakly_correlated,20,250,"(35, 31, 44, 39, 10, 18, 35, 44, 16, 13, 41, 35, 12, 1, 5, 39, 6, 20, 36, 19)","(28, 26, 39, 32, 20, 22, 26, 40, 21, 17, 35, 33, 20, 10, 15, 36, 13, 13, 45, 28)",306,313,True,0.022364217252396165
526,weakly_correlated,20,332,"(10, 12, 19, 49, 31, 50, 42, 47, 13, 17, 31, 43, 42, 35, 27, 50, 47, 45, 20, 33)","(7, 3, 21, 51, 37, 41, 36, 52, 23, 10, 38, 43, 32, 35, 24, 45, 52, 44, 24, 29)",365,369,True,0.01084010840108401
527,weakly_correlated,20,312,"(28, 44, 21, 20, 49, 1, 48, 31, 47, 25, 47, 47, 23, 38, 41, 25, 20, 13, 38, 18)","(28, 39, 18, 27, 40, 3, 47, 32, 39, 19, 49, 37, 18, 43, 31, 25, 14, 17, 34, 9)",323,323,False,0.0
528,weakly_correlated,20,272,"(4, 37, 7, 32, 12, 16, 40, 15, 10, 24, 42, 44, 25, 36, 14, 28, 15, 49, 49, 44)","(14, 36, 16, 40, 20, 11, 42, 11, 5, 32, 50, 34, 17, 35, 4, 30, 14, 48, 39, 53)",333,333,False,0.0
529,weakly_correlated,20,311,"(42, 48, 47, 48, 28, 46, 25, 10, 27, 11, 27, 35, 23, 47, 31, 9, 30, 22, 46, 20)","(36, 45, 51, 44, 25, 49, 18, 19, 37, 12, 30, 35, 19, 43, 24, 14, 25, 25, 40, 14)",342,342,False,0.0
530,weakly_correlated,20,257,"(22, 48, 15, 32, 36, 25, 3, 41, 33, 48, 50, 2, 3, 9, 27, 2, 47, 14, 17, 40)","(15, 55, 24, 24, 38, 20, 1, 48, 32, 47, 51, 1, 6, 6, 20, 5, 45, 4, 15, 30)",282,283,True,0.0035335689045936395
531,weakly_correlated,20,248,"(47, 48, 38, 28, 44, 4, 8, 16, 40, 6, 15, 3, 15, 26, 45, 46, 9, 20, 12, 27)","(41, 52, 39, 35, 36, 8, 10, 12, 35, 5, 21, 1, 17, 31, 55, 44, 19, 16, 10, 28)",292,298,True,0.020134228187919462
532,weakly_correlated,20,260,"(14, 40, 6, 22, 42, 7, 31, 10, 38, 12, 16, 30, 19, 41, 17, 48, 8, 50, 18, 50)","(24, 34, 16, 12, 52, 5, 32, 9, 39, 20, 17, 26, 28, 47, 26, 39, 1, 42, 12, 42)",315,319,True,0.012539184952978056
533,weakly_correlated,20,283,"(25, 45, 17, 43, 32, 19, 25, 39, 23, 20, 46, 14, 33, 36, 7, 9, 44, 42, 39, 8)","(20, 46, 20, 34, 33, 14, 19, 32, 13, 27, 39, 23, 27, 34, 1, 1, 41, 47, 49, 1)",306,307,True,0.003257328990228013
534,weakly_correlated,20,239,"(28, 13, 34, 17, 28, 9, 12, 18, 10, 20, 41, 48, 16, 37, 21, 44, 50, 11, 3, 18)","(35, 17, 28, 18, 18, 2, 18, 20, 6, 18, 33, 51, 9, 46, 11, 34, 51, 12, 2, 26)",269,278,True,0.03237410071942446
535,weakly_correlated,20,281,"(10, 26, 44, 10, 15, 50, 30, 40, 12, 50, 2, 50, 2, 33, 29, 41, 20, 46, 50, 2)","(14, 34, 46, 4, 8, 45, 37, 42, 17, 46, 12, 55, 12, 43, 25, 35, 21, 43, 53, 5)",345,349,True,0.011461318051575931
536,weakly_correlated,20,224,"(48, 41, 36, 36, 28, 28, 12, 22, 3, 17, 6, 15, 24, 31, 4, 6, 50, 22, 7, 13)","(44, 48, 26, 38, 38, 33, 16, 24, 2, 19, 6, 15, 31, 36, 1, 12, 43, 31, 14, 6)",284,285,True,0.0035087719298245615
537,weakly_correlated,20,254,"(47, 16, 3, 34, 9, 18, 37, 44, 38, 27, 32, 41, 7, 13, 10, 25, 14, 44, 34, 14)","(51, 13, 8, 37, 18, 18, 47, 35, 47, 29, 33, 33, 9, 10, 10, 15, 16, 49, 34, 10)",300,302,True,0.006622516556291391
538,weakly_correlated,20,214,"(18, 4, 26, 11, 21, 7, 41, 25, 35, 26, 10, 19, 17, 31, 30, 11, 45, 12, 19, 19)","(17, 13, 17, 9, 28, 6, 35, 15, 39, 29, 19, 23, 21, 40, 35, 10, 38, 6, 20, 19)",267,267,False,0.0
539,weakly_correlated,20,258,"(19, 49, 46, 10, 16, 5, 20, 8, 37, 47, 27, 4, 12, 32, 33, 22, 41, 35, 24, 28)","(15, 56, 37, 12, 8, 4, 26, 14, 27, 37, 21, 1, 2, 35, 30, 27, 48, 42, 18, 36)",301,301,False,0.0
540,weakly_correlated,20,252,"(40, 43, 2, 21, 30, 26, 17, 34, 25, 1, 32, 36, 10, 3, 37, 44, 46, 8, 5, 45)","(49, 44, 8, 30, 38, 18, 19, 25, 31, 4, 40, 33, 13, 9, 35, 42, 37, 11, 8, 38)",304,312,True,0.02564102564102564
541,weakly_correlated,20,278,"(23, 30, 10, 35, 21, 49, 4, 47, 17, 20, 39, 18, 47, 15, 38, 24, 20, 29, 41, 29)","(13, 32, 6, 36, 25, 41, 10, 42, 7, 29, 32, 28, 49, 23, 42, 18, 13, 39, 35, 28)",326,326,False,0.0
542,weakly_correlated,20,209,"(31, 11, 13, 29, 24, 18, 1, 12, 12, 40, 24, 24, 26, 36, 50, 6, 2, 24, 16, 19)","(24, 14, 8, 38, 18, 14, 11, 2, 5, 30, 28, 28, 28, 38, 42, 13, 5, 25, 13, 13)",241,246,True,0.02032520325203252
543,weakly_correlated,20,302,"(42, 6, 50, 12, 6, 34, 40, 25, 47, 42, 8, 39, 2, 50, 29, 40, 32, 26, 26, 47)","(36, 15, 59, 10, 3, 38, 46, 24, 47, 42, 1, 37, 11, 59, 29, 34, 40, 35, 20, 55)",368,368,False,0.0
544,weakly_correlated,20,274,"(43, 7, 40, 18, 45, 45, 26, 31, 26, 15, 35, 41, 12, 25, 25, 2, 28, 33, 24, 26)","(41, 10, 47, 28, 37, 35, 28, 22, 26, 25, 27, 31, 11, 17, 31, 8, 20, 27, 25, 18)",307,307,False,0.0
545,weakly_correlated,20,246,"(14, 47, 45, 15, 5, 23, 46, 35, 15, 22, 46, 30, 12, 5, 44, 27, 18, 10, 10, 24)","(24, 57, 36, 20, 7, 23, 55, 27, 11, 15, 44, 23, 10, 13, 46, 19, 9, 6, 8, 28)",291,294,True,0.01020408163265306
546,weakly_correlated,20,240,"(1, 26, 3, 24, 48, 21, 14, 36, 4, 46, 24, 38, 19, 14, 39, 38, 8, 14, 42, 20)","(5, 28, 12, 26, 42, 15, 15, 37, 1, 43, 18, 46, 26, 5, 42, 35, 10, 14, 40, 20)",267,275,True,0.02909090909090909
547,weakly_correlated,20,297,"(3, 46, 21, 14, 24, 14, 19, 30, 49, 50, 40, 3, 39, 32, 12, 45, 50, 39, 35, 29)","(2, 44, 26, 17, 31, 18, 11, 21, 47, 46, 39, 5, 43, 28, 11, 38, 51, 32, 31, 22)",310,316,True,0.0189873417721519
548,weakly_correlated,20,228,"(3, 3, 10, 26, 39, 11, 46, 5, 6, 28, 39, 1, 1, 38, 26, 37, 14, 28, 45, 50)","(13, 9, 3, 32, 49, 16, 44, 14, 6, 20, 39, 9, 11, 46, 28, 47, 18, 19, 38, 52)",301,316,True,0.04746835443037975
549,weakly_correlated,20,268,"(42, 31, 45, 32, 19, 5, 21, 43, 5, 13, 33, 6, 15, 16, 31, 45, 23, 34, 33, 44)","(38, 26, 52, 27, 21, 14, 22, 35, 4, 8, 24, 14, 13, 15, 35, 49, 17, 25, 24, 35)",285,291,True,0.020618556701030927
550,weakly_correlated,20,204,"(31, 14, 3, 7, 40, 8, 47, 33, 5, 43, 1, 37, 6, 30, 21, 14, 2, 28, 18, 19)","(36, 15, 4, 14, 48, 4, 37, 29, 9, 52, 8, 36, 3, 39, 14, 13, 4, 31, 11, 10)",260,260,False,0.0
551,weakly_correlated,20,285,"(33, 43, 1, 16, 27, 49, 2, 38, 44, 21, 28, 31, 12, 45, 20, 29, 35, 31, 16, 49)","(43, 40, 4, 17, 29, 55, 3, 36, 53, 13, 18, 37, 3, 51, 19, 31, 45, 34, 8, 52)",328,339,True,0.032448377581120944
552,weakly_correlated,20,260,"(2, 5, 33, 45, 45, 46, 37, 31, 7, 33, 39, 21, 9, 7, 47, 1, 49, 22, 14, 28)","(12, 11, 35, 36, 42, 48, 44, 39, 8, 29, 40, 21, 4, 13, 55, 3, 54, 14, 20, 24)",315,320,True,0.015625
553,weakly_correlated,20,266,"(31, 30, 29, 27, 50, 47, 47, 12, 30, 48, 2, 12, 44, 28, 22, 18, 47, 5, 2, 1)","(21, 24, 19, 29, 56, 55, 51, 7, 39, 56, 8, 20, 51, 19, 12, 20, 42, 14, 4, 4)",327,332,True,0.015060240963855422
554,weakly_correlated,20,262,"(33, 12, 14, 41, 1, 46, 24, 11, 19, 13, 31, 38, 50, 33, 9, 38, 18, 49, 5, 38)","(33, 13, 16, 35, 5, 45, 16, 2, 10, 21, 23, 34, 45, 38, 17, 36, 21, 41, 13, 46)",304,304,False,0.0
555,weakly_correlated,20,271,"(13, 11, 36, 10, 27, 36, 39, 2, 38, 32, 3, 44, 6, 39, 47, 39, 21, 46, 8, 45)","(11, 5, 29, 9, 23, 35, 43, 3, 29, 36, 2, 37, 11, 48, 50, 37, 15, 56, 18, 55)",322,322,False,0.0
556,weakly_correlated,20,264,"(45, 13, 37, 34, 3, 26, 15, 43, 42, 6, 18, 47, 12, 17, 9, 39, 30, 50, 4, 39)","(50, 23, 41, 33, 1, 35, 21, 38, 52, 1, 9, 40, 6, 11, 14, 41, 22, 60, 12, 41)",320,322,True,0.006211180124223602
557,weakly_correlated,20,238,"(2, 7, 26, 13, 43, 26, 8, 18, 36, 30, 3, 32, 16, 10, 29, 37, 43, 34, 17, 46)","(9, 9, 32, 22, 38, 16, 5, 12, 28, 33, 9, 38, 26, 3, 28, 36, 46, 34, 22, 47)",293,293,False,0.0
558,weakly_correlated,20,260,"(25, 35, 34, 12, 49, 38, 44, 40, 12, 50, 34, 20, 4, 30, 26, 3, 16, 7, 36, 4)","(23, 26, 24, 16, 41, 35, 39, 30, 6, 47, 42, 21, 5, 35, 30, 12, 23, 9, 29, 1)",282,290,True,0.027586206896551724
559,weakly_correlated,20,236,"(1, 28, 24, 9, 35, 30, 10, 1, 34, 43, 32, 5, 23, 47, 23, 19, 19, 41, 28, 19)","(10, 28, 30, 5, 33, 30, 6, 6, 37, 35, 38, 15, 24, 56, 16, 13, 15, 43, 24, 10)",287,287,False,0.0
560,weakly_correlated,20,230,"(49, 3, 48, 1, 25, 16, 5, 7, 16, 31, 44, 20, 5, 39, 19, 15, 6, 29, 37, 45)","(59, 8, 52, 10, 26, 13, 7, 14, 10, 25, 49, 12, 5, 34, 23, 23, 6, 39, 32, 50)",293,293,False,0.0
561,weakly_correlated,20,286,"(38, 13, 36, 13, 15, 23, 46, 29, 41, 47, 33, 5, 46, 45, 9, 2, 29, 50, 5, 48)","(44, 8, 35, 9, 24, 30, 54, 36, 37, 50, 23, 10, 53, 55, 16, 9, 39, 46, 4, 46)",356,361,True,0.013850415512465374
562,weakly_correlated,20,244,"(48, 46, 4, 8, 47, 23, 29, 30, 27, 2, 47, 1, 48, 6, 4, 8, 28, 19, 38, 24)","(49, 39, 4, 13, 42, 26, 20, 35, 36, 7, 46, 7, 55, 1, 4, 3, 22, 13, 28, 21)",282,282,False,0.0
563,weakly_correlated,20,250,"(34, 42, 12, 24, 16, 9, 18, 13, 37, 31, 36, 42, 15, 1, 37, 46, 1, 10, 35, 41)","(33, 32, 4, 25, 20, 11, 8, 5, 41, 35, 41, 46, 5, 9, 35, 47, 11, 1, 39, 37)",286,291,True,0.01718213058419244
564,weakly_correlated,20,256,"(19, 45, 4, 28, 18, 12, 12, 43, 17, 12, 38, 33, 30, 23, 36, 47, 9, 34, 48, 4)","(15, 45, 5, 29, 12, 4, 17, 40, 7, 7, 41, 34, 36, 21, 28, 43, 13, 31, 45, 3)",268,272,True,0.014705882352941176
565,weakly_correlated,20,260,"(41, 21, 49, 27, 10, 21, 42, 23, 26, 45, 11, 21, 22, 31, 37, 20, 4, 11, 9, 49)","(46, 23, 52, 27, 4, 30, 49, 26, 23, 54, 5, 27, 15, 29, 35, 18, 1, 3, 5, 50)",291,299,True,0.026755852842809364
566,weakly_correlated,20,224,"(32, 20, 28, 26, 33, 22, 7, 13, 8, 44, 12, 14, 14, 25, 30, 34, 13, 42, 19, 13)","(39, 14, 20, 17, 34, 14, 12, 23, 10, 48, 6, 24, 16, 25, 39, 25, 19, 49, 11, 14)",279,283,True,0.014134275618374558
567,weakly_correlated,20,250,"(10, 31, 48, 19, 26, 11, 21, 42, 25, 26, 8, 35, 24, 29, 40, 13, 29, 4, 18, 42)","(11, 23, 56, 23, 16, 11, 12, 37, 33, 23, 14, 25, 33, 33, 33, 20, 23, 11, 20, 35)",288,298,True,0.03355704697986577
568,weakly_correlated,20,248,"(7, 35, 45, 26, 47, 29, 28, 49, 8, 3, 19, 12, 12, 44, 15, 27, 2, 36, 6, 47)","(2, 40, 43, 22, 39, 29, 28, 49, 13, 1, 14, 16, 9, 44, 23, 20, 3, 42, 16, 52)",285,289,True,0.01384083044982699
569,weakly_correlated,20,234,"(40, 4, 4, 17, 37, 43, 37, 32, 12, 22, 2, 9, 36, 30, 23, 12, 14, 36, 25, 33)","(47, 6, 6, 15, 29, 48, 30, 39, 22, 21, 5, 16, 28, 20, 23, 12, 7, 41, 29, 30)",282,282,False,0.0
570,weakly_correlated,20,186,"(5, 1, 4, 17, 35, 15, 24, 2, 5, 18, 46, 22, 34, 28, 33, 18, 1, 28, 16, 21)","(4, 6, 1, 17, 43, 12, 25, 7, 6, 8, 50, 32, 24, 36, 29, 26, 10, 29, 11, 24)",244,245,True,0.004081632653061225
571,weakly_correlated,20,229,"(10, 8, 4, 9, 38, 34, 12, 35, 49, 24, 32, 3, 41, 18, 4, 25, 50, 3, 39, 20)","(9, 14, 11, 2, 33, 29, 12, 25, 47, 16, 41, 10, 45, 18, 1, 27, 41, 5, 44, 16)",265,266,True,0.0037593984962406013
572,weakly_correlated,20,251,"(14, 17, 40, 37, 48, 10, 50, 11, 25, 23, 28, 39, 33, 1, 16, 41, 11, 7, 44, 7)","(16, 15, 38, 42, 40, 8, 44, 8, 34, 28, 25, 47, 27, 6, 15, 38, 17, 15, 37, 11)",294,294,False,0.0
573,weakly_correlated,20,280,"(45, 17, 5, 36, 30, 40, 8, 18, 25, 24, 45, 23, 40, 29, 30, 23, 37, 4, 49, 32)","(55, 14, 7, 42, 25, 48, 16, 20, 30, 32, 49, 24, 46, 19, 31, 19, 29, 7, 48, 32)",327,338,True,0.03254437869822485
574,weakly_correlated,20,260,"(20, 36, 20, 28, 25, 3, 46, 18, 42, 41, 26, 37, 26, 43, 16, 4, 1, 33, 44, 11)","(28, 29, 17, 33, 28, 11, 43, 24, 33, 44, 21, 36, 26, 35, 11, 1, 1, 32, 35, 19)",293,294,True,0.003401360544217687
575,weakly_correlated,20,226,"(20, 25, 27, 28, 40, 7, 29, 19, 46, 2, 45, 3, 48, 26, 15, 42, 9, 2, 11, 7)","(11, 18, 32, 38, 40, 10, 23, 17, 54, 7, 41, 4, 49, 27, 19, 51, 16, 2, 12, 7)",279,279,False,0.0
576,weakly_correlated,20,290,"(49, 32, 1, 22, 34, 13, 44, 44, 43, 1, 35, 38, 23, 50, 10, 32, 32, 7, 28, 43)","(57, 28, 10, 24, 26, 11, 48, 42, 37, 6, 34, 34, 26, 44, 17, 37, 31, 6, 27, 49)",335,335,False,0.0
577,weakly_correlated,20,302,"(26, 45, 22, 27, 50, 32, 16, 45, 1, 36, 31, 37, 43, 45, 20, 13, 20, 16, 46, 34)","(27, 37, 26, 20, 57, 31, 18, 41, 1, 33, 34, 34, 36, 41, 18, 14, 26, 19, 43, 39)",326,328,True,0.006097560975609756
578,weakly_correlated,20,284,"(49, 11, 48, 23, 24, 42, 40, 39, 26, 33, 41, 21, 49, 37, 5, 24, 6, 33, 2, 15)","(48, 19, 50, 31, 16, 37, 41, 48, 17, 35, 32, 11, 47, 44, 7, 31, 1, 33, 3, 20)",330,333,True,0.009009009009009009
579,weakly_correlated,20,296,"(21, 32, 42, 3, 3, 49, 45, 34, 44, 27, 49, 28, 24, 12, 7, 21, 28, 30, 45, 49)","(23, 26, 42, 6, 2, 52, 37, 32, 48, 35, 44, 31, 30, 10, 11, 22, 29, 30, 49, 57)",324,336,True,0.03571428571428571
580,weakly_correlated,20,237,"(34, 19, 44, 19, 10, 19, 13, 17, 33, 27, 20, 33, 48, 20, 23, 8, 6, 19, 44, 18)","(40, 11, 54, 29, 14, 18, 9, 15, 33, 34, 15, 36, 49, 22, 26, 18, 6, 20, 49, 14)",292,293,True,0.0034129692832764505
581,weakly_correlated,20,258,"(46, 12, 20, 47, 37, 19, 36, 3, 17, 21, 44, 18, 11, 32, 9, 36, 31, 23, 12, 43)","(36, 11, 22, 37, 40, 23, 43, 5, 8, 29, 48, 22, 2, 23, 19, 33, 21, 26, 7, 33)",295,299,True,0.013377926421404682
582,weakly_correlated,20,248,"(14, 15, 12, 3, 43, 34, 42, 42, 33, 2, 46, 1, 9, 7, 46, 34, 10, 48, 26, 30)","(7, 19, 14, 13, 49, 25, 38, 37, 27, 10, 43, 5, 10, 5, 48, 42, 5, 39, 33, 34)",289,296,True,0.02364864864864865
583,weakly_correlated,20,242,"(35, 19, 37, 39, 13, 41, 17, 33, 20, 15, 38, 9, 7, 10, 27, 21, 1, 50, 40, 12)","(28, 13, 47, 38, 23, 51, 22, 43, 26, 25, 31, 5, 8, 13, 21, 31, 8, 54, 30, 9)",318,321,True,0.009345794392523364
584,weakly_correlated,20,306,"(39, 10, 32, 40, 6, 16, 40, 49, 44, 25, 48, 29, 26, 36, 32, 15, 41, 34, 4, 46)","(37, 3, 31, 33, 4, 24, 44, 46, 42, 35, 56, 39, 34, 27, 35, 15, 49, 36, 6, 47)",362,367,True,0.013623978201634877
585,weakly_correlated,20,268,"(4, 47, 29, 23, 34, 27, 1, 30, 41, 7, 32, 36, 39, 41, 6, 30, 26, 27, 30, 26)","(2, 43, 38, 24, 39, 23, 5, 28, 37, 6, 38, 46, 46, 43, 2, 36, 28, 26, 21, 22)",319,319,False,0.0
586,weakly_correlated,20,286,"(48, 8, 5, 50, 14, 4, 33, 47, 13, 30, 40, 39, 43, 25, 44, 25, 5, 37, 37, 25)","(46, 12, 12, 55, 23, 7, 32, 40, 17, 26, 35, 47, 37, 35, 38, 22, 12, 47, 36, 19)",335,349,True,0.04011461318051576
587,weakly_correlated,20,250,"(46, 3, 35, 23, 16, 44, 45, 33, 13, 27, 32, 2, 29, 29, 3, 15, 25, 20, 24, 35)","(46, 11, 41, 27, 18, 53, 39, 43, 10, 31, 23, 2, 35, 29, 8, 18, 15, 25, 25, 26)",312,312,False,0.0
588,weakly_correlated,20,249,"(47, 19, 2, 35, 23, 5, 46, 25, 11, 35, 2, 41, 49, 42, 5, 13, 10, 40, 31, 17)","(49, 16, 6, 28, 30, 15, 56, 27, 4, 37, 1, 32, 47, 33, 7, 12, 4, 33, 40, 18)",297,297,False,0.0
589,weakly_correlated,20,271,"(8, 42, 19, 25, 14, 42, 41, 44, 33, 27, 31, 7, 28, 15, 38, 9, 18, 44, 28, 29)","(11, 39, 29, 22, 19, 35, 33, 45, 29, 37, 26, 3, 23, 17, 44, 6, 25, 35, 18, 24)",297,302,True,0.016556291390728478
590,weakly_correlated,20,242,"(2, 35, 26, 47, 10, 32, 44, 42, 12, 3, 16, 48, 16, 50, 5, 40, 37, 5, 9, 4)","(1, 40, 29, 48, 17, 32, 47, 35, 20, 12, 12, 41, 18, 60, 9, 42, 35, 12, 17, 1)",295,306,True,0.03594771241830065
591,weakly_correlated,20,196,"(36, 33, 29, 6, 19, 13, 38, 17, 8, 11, 4, 23, 11, 32, 40, 12, 5, 6, 12, 36)","(38, 26, 23, 6, 15, 4, 44, 17, 1, 17, 2, 28, 9, 23, 38, 6, 8, 10, 14, 37)",221,222,True,0.0045045045045045045
592,weakly_correlated,20,280,"(5, 33, 5, 46, 44, 49, 1, 23, 13, 20, 31, 23, 49, 9, 35, 27, 49, 44, 12, 42)","(8, 28, 3, 42, 44, 46, 6, 22, 23, 22, 24, 23, 40, 15, 31, 25, 41, 45, 5, 44)",301,301,False,0.0
593,weakly_correlated,20,256,"(21, 23, 43, 49, 46, 40, 12, 25, 3, 14, 27, 49, 5, 1, 33, 23, 3, 3, 43, 48)","(22, 15, 48, 51, 49, 30, 6, 23, 4, 6, 35, 42, 15, 5, 28, 26, 1, 12, 35, 53)",293,299,True,0.020066889632107024
594,weakly_correlated,20,228,"(9, 44, 13, 4, 48, 29, 1, 6, 27, 1, 2, 33, 28, 36, 15, 35, 20, 40, 23, 41)","(16, 53, 12, 1, 57, 25, 1, 6, 18, 6, 8, 41, 31, 31, 20, 42, 22, 46, 25, 47)",290,290,False,0.0
595,weakly_correlated,20,269,"(23, 42, 47, 1, 33, 45, 21, 27, 35, 28, 5, 23, 31, 12, 8, 43, 49, 12, 40, 13)","(24, 48, 50, 4, 38, 48, 15, 35, 38, 22, 11, 28, 38, 14, 7, 40, 49, 22, 49, 11)",332,332,False,0.0
596,weakly_correlated,20,264,"(26, 12, 12, 48, 28, 3, 35, 45, 29, 2, 21, 48, 39, 38, 29, 5, 1, 34, 27, 47)","(20, 6, 8, 45, 25, 1, 34, 45, 38, 8, 13, 56, 31, 42, 39, 4, 5, 35, 17, 47)",303,304,True,0.003289473684210526
597,weakly_correlated,20,238,"(7, 17, 7, 18, 18, 31, 25, 35, 33, 2, 44, 18, 41, 8, 38, 17, 35, 6, 47, 29)","(5, 20, 13, 27, 20, 40, 29, 32, 38, 9, 44, 27, 31, 1, 33, 21, 37, 15, 41, 22)",301,303,True,0.006600660066006601
598,weakly_correlated,20,262,"(7, 34, 30, 24, 1, 30, 35, 10, 38, 31, 31, 49, 41, 15, 7, 48, 37, 39, 7, 9)","(15, 27, 31, 24, 6, 31, 41, 19, 30, 26, 31, 43, 34, 17, 3, 51, 35, 37, 10, 5)",284,296,True,0.04054054054054054
599,weakly_correlated,20,186,"(46, 22, 38, 4, 20, 17, 4, 8, 6, 41, 1, 26, 2, 35, 36, 23, 7, 7, 24, 4)","(37, 15, 41, 11, 14, 10, 3, 10, 11, 33, 3, 21, 6, 33, 43, 22, 7, 11, 32, 10)",228,228,False,0.0
600,weakly_correlated,20,250,"(17, 41, 10, 7, 26, 28, 45, 36, 44, 41, 22, 11, 8, 47, 3, 36, 9, 1, 33, 35)","(18, 45, 20, 13, 30, 19, 37, 26, 46, 42, 15, 1, 6, 41, 7, 42, 15, 7, 36, 34)",286,297,True,0.037037037037037035
601,weakly_correlated,20,274,"(13, 35, 7, 47, 32, 3, 30, 43, 23, 16, 21, 18, 44, 15, 50, 42, 47, 16, 1, 44)","(21, 26, 15, 49, 22, 6, 39, 49, 19, 21, 28, 20, 54, 12, 54, 33, 49, 24, 1, 36)",332,339,True,0.02064896755162242
602,weakly_correlated,20,256,"(26, 22, 48, 30, 31, 7, 23, 40, 14, 21, 33, 9, 33, 32, 42, 26, 3, 10, 35, 26)","(21, 28, 47, 39, 33, 2, 27, 44, 24, 18, 27, 5, 24, 29, 37, 18, 13, 5, 36, 19)",296,296,False,0.0
603,weakly_correlated,20,254,"(11, 37, 29, 37, 49, 48, 30, 34, 30, 27, 48, 6, 12, 7, 1, 12, 19, 49, 20, 3)","(18, 37, 19, 43, 40, 40, 21, 44, 24, 22, 48, 8, 17, 1, 2, 7, 23, 59, 19, 12)",290,303,True,0.0429042904290429
604,weakly_correlated,20,245,"(5, 25, 44, 23, 30, 44, 13, 33, 32, 20, 42, 3, 31, 45, 30, 30, 3, 5, 22, 10)","(4, 26, 52, 25, 29, 50, 6, 34, 33, 20, 44, 1, 27, 52, 33, 30, 8, 9, 13, 17)",277,285,True,0.028070175438596492
605,weakly_correlated,20,254,"(12, 28, 32, 4, 16, 40, 39, 5, 4, 5, 38, 31, 21, 27, 46, 37, 46, 50, 9, 18)","(20, 35, 25, 6, 21, 34, 42, 14, 8, 1, 42, 26, 28, 32, 45, 33, 53, 44, 2, 21)",306,316,True,0.03164556962025317
606,weakly_correlated,20,276,"(48, 24, 43, 9, 31, 11, 42, 2, 27, 7, 6, 35, 32, 33, 36, 10, 28, 41, 47, 41)","(39, 27, 44, 15, 35, 6, 41, 6, 27, 13, 14, 27, 28, 24, 32, 14, 37, 41, 41, 44)",317,318,True,0.0031446540880503146
607,weakly_correlated,20,207,"(45, 49, 9, 3, 11, 16, 44, 8, 4, 30, 37, 8, 27, 7, 4, 35, 18, 5, 44, 10)","(37, 42, 11, 13, 17, 6, 39, 15, 8, 29, 46, 3, 24, 14, 1, 44, 17, 4, 34, 11)",253,253,False,0.0
608,weakly_correlated,20,282,"(9, 46, 44, 29, 24, 21, 41, 25, 24, 29, 41, 27, 40, 48, 17, 26, 3, 25, 17, 28)","(7, 51, 53, 36, 19, 11, 46, 18, 26, 39, 50, 36, 35, 52, 12, 28, 8, 32, 19, 31)",345,347,True,0.005763688760806916
609,weakly_correlated,20,270,"(41, 20, 12, 42, 15, 20, 46, 36, 31, 30, 13, 5, 31, 34, 20, 44, 38, 31, 24, 7)","(49, 11, 22, 38, 10, 10, 37, 37, 32, 34, 7, 8, 24, 32, 19, 41, 38, 41, 23, 1)",303,303,False,0.0
610,weakly_correlated,20,226,"(29, 20, 24, 13, 44, 4, 1, 18, 38, 9, 4, 20, 16, 2, 48, 49, 47, 26, 12, 29)","(32, 19, 24, 14, 53, 3, 4, 24, 36, 10, 2, 20, 14, 2, 51, 47, 39, 27, 3, 38)",258,261,True,0.011494252873563218
611,weakly_correlated,20,288,"(35, 41, 41, 36, 40, 13, 36, 41, 11, 38, 6, 46, 40, 1, 25, 23, 50, 2, 48, 2)","(36, 35, 41, 27, 44, 18, 43, 50, 8, 32, 8, 38, 31, 11, 30, 33, 45, 4, 44, 4)",330,336,True,0.017857142857142856
612,weakly_correlated,20,258,"(15, 50, 39, 37, 7, 20, 2, 28, 5, 26, 50, 5, 36, 13, 33, 35, 44, 32, 33, 7)","(11, 57, 47, 34, 12, 15, 2, 33, 13, 31, 42, 4, 44, 17, 40, 33, 54, 42, 40, 12)",327,328,True,0.003048780487804878
613,weakly_correlated,20,234,"(18, 8, 30, 31, 7, 25, 22, 38, 38, 1, 38, 27, 42, 2, 31, 12, 1, 38, 17, 42)","(12, 17, 34, 21, 17, 30, 15, 41, 44, 7, 48, 34, 42, 7, 37, 15, 10, 28, 24, 33)",305,316,True,0.03481012658227848
614,weakly_correlated,20,239,"(17, 39, 6, 37, 2, 10, 37, 26, 11, 36, 24, 46, 31, 48, 14, 5, 12, 33, 30, 14)","(14, 35, 4, 30, 11, 7, 31, 30, 13, 36, 33, 49, 33, 49, 9, 9, 13, 40, 28, 23)",282,285,True,0.010526315789473684
615,weakly_correlated,20,230,"(15, 5, 43, 10, 50, 25, 5, 23, 19, 11, 27, 36, 24, 32, 3, 31, 11, 31, 11, 48)","(17, 11, 38, 10, 50, 15, 9, 19, 23, 10, 24, 35, 20, 34, 13, 22, 8, 22, 13, 46)",249,254,True,0.01968503937007874
616,weakly_correlated,20,236,"(2, 29, 35, 22, 9, 14, 34, 5, 9, 43, 43, 40, 13, 40, 22, 49, 38, 5, 13, 6)","(12, 35, 30, 28, 7, 13, 30, 11, 11, 53, 52, 37, 22, 39, 13, 51, 28, 2, 7, 15)",303,303,False,0.0
617,weakly_correlated,20,242,"(45, 30, 21, 42, 2, 29, 13, 50, 13, 30, 26, 27, 47, 24, 48, 1, 1, 13, 12, 11)","(50, 28, 13, 43, 7, 37, 18, 60, 7, 39, 27, 23, 41, 18, 40, 4, 5, 11, 4, 3)",290,290,False,0.0
618,weakly_correlated,20,266,"(30, 29, 21, 45, 4, 48, 11, 17, 10, 41, 26, 9, 45, 29, 27, 33, 10, 43, 31, 24)","(25, 22, 16, 37, 3, 48, 10, 10, 10, 38, 27, 2, 50, 33, 19, 42, 5, 40, 36, 19)",286,286,False,0.0
619,weakly_correlated,20,224,"(33, 48, 31, 12, 1, 16, 8, 7, 4, 30, 48, 43, 21, 42, 9, 30, 11, 4, 12, 39)","(23, 42, 41, 19, 10, 10, 5, 14, 2, 30, 49, 33, 30, 45, 9, 23, 4, 9, 17, 44)",280,280,False,0.0
620,weakly_correlated,20,217,"(15, 33, 39, 44, 49, 13, 4, 16, 8, 16, 4, 6, 44, 33, 38, 8, 5, 46, 5, 8)","(18, 38, 47, 36, 54, 12, 3, 7, 13, 17, 11, 9, 34, 28, 43, 17, 6, 50, 8, 5)",267,268,True,0.0037313432835820895
621,weakly_correlated,20,276,"(21, 40, 23, 26, 37, 44, 45, 29, 33, 21, 46, 13, 15, 4, 24, 17, 45, 6, 25, 39)","(30, 46, 24, 32, 36, 39, 50, 29, 36, 11, 52, 9, 21, 4, 18, 19, 47, 4, 35, 49)",334,334,False,0.0
622,weakly_correlated,20,278,"(19, 50, 42, 1, 28, 26, 10, 50, 11, 44, 32, 12, 14, 45, 35, 42, 21, 44, 8, 23)","(10, 55, 41, 10, 18, 26, 18, 58, 2, 34, 27, 3, 4, 43, 26, 35, 17, 42, 9, 31)",308,309,True,0.003236245954692557
623,weakly_correlated,20,168,"(3, 11, 25, 4, 7, 20, 19, 4, 25, 25, 22, 42, 44, 7, 2, 14, 2, 2, 20, 38)","(7, 3, 33, 1, 9, 13, 15, 14, 33, 35, 31, 49, 44, 3, 8, 22, 12, 1, 29, 43)",248,250,True,0.008
624,weakly_correlated,20,252,"(13, 16, 19, 18, 20, 38, 4, 21, 40, 43, 19, 48, 4, 41, 43, 19, 40, 50, 5, 2)","(4, 12, 27, 18, 26, 48, 13, 23, 45, 43, 16, 50, 9, 49, 45, 10, 50, 47, 4, 3)",315,315,False,0.0
625,weakly_correlated,20,258,"(27, 39, 6, 26, 32, 7, 7, 8, 36, 44, 15, 38, 35, 40, 47, 32, 11, 6, 25, 35)","(25, 48, 9, 26, 41, 11, 6, 12, 44, 36, 12, 33, 40, 44, 56, 41, 19, 9, 15, 44)",324,330,True,0.01818181818181818
626,weakly_correlated,20,238,"(24, 15, 43, 41, 33, 14, 46, 16, 20, 8, 44, 42, 42, 8, 29, 18, 19, 10, 3, 1)","(17, 5, 37, 41, 35, 4, 51, 25, 24, 1, 50, 34, 34, 16, 30, 23, 15, 18, 9, 5)",287,292,True,0.017123287671232876
627,weakly_correlated,20,278,"(17, 7, 15, 16, 27, 14, 33, 29, 46, 22, 48, 11, 47, 43, 7, 37, 49, 18, 34, 35)","(25, 5, 5, 9, 22, 24, 40, 36, 42, 20, 43, 9, 45, 35, 16, 36, 53, 16, 38, 31)",322,322,False,0.0
628,weakly_correlated,20,242,"(26, 36, 47, 30, 9, 42, 31, 47, 12, 17, 41, 34, 20, 2, 30, 1, 33, 18, 6, 3)","(18, 43, 40, 24, 18, 46, 33, 52, 15, 25, 35, 35, 23, 4, 31, 7, 39, 14, 2, 6)",292,296,True,0.013513513513513514
629,weakly_correlated,20,266,"(4, 32, 1, 19, 34, 33, 39, 22, 26, 44, 50, 6, 38, 6, 40, 24, 45, 1, 39, 28)","(6, 40, 10, 9, 38, 34, 31, 25, 16, 36, 46, 12, 39, 11, 38, 21, 41, 10, 36, 22)",299,307,True,0.026058631921824105
630,weakly_correlated,20,284,"(30, 33, 39, 14, 47, 25, 25, 6, 14, 28, 44, 47, 26, 3, 27, 35, 39, 8, 33, 45)","(24, 25, 40, 12, 42, 34, 33, 7, 16, 34, 42, 42, 16, 11, 19, 34, 38, 6, 27, 45)",310,312,True,0.00641025641025641
631,weakly_correlated,20,286,"(19, 14, 39, 39, 33, 46, 9, 42, 49, 37, 40, 33, 12, 36, 35, 10, 27, 3, 24, 26)","(19, 9, 33, 35, 43, 45, 5, 43, 46, 44, 32, 24, 14, 35, 25, 1, 23, 2, 28, 26)",299,303,True,0.013201320132013201
632,weakly_correlated,20,208,"(24, 35, 1, 40, 14, 24, 40, 27, 12, 16, 5, 26, 13, 3, 11, 18, 12, 28, 36, 32)","(21, 26, 5, 32, 12, 28, 50, 36, 7, 6, 7, 30, 22, 2, 21, 12, 12, 28, 41, 22)",254,261,True,0.02681992337164751
633,weakly_correlated,20,198,"(3, 4, 1, 1, 13, 49, 29, 33, 49, 7, 4, 29, 4, 1, 41, 26, 16, 49, 13, 23)","(6, 6, 2, 6, 8, 55, 32, 25, 47, 15, 10, 20, 11, 2, 36, 21, 26, 51, 23, 16)",253,254,True,0.003937007874015748
634,weakly_correlated,20,252,"(9, 42, 38, 34, 15, 50, 10, 23, 35, 25, 19, 16, 23, 15, 45, 13, 29, 3, 27, 33)","(8, 32, 42, 40, 22, 44, 13, 29, 29, 34, 11, 7, 17, 20, 52, 4, 33, 5, 28, 29)",298,300,True,0.006666666666666667
635,weakly_correlated,20,256,"(23, 50, 30, 29, 9, 37, 16, 17, 28, 39, 11, 22, 18, 8, 11, 31, 37, 35, 47, 14)","(24, 58, 28, 21, 8, 46, 10, 18, 19, 38, 1, 18, 23, 15, 19, 33, 33, 35, 55, 19)",310,310,False,0.0
636,weakly_correlated,20,253,"(13, 12, 34, 28, 50, 26, 36, 47, 24, 43, 13, 8, 23, 2, 4, 34, 48, 37, 4, 20)","(3, 18, 36, 26, 50, 33, 34, 38, 14, 37, 11, 5, 16, 9, 14, 43, 58, 40, 6, 11)",307,307,False,0.0
637,weakly_correlated,20,224,"(32, 18, 4, 26, 10, 3, 40, 37, 25, 24, 12, 34, 18, 26, 25, 7, 15, 21, 21, 49)","(28, 12, 8, 18, 6, 13, 38, 42, 15, 21, 4, 32, 11, 16, 24, 5, 13, 30, 18, 56)",248,250,True,0.008
638,weakly_correlated,20,280,"(41, 31, 47, 6, 21, 3, 50, 48, 49, 16, 29, 46, 17, 5, 29, 36, 16, 37, 30, 4)","(38, 32, 49, 5, 22, 12, 57, 47, 57, 20, 31, 45, 16, 13, 35, 43, 20, 31, 31, 14)",340,342,True,0.005847953216374269
639,weakly_correlated,20,189,"(46, 26, 10, 2, 23, 13, 11, 13, 12, 14, 19, 18, 2, 32, 19, 31, 5, 40, 19, 23)","(55, 36, 12, 9, 17, 15, 18, 5, 9, 17, 25, 19, 3, 25, 26, 27, 5, 36, 13, 19)",240,240,False,0.0
640,weakly_correlated,20,224,"(2, 30, 4, 49, 43, 18, 25, 18, 9, 26, 13, 47, 34, 12, 30, 8, 39, 7, 34, 1)","(11, 25, 6, 45, 39, 23, 27, 20, 10, 27, 6, 57, 35, 2, 27, 3, 44, 14, 42, 2)",262,273,True,0.040293040293040296
641,weakly_correlated,20,256,"(25, 38, 28, 34, 45, 3, 26, 28, 44, 28, 35, 13, 26, 13, 42, 13, 3, 25, 13, 31)","(15, 30, 29, 43, 47, 7, 29, 36, 39, 33, 42, 14, 17, 3, 50, 3, 10, 24, 20, 24)",313,313,False,0.0
642,weakly_correlated,20,246,"(43, 27, 38, 50, 22, 19, 37, 9, 33, 3, 41, 7, 13, 29, 27, 34, 4, 18, 8, 29)","(41, 33, 43, 42, 25, 26, 38, 14, 36, 9, 44, 3, 17, 21, 36, 28, 14, 22, 5, 34)",309,311,True,0.006430868167202572
643,weakly_correlated,20,196,"(36, 49, 22, 13, 19, 23, 25, 13, 24, 3, 6, 26, 25, 5, 24, 20, 3, 16, 5, 36)","(38, 55, 28, 5, 16, 13, 35, 21, 28, 8, 14, 21, 22, 3, 19, 27, 10, 10, 1, 33)",251,252,True,0.003968253968253968
644,weakly_correlated,20,270,"(32, 28, 40, 38, 35, 14, 24, 32, 44, 24, 22, 9, 36, 38, 7, 10, 38, 11, 29, 30)","(32, 21, 44, 45, 30, 5, 30, 42, 47, 16, 17, 17, 36, 29, 10, 20, 35, 13, 20, 20)",317,317,False,0.0
645,weakly_correlated,20,251,"(13, 10, 50, 19, 31, 50, 18, 22, 21, 7, 3, 44, 12, 47, 44, 46, 24, 11, 26, 4)","(22, 14, 43, 9, 27, 49, 8, 20, 19, 11, 9, 36, 3, 48, 44, 51, 17, 15, 25, 10)",276,284,True,0.028169014084507043
646,weakly_correlated,20,328,"(37, 21, 40, 46, 25, 28, 24, 42, 21, 50, 17, 48, 47, 35, 31, 18, 42, 12, 49, 22)","(45, 27, 36, 53, 26, 23, 31, 43, 28, 44, 7, 51, 51, 40, 31, 11, 42, 15, 49, 24)",365,376,True,0.02925531914893617
647,weakly_correlated,20,253,"(43, 23, 5, 25, 49, 7, 31, 19, 16, 41, 40, 28, 25, 4, 6, 30, 18, 35, 12, 49)","(50, 33, 15, 28, 49, 15, 28, 16, 14, 42, 31, 18, 23, 6, 5, 25, 24, 40, 21, 57)",317,317,False,0.0
648,weakly_correlated,20,248,"(42, 37, 36, 8, 46, 32, 32, 7, 23, 9, 23, 27, 2, 34, 18, 25, 42, 17, 17, 20)","(37, 37, 33, 14, 46, 40, 40, 3, 16, 1, 31, 28, 3, 34, 8, 27, 32, 27, 10, 13)",284,290,True,0.020689655172413793
649,weakly_correlated,20,264,"(23, 23, 40, 6, 3, 49, 27, 20, 39, 24, 20, 37, 50, 17, 1, 13, 48, 40, 6, 41)","(20, 27, 49, 10, 6, 48, 24, 23, 30, 22, 29, 37, 58, 11, 6, 12, 44, 46, 4, 50)",320,320,False,0.0
650,weakly_correlated,20,214,"(21, 26, 29, 14, 17, 11, 24, 16, 50, 2, 2, 38, 10, 5, 48, 11, 2, 30, 38, 33)","(16, 30, 34, 8, 24, 16, 16, 24, 57, 6, 4, 34, 9, 13, 50, 5, 3, 34, 34, 37)",262,266,True,0.015037593984962405
651,weakly_correlated,20,268,"(3, 9, 8, 3, 19, 23, 4, 48, 49, 41, 48, 2, 23, 13, 41, 49, 38, 47, 27, 40)","(10, 2, 7, 4, 15, 31, 10, 38, 39, 35, 56, 9, 24, 5, 43, 43, 29, 53, 21, 31)",295,301,True,0.019933554817275746
652,weakly_correlated,20,228,"(10, 38, 32, 5, 46, 3, 29, 43, 1, 18, 38, 21, 3, 7, 7, 30, 33, 45, 9, 38)","(17, 44, 33, 2, 42, 6, 27, 47, 5, 9, 48, 20, 12, 7, 17, 34, 32, 41, 16, 35)",288,288,False,0.0
653,weakly_correlated,20,309,"(48, 38, 32, 29, 30, 27, 12, 33, 8, 40, 26, 7, 44, 44, 25, 41, 20, 46, 32, 36)","(53, 33, 30, 31, 37, 34, 16, 39, 8, 38, 22, 17, 40, 50, 18, 51, 20, 48, 32, 34)",356,365,True,0.024657534246575342
654,weakly_correlated,20,272,"(43, 25, 21, 41, 39, 32, 44, 30, 46, 5, 14, 9, 2, 21, 30, 47, 28, 25, 22, 19)","(51, 35, 31, 34, 43, 30, 39, 29, 45, 11, 12, 9, 9, 25, 28, 39, 26, 17, 24, 14)",312,316,True,0.012658227848101266
655,weakly_correlated,20,246,"(3, 19, 2, 29, 44, 38, 42, 9, 27, 23, 44, 36, 34, 36, 18, 50, 23, 10, 1, 4)","(4, 9, 4, 19, 51, 38, 36, 3, 34, 30, 53, 43, 40, 27, 26, 46, 28, 15, 3, 13)",302,316,True,0.04430379746835443
656,weakly_correlated,20,269,"(43, 37, 4, 31, 33, 36, 15, 36, 14, 6, 10, 37, 43, 41, 17, 7, 35, 41, 27, 25)","(47, 30, 9, 23, 42, 28, 24, 45, 24, 5, 4, 27, 50, 35, 23, 2, 25, 41, 24, 17)",316,320,True,0.0125
657,weakly_correlated,20,252,"(39, 17, 17, 19, 1, 47, 31, 4, 49, 17, 4, 46, 37, 21, 19, 45, 36, 20, 24, 10)","(39, 17, 27, 22, 8, 52, 36, 1, 39, 10, 13, 37, 41, 29, 27, 48, 27, 17, 27, 10)",310,313,True,0.009584664536741214
658,weakly_correlated,20,242,"(10, 5, 34, 44, 26, 3, 15, 26, 4, 19, 14, 38, 33, 28, 34, 35, 12, 40, 45, 20)","(10, 11, 37, 34, 30, 3, 5, 34, 11, 9, 4, 41, 33, 22, 40, 33, 4, 44, 44, 23)",284,284,False,0.0
659,weakly_correlated,20,274,"(47, 50, 13, 49, 10, 18, 21, 18, 37, 30, 30, 13, 34, 42, 46, 14, 8, 39, 14, 15)","(46, 55, 3, 44, 19, 20, 23, 10, 39, 29, 31, 6, 37, 36, 40, 19, 2, 46, 14, 25)",314,315,True,0.0031746031746031746
660,weakly_correlated,20,286,"(2, 42, 17, 11, 43, 36, 25, 46, 35, 46, 41, 7, 5, 11, 21, 49, 23, 42, 22, 49)","(11, 44, 9, 5, 36, 34, 15, 51, 43, 53, 34, 6, 5, 1, 22, 54, 30, 42, 13, 54)",329,330,True,0.0030303030303030303
661,weakly_correlated,20,310,"(12, 20, 35, 21, 29, 3, 40, 38, 23, 45, 24, 34, 41, 38, 43, 34, 43, 28, 20, 48)","(15, 12, 30, 18, 38, 4, 42, 44, 32, 36, 19, 39, 34, 48, 43, 36, 41, 26, 22, 56)",360,362,True,0.0055248618784530384
662,weakly_correlated,20,324,"(41, 2, 19, 50, 30, 33, 39, 37, 36, 33, 30, 23, 6, 48, 50, 45, 47, 42, 24, 12)","(34, 4, 17, 48, 40, 24, 45, 42, 40, 26, 32, 21, 10, 55, 55, 50, 47, 37, 20, 7)",373,373,False,0.0
663,weakly_correlated,20,238,"(45, 8, 7, 21, 48, 33, 39, 45, 42, 20, 37, 11, 2, 8, 28, 6, 10, 21, 7, 39)","(54, 15, 17, 14, 58, 36, 42, 41, 46, 21, 32, 2, 12, 9, 36, 16, 15, 16, 6, 39)",314,314,False,0.0
664,weakly_correlated,20,287,"(46, 31, 48, 9, 27, 26, 7, 25, 37, 44, 20, 23, 26, 33, 28, 38, 49, 27, 26, 4)","(52, 41, 56, 14, 21, 17, 12, 18, 46, 44, 12, 18, 36, 42, 25, 35, 58, 30, 25, 13)",348,359,True,0.03064066852367688
665,weakly_correlated,20,306,"(34, 15, 29, 15, 17, 28, 42, 17, 14, 48, 40, 46, 31, 47, 20, 39, 43, 9, 29, 49)","(43, 21, 30, 20, 9, 38, 52, 12, 7, 42, 49, 51, 32, 52, 14, 34, 41, 6, 20, 40)",362,362,False,0.0
666,weakly_correlated,20,264,"(30, 28, 33, 36, 50, 8, 10, 41, 38, 2, 18, 20, 11, 41, 35, 24, 34, 20, 40, 9)","(32, 27, 23, 43, 50, 2, 13, 45, 35, 2, 11, 14, 9, 50, 38, 23, 26, 16, 31, 1)",284,287,True,0.010452961672473868
667,weakly_correlated,20,260,"(7, 43, 23, 24, 6, 41, 21, 11, 30, 27, 34, 4, 47, 6, 47, 29, 33, 36, 21, 30)","(14, 46, 22, 19, 16, 46, 18, 17, 37, 18, 28, 11, 57, 3, 51, 23, 41, 43, 11, 26)",328,328,False,0.0
668,weakly_correlated,20,242,"(30, 2, 11, 12, 2, 9, 43, 10, 9, 48, 48, 50, 14, 39, 29, 8, 25, 45, 5, 46)","(23, 7, 2, 19, 10, 14, 44, 14, 16, 41, 58, 57, 20, 43, 32, 17, 34, 45, 4, 46)",304,316,True,0.0379746835443038
669,weakly_correlated,20,313,"(20, 34, 42, 20, 20, 35, 37, 23, 21, 34, 33, 41, 29, 34, 15, 36, 19, 43, 50, 40)","(29, 39, 38, 19, 15, 45, 40, 24, 16, 36, 36, 33, 24, 32, 12, 37, 22, 37, 56, 43)",346,353,True,0.019830028328611898
670,weakly_correlated,20,260,"(37, 48, 27, 25, 17, 28, 4, 10, 27, 25, 10, 19, 20, 27, 3, 26, 50, 33, 46, 37)","(38, 44, 21, 27, 15, 18, 2, 1, 34, 19, 10, 28, 20, 22, 10, 28, 56, 35, 49, 40)",297,299,True,0.006688963210702341
671,weakly_correlated,20,235,"(38, 25, 25, 1, 2, 2, 35, 30, 29, 12, 47, 37, 7, 2, 47, 30, 34, 21, 3, 43)","(32, 29, 25, 8, 2, 5, 37, 40, 27, 9, 52, 42, 11, 6, 54, 29, 38, 16, 9, 34)",294,294,False,0.0
672,weakly_correlated,20,192,"(2, 14, 12, 38, 6, 2, 1, 12, 21, 27, 19, 40, 19, 22, 12, 34, 17, 36, 41, 10)","(2, 24, 19, 36, 7, 5, 1, 17, 11, 27, 16, 30, 20, 16, 17, 24, 19, 32, 46, 5)",220,226,True,0.02654867256637168
673,weakly_correlated,20,234,"(34, 29, 12, 24, 25, 10, 40, 47, 45, 33, 14, 9, 41, 37, 3, 1, 3, 47, 13, 1)","(35, 31, 2, 25, 22, 6, 34, 53, 44, 36, 7, 14, 46, 36, 7, 3, 9, 43, 5, 9)",268,273,True,0.018315018315018316
674,weakly_correlated,20,242,"(26, 6, 41, 19, 5, 49, 39, 25, 32, 20, 39, 47, 10, 15, 21, 21, 24, 10, 24, 10)","(18, 5, 36, 19, 4, 51, 35, 20, 28, 18, 41, 56, 11, 21, 23, 15, 21, 3, 26, 7)",257,261,True,0.01532567049808429
675,weakly_correlated,20,308,"(14, 26, 47, 32, 30, 3, 46, 15, 30, 43, 43, 34, 39, 42, 30, 12, 24, 36, 42, 27)","(15, 25, 57, 31, 32, 10, 38, 6, 32, 37, 46, 32, 30, 43, 29, 15, 29, 33, 37, 35)",345,347,True,0.005763688760806916
676,weakly_correlated,20,285,"(2, 40, 48, 36, 47, 26, 23, 32, 13, 2, 17, 31, 7, 47, 47, 49, 47, 29, 16, 11)","(11, 45, 55, 39, 47, 24, 24, 37, 5, 2, 17, 33, 12, 57, 46, 52, 56, 30, 24, 20)",352,352,False,0.0
677,weakly_correlated,20,298,"(41, 42, 44, 31, 30, 31, 49, 49, 26, 19, 3, 21, 40, 40, 26, 41, 3, 21, 29, 10)","(33, 34, 38, 39, 23, 40, 45, 41, 32, 22, 2, 24, 37, 46, 32, 46, 10, 24, 30, 4)",347,349,True,0.0057306590257879654
678,weakly_correlated,20,174,"(8, 1, 1, 31, 47, 9, 7, 3, 25, 27, 9, 14, 13, 7, 20, 46, 15, 15, 16, 35)","(11, 6, 3, 22, 37, 19, 16, 9, 19, 35, 10, 4, 6, 2, 13, 49, 18, 11, 17, 32)",214,216,True,0.009259259259259259
679,weakly_correlated,20,242,"(42, 35, 23, 34, 36, 14, 27, 45, 23, 4, 23, 22, 3, 27, 19, 11, 26, 27, 3, 41)","(51, 37, 15, 27, 37, 21, 27, 51, 13, 1, 23, 25, 12, 18, 10, 6, 26, 33, 11, 48)",290,293,True,0.010238907849829351
680,weakly_correlated,20,324,"(40, 38, 33, 23, 46, 34, 29, 25, 29, 33, 45, 18, 42, 46, 42, 34, 40, 9, 36, 7)","(45, 32, 40, 24, 48, 34, 23, 35, 37, 43, 53, 15, 42, 44, 51, 38, 38, 3, 46, 11)",399,399,False,0.0
681,weakly_correlated,20,249,"(27, 8, 50, 4, 22, 8, 12, 39, 40, 19, 41, 19, 46, 43, 32, 12, 3, 38, 2, 33)","(27, 15, 52, 8, 12, 17, 22, 34, 34, 27, 37, 9, 51, 53, 35, 4, 2, 47, 5, 32)",309,314,True,0.01592356687898089
682,weakly_correlated,20,266,"(34, 13, 4, 43, 30, 19, 13, 40, 49, 40, 6, 1, 1, 43, 38, 36, 40, 22, 34, 25)","(31, 21, 7, 51, 33, 16, 16, 35, 47, 31, 11, 11, 2, 41, 28, 39, 46, 26, 38, 23)",317,317,False,0.0
683,weakly_correlated,20,268,"(26, 18, 9, 36, 11, 12, 50, 23, 4, 14, 45, 49, 15, 32, 47, 19, 37, 5, 47, 37)","(17, 14, 4, 27, 17, 15, 54, 26, 14, 8, 50, 57, 7, 39, 41, 19, 29, 4, 54, 31)",309,315,True,0.01904761904761905
684,weakly_correlated,20,283,"(25, 28, 35, 47, 42, 41, 13, 20, 10, 14, 28, 25, 49, 17, 20, 23, 22, 49, 18, 40)","(34, 34, 39, 45, 46, 46, 9, 18, 15, 24, 21, 15, 44, 16, 10, 20, 13, 43, 16, 37)",317,320,True,0.009375
685,weakly_correlated,20,262,"(20, 16, 20, 1, 11, 20, 46, 9, 39, 6, 40, 50, 3, 21, 18, 48, 49, 15, 45, 48)","(12, 6, 29, 3, 20, 26, 56, 1, 37, 15, 35, 55, 11, 14, 14, 42, 55, 10, 53, 52)",324,324,False,0.0
686,weakly_correlated,20,251,"(34, 19, 44, 25, 43, 19, 36, 50, 7, 2, 34, 22, 18, 35, 5, 12, 31, 10, 6, 50)","(41, 18, 36, 28, 48, 12, 42, 56, 8, 5, 44, 14, 16, 36, 7, 13, 41, 2, 1, 42)",287,298,True,0.03691275167785235
687,weakly_correlated,20,321,"(26, 40, 41, 50, 33, 1, 32, 48, 32, 10, 45, 23, 22, 25, 27, 39, 44, 13, 46, 45)","(20, 45, 31, 43, 30, 7, 34, 41, 24, 9, 46, 23, 15, 34, 22, 45, 39, 7, 38, 37)",334,334,False,0.0
688,weakly_correlated,20,262,"(48, 21, 16, 45, 17, 5, 30, 9, 33, 20, 30, 35, 46, 11, 32, 36, 2, 13, 50, 24)","(46, 23, 22, 39, 13, 1, 23, 16, 37, 25, 31, 35, 44, 3, 38, 32, 9, 9, 53, 18)",298,300,True,0.006666666666666667
689,weakly_correlated,20,266,"(39, 22, 31, 36, 45, 6, 27, 7, 50, 35, 29, 4, 17, 42, 25, 1, 25, 36, 25, 31)","(34, 12, 39, 36, 41, 6, 32, 13, 42, 37, 27, 5, 7, 52, 33, 8, 21, 28, 22, 26)",300,305,True,0.01639344262295082
690,weakly_correlated,20,239,"(21, 12, 47, 9, 20, 3, 39, 32, 14, 27, 35, 43, 11, 1, 15, 21, 46, 17, 50, 15)","(25, 17, 39, 19, 30, 12, 48, 24, 22, 20, 37, 48, 4, 2, 6, 26, 52, 27, 56, 16)",302,317,True,0.0473186119873817
691,weakly_correlated,20,224,"(45, 9, 29, 21, 13, 20, 42, 7, 23, 22, 3, 9, 21, 50, 5, 46, 18, 20, 38, 8)","(39, 4, 28, 31, 23, 21, 51, 9, 27, 17, 3, 8, 31, 58, 15, 54, 20, 14, 32, 12)",294,295,True,0.003389830508474576
692,weakly_correlated,20,222,"(2, 9, 30, 12, 3, 2, 15, 15, 18, 28, 31, 26, 48, 22, 38, 49, 27, 15, 40, 15)","(11, 18, 36, 16, 1, 10, 11, 22, 27, 32, 38, 31, 41, 17, 36, 59, 25, 25, 42, 23)",302,312,True,0.03205128205128205
693,weakly_correlated,20,227,"(31, 38, 10, 1, 3, 2, 32, 35, 14, 45, 24, 45, 44, 6, 15, 31, 10, 26, 40, 2)","(28, 39, 12, 4, 2, 12, 30, 34, 17, 47, 22, 53, 46, 13, 13, 41, 7, 21, 49, 2)",279,279,False,0.0
694,weakly_correlated,20,220,"(45, 18, 29, 19, 4, 4, 17, 30, 32, 38, 19, 1, 19, 11, 37, 40, 31, 16, 24, 6)","(50, 11, 32, 18, 12, 14, 18, 31, 22, 30, 14, 2, 28, 10, 46, 46, 33, 12, 16, 10)",273,274,True,0.0036496350364963502
695,weakly_correlated,20,280,"(22, 35, 36, 47, 20, 24, 30, 47, 50, 26, 8, 3, 37, 26, 12, 24, 24, 8, 40, 42)","(19, 36, 39, 45, 14, 14, 29, 55, 46, 35, 9, 7, 32, 35, 20, 22, 19, 8, 37, 44)",317,320,True,0.009375
696,weakly_correlated,20,270,"(11, 29, 40, 16, 29, 28, 44, 33, 8, 43, 14, 24, 25, 39, 7, 27, 39, 17, 30, 37)","(8, 39, 45, 15, 24, 28, 44, 23, 3, 46, 5, 17, 16, 35, 9, 26, 40, 12, 33, 38)",293,294,True,0.003401360544217687
697,weakly_correlated,20,228,"(9, 4, 50, 21, 17, 5, 24, 35, 30, 47, 18, 13, 26, 20, 7, 11, 43, 29, 25, 21)","(18, 5, 42, 25, 12, 13, 30, 25, 27, 37, 18, 3, 21, 23, 8, 9, 53, 39, 25, 12)",266,276,True,0.036231884057971016
698,weakly_correlated,20,252,"(24, 28, 9, 17, 29, 48, 29, 15, 2, 42, 22, 36, 42, 15, 41, 8, 25, 7, 45, 19)","(29, 32, 18, 11, 35, 42, 39, 13, 9, 43, 31, 31, 46, 16, 39, 17, 20, 1, 48, 27)",313,319,True,0.018808777429467086
699,weakly_correlated,20,246,"(24, 42, 35, 10, 2, 3, 45, 10, 34, 4, 6, 30, 4, 28, 44, 35, 19, 42, 32, 43)","(21, 33, 27, 1, 7, 3, 50, 7, 43, 2, 14, 40, 6, 29, 37, 33, 17, 44, 34, 50)",293,293,False,0.0
700,weakly_correlated,20,252,"(11, 29, 34, 21, 39, 6, 16, 41, 12, 40, 21, 46, 16, 34, 4, 36, 48, 3, 4, 42)","(7, 25, 43, 11, 46, 6, 16, 40, 21, 39, 21, 48, 8, 26, 6, 38, 56, 7, 8, 51)",298,303,True,0.0165016501650165
701,weakly_correlated,20,256,"(48, 32, 8, 38, 35, 31, 35, 19, 39, 10, 25, 21, 24, 17, 8, 11, 34, 5, 42, 29)","(46, 25, 18, 35, 32, 38, 26, 14, 32, 18, 16, 24, 24, 16, 9, 18, 41, 9, 45, 26)",290,301,True,0.036544850498338874
702,weakly_correlated,20,289,"(49, 9, 50, 13, 30, 27, 18, 48, 12, 10, 28, 28, 46, 37, 42, 14, 24, 29, 29, 35)","(42, 1, 48, 12, 38, 19, 15, 56, 17, 3, 30, 18, 38, 45, 39, 6, 33, 22, 26, 36)",318,321,True,0.009345794392523364
703,weakly_correlated,20,214,"(4, 10, 42, 27, 22, 1, 26, 47, 22, 11, 50, 10, 17, 12, 27, 8, 38, 31, 15, 8)","(6, 16, 39, 19, 15, 9, 23, 54, 24, 9, 48, 19, 14, 8, 19, 10, 29, 22, 22, 13)",253,254,True,0.003937007874015748
704,weakly_correlated,20,248,"(40, 46, 20, 27, 21, 24, 11, 2, 47, 8, 24, 14, 27, 39, 44, 2, 32, 24, 11, 32)","(41, 54, 22, 22, 25, 19, 12, 2, 43, 13, 21, 14, 28, 43, 50, 10, 33, 25, 9, 42)",296,296,False,0.0
705,weakly_correlated,20,258,"(50, 1, 20, 31, 15, 47, 27, 6, 49, 21, 36, 35, 32, 26, 23, 28, 6, 16, 35, 11)","(48, 5, 23, 30, 21, 37, 20, 15, 48, 16, 38, 41, 30, 33, 13, 26, 16, 25, 41, 20)",326,326,False,0.0
706,weakly_correlated,20,256,"(40, 43, 37, 31, 37, 39, 3, 24, 15, 16, 7, 25, 28, 1, 35, 37, 12, 38, 10, 35)","(38, 49, 44, 24, 44, 42, 5, 24, 9, 7, 9, 15, 29, 4, 37, 41, 22, 31, 9, 33)",297,298,True,0.003355704697986577
707,weakly_correlated,20,265,"(2, 41, 33, 30, 33, 36, 8, 30, 41, 18, 7, 42, 18, 30, 16, 26, 40, 32, 7, 40)","(10, 41, 40, 20, 39, 35, 16, 21, 33, 21, 9, 46, 28, 34, 23, 27, 38, 36, 14, 44)",314,334,True,0.059880239520958084
708,weakly_correlated,20,245,"(8, 19, 23, 28, 14, 42, 16, 3, 27, 30, 15, 29, 9, 24, 28, 27, 50, 25, 43, 30)","(12, 13, 32, 30, 23, 42, 18, 4, 23, 29, 25, 31, 4, 22, 29, 20, 42, 18, 40, 24)",279,279,False,0.0
709,weakly_correlated,20,233,"(35, 4, 7, 8, 25, 1, 48, 35, 24, 41, 40, 34, 6, 25, 33, 19, 41, 24, 11, 5)","(33, 4, 6, 16, 16, 7, 55, 32, 16, 39, 32, 35, 1, 29, 25, 16, 33, 18, 18, 12)",255,264,True,0.03409090909090909
710,weakly_correlated,20,312,"(25, 29, 29, 35, 22, 41, 28, 31, 35, 41, 47, 39, 46, 38, 27, 24, 39, 38, 1, 9)","(32, 25, 28, 26, 21, 44, 18, 37, 29, 43, 38, 38, 39, 30, 37, 24, 32, 39, 5, 7)",334,335,True,0.0029850746268656717
711,weakly_correlated,20,249,"(40, 26, 23, 28, 15, 31, 22, 7, 26, 29, 42, 16, 12, 18, 23, 47, 29, 25, 25, 14)","(45, 29, 20, 25, 13, 41, 16, 2, 16, 32, 36, 23, 8, 13, 15, 50, 33, 20, 27, 13)",280,280,False,0.0
712,weakly_correlated,20,230,"(19, 32, 6, 13, 42, 29, 36, 43, 9, 30, 26, 24, 31, 40, 15, 5, 14, 29, 2, 14)","(28, 37, 14, 4, 41, 27, 32, 33, 12, 20, 17, 21, 37, 39, 5, 4, 6, 39, 7, 16)",274,274,False,0.0
713,weakly_correlated,20,286,"(25, 19, 31, 43, 17, 29, 44, 44, 15, 15, 42, 44, 5, 8, 29, 44, 44, 38, 6, 29)","(35, 20, 33, 35, 26, 30, 36, 50, 6, 10, 32, 40, 9, 18, 20, 44, 46, 31, 2, 21)",321,322,True,0.003105590062111801
714,weakly_correlated,20,284,"(50, 5, 8, 27, 36, 15, 42, 44, 50, 14, 12, 45, 2, 49, 26, 7, 47, 35, 46, 9)","(43, 6, 10, 19, 27, 10, 36, 51, 53, 23, 3, 38, 6, 42, 36, 7, 37, 26, 51, 18)",314,318,True,0.012578616352201259
715,weakly_correlated,20,262,"(33, 10, 6, 39, 23, 28, 38, 36, 36, 38, 3, 47, 20, 10, 23, 35, 18, 3, 29, 50)","(25, 8, 2, 33, 25, 34, 35, 41, 36, 31, 13, 56, 20, 16, 14, 39, 12, 9, 28, 54)",309,310,True,0.0032258064516129032
716,weakly_correlated,20,263,"(11, 48, 9, 44, 11, 29, 47, 33, 5, 2, 39, 49, 10, 25, 30, 25, 42, 9, 36, 22)","(15, 45, 4, 49, 20, 37, 57, 37, 10, 7, 41, 52, 16, 24, 27, 22, 51, 7, 38, 17)",323,325,True,0.006153846153846154
717,weakly_correlated,20,264,"(16, 50, 15, 16, 2, 23, 38, 42, 28, 20, 13, 34, 28, 31, 50, 32, 39, 3, 11, 36)","(10, 59, 20, 8, 10, 14, 39, 50, 18, 23, 12, 42, 38, 23, 56, 28, 46, 10, 1, 45)",332,332,False,0.0
718,weakly_correlated,20,268,"(17, 15, 28, 26, 43, 19, 50, 35, 43, 39, 47, 27, 15, 24, 8, 43, 41, 1, 3, 13)","(27, 20, 22, 29, 50, 24, 60, 36, 53, 43, 53, 17, 5, 33, 12, 40, 32, 7, 11, 18)",344,348,True,0.011494252873563218
719,weakly_correlated,20,313,"(18, 44, 33, 40, 43, 42, 45, 35, 45, 41, 40, 17, 14, 2, 24, 26, 32, 37, 26, 22)","(11, 39, 31, 43, 43, 45, 55, 42, 51, 42, 43, 14, 21, 6, 20, 20, 36, 29, 34, 23)",354,363,True,0.024793388429752067
720,weakly_correlated,20,318,"(48, 1, 50, 30, 31, 39, 49, 28, 20, 23, 29, 24, 32, 34, 29, 11, 41, 29, 50, 37)","(42, 4, 54, 22, 22, 43, 58, 27, 19, 22, 26, 23, 36, 32, 19, 6, 45, 26, 57, 31)",347,348,True,0.0028735632183908046
721,weakly_correlated,20,224,"(10, 12, 31, 27, 30, 23, 20, 46, 29, 45, 37, 3, 25, 41, 1, 11, 7, 4, 44, 1)","(14, 13, 41, 35, 24, 20, 10, 42, 33, 52, 41, 8, 32, 41, 3, 10, 5, 11, 41, 3)",283,283,False,0.0
722,weakly_correlated,20,291,"(40, 12, 35, 18, 18, 48, 42, 17, 11, 50, 41, 6, 12, 22, 38, 41, 40, 4, 43, 44)","(34, 11, 38, 12, 15, 57, 49, 12, 10, 55, 34, 1, 13, 24, 41, 38, 37, 2, 40, 35)",317,317,False,0.0
723,weakly_correlated,20,253,"(35, 14, 13, 18, 10, 4, 46, 28, 2, 14, 23, 38, 46, 23, 2, 8, 47, 47, 47, 41)","(30, 12, 11, 26, 15, 11, 51, 35, 8, 8, 18, 35, 44, 21, 8, 4, 46, 48, 49, 44)",299,299,False,0.0
724,weakly_correlated,20,284,"(47, 49, 46, 44, 13, 22, 13, 27, 24, 19, 36, 29, 31, 27, 5, 14, 32, 29, 22, 38)","(46, 40, 39, 43, 16, 15, 21, 25, 26, 27, 36, 30, 21, 24, 11, 22, 26, 20, 29, 42)",321,328,True,0.021341463414634148
725,weakly_correlated,20,244,"(6, 4, 36, 21, 9, 22, 27, 8, 2, 36, 21, 33, 40, 45, 16, 22, 26, 26, 43, 46)","(16, 1, 43, 28, 7, 19, 32, 7, 2, 45, 15, 35, 33, 45, 16, 23, 28, 27, 48, 45)",285,291,True,0.020618556701030927
726,weakly_correlated,20,258,"(17, 27, 26, 10, 31, 41, 33, 42, 18, 12, 24, 27, 44, 25, 7, 21, 34, 10, 35, 31)","(18, 19, 36, 3, 22, 48, 24, 33, 25, 17, 34, 31, 54, 31, 4, 26, 38, 3, 27, 26)",320,320,False,0.0
727,weakly_correlated,20,267,"(34, 34, 45, 11, 34, 19, 10, 50, 40, 8, 11, 38, 1, 36, 12, 19, 49, 6, 38, 39)","(29, 25, 50, 20, 26, 19, 8, 47, 33, 17, 12, 32, 1, 34, 13, 17, 54, 5, 47, 30)",297,300,True,0.01
728,weakly_correlated,20,297,"(3, 40, 41, 45, 23, 45, 40, 5, 23, 33, 39, 32, 26, 50, 3, 25, 32, 49, 5, 35)","(8, 47, 34, 35, 23, 39, 41, 15, 15, 40, 36, 37, 30, 55, 6, 35, 33, 46, 7, 27)",354,354,False,0.0
729,weakly_correlated,20,280,"(45, 19, 44, 50, 16, 11, 30, 13, 8, 6, 37, 43, 44, 7, 37, 37, 40, 27, 16, 29)","(45, 27, 37, 58, 17, 3, 35, 22, 4, 1, 27, 37, 39, 15, 45, 35, 34, 21, 8, 38)",324,326,True,0.006134969325153374
730,weakly_correlated,20,298,"(20, 40, 38, 41, 11, 19, 43, 46, 41, 1, 43, 8, 32, 27, 36, 16, 42, 31, 26, 36)","(13, 39, 45, 46, 6, 18, 40, 50, 50, 2, 44, 12, 28, 31, 34, 26, 34, 21, 21, 46)",352,352,False,0.0
731,weakly_correlated,20,233,"(47, 45, 7, 25, 7, 25, 17, 36, 18, 41, 1, 14, 22, 44, 17, 37, 20, 21, 17, 5)","(39, 52, 1, 29, 17, 33, 23, 34, 11, 43, 8, 12, 26, 47, 23, 30, 18, 25, 8, 6)",289,289,False,0.0
732,weakly_correlated,20,264,"(43, 25, 41, 16, 47, 34, 10, 6, 42, 43, 12, 29, 1, 2, 45, 44, 28, 11, 16, 32)","(36, 35, 51, 8, 40, 36, 20, 6, 43, 52, 13, 24, 8, 3, 46, 45, 28, 14, 20, 41)",327,329,True,0.0060790273556231
733,weakly_correlated,20,252,"(27, 29, 50, 10, 8, 20, 50, 25, 47, 39, 18, 1, 48, 17, 16, 1, 37, 20, 15, 25)","(37, 23, 57, 15, 8, 16, 46, 32, 51, 36, 15, 9, 40, 10, 13, 8, 39, 30, 17, 31)",310,317,True,0.022082018927444796
734,weakly_correlated,20,302,"(44, 17, 36, 12, 33, 47, 44, 12, 47, 36, 47, 31, 22, 22, 18, 20, 18, 26, 23, 48)","(44, 18, 46, 3, 34, 40, 34, 5, 53, 41, 56, 41, 26, 15, 18, 28, 17, 20, 25, 55)",351,357,True,0.01680672268907563
735,weakly_correlated,20,242,"(28, 2, 32, 13, 21, 6, 47, 26, 37, 25, 21, 1, 48, 8, 37, 24, 7, 23, 48, 29)","(22, 9, 24, 4, 28, 1, 40, 22, 31, 29, 30, 3, 45, 10, 27, 32, 13, 29, 51, 22)",283,284,True,0.0035211267605633804
736,weakly_correlated,20,256,"(17, 5, 32, 25, 5, 33, 10, 50, 47, 45, 7, 33, 39, 10, 8, 49, 3, 28, 24, 43)","(9, 1, 25, 31, 12, 32, 10, 50, 38, 49, 3, 31, 29, 16, 8, 57, 8, 24, 28, 40)",281,293,True,0.040955631399317405
737,weakly_correlated,20,234,"(1, 13, 13, 22, 49, 32, 37, 18, 16, 38, 28, 15, 47, 14, 16, 41, 25, 1, 42, 1)","(10, 3, 9, 20, 57, 25, 29, 21, 24, 34, 36, 9, 43, 16, 21, 36, 35, 8, 39, 4)",291,291,False,0.0
738,weakly_correlated,20,219,"(11, 17, 9, 21, 5, 9, 2, 22, 20, 7, 8, 36, 13, 40, 45, 30, 22, 39, 39, 43)","(3, 12, 10, 29, 7, 6, 12, 13, 23, 10, 13, 31, 9, 36, 47, 34, 18, 46, 40, 40)",255,261,True,0.022988505747126436
739,weakly_correlated,20,248,"(13, 31, 43, 3, 26, 14, 47, 49, 35, 21, 19, 7, 21, 23, 3, 35, 28, 23, 11, 44)","(14, 26, 37, 2, 28, 9, 50, 59, 44, 21, 27, 1, 23, 26, 6, 25, 25, 23, 19, 38)",296,296,False,0.0
740,weakly_correlated,20,288,"(37, 19, 11, 46, 50, 16, 11, 48, 47, 11, 10, 45, 44, 35, 2, 16, 9, 46, 47, 25)","(28, 16, 3, 39, 47, 15, 18, 49, 43, 17, 10, 44, 51, 41, 2, 8, 15, 51, 51, 31)",336,336,False,0.0
741,weakly_correlated,20,215,"(15, 47, 27, 23, 50, 14, 21, 1, 13, 29, 7, 30, 27, 34, 20, 8, 11, 3, 26, 24)","(21, 37, 31, 15, 43, 13, 31, 8, 7, 32, 11, 39, 17, 30, 20, 9, 13, 13, 29, 27)",271,275,True,0.014545454545454545
742,weakly_correlated,20,235,"(27, 9, 8, 28, 18, 41, 41, 48, 39, 10, 27, 20, 4, 35, 2, 1, 20, 35, 23, 34)","(26, 19, 2, 23, 21, 33, 42, 44, 31, 9, 26, 25, 3, 33, 6, 6, 17, 40, 14, 26)",256,261,True,0.019157088122605363
743,weakly_correlated,20,320,"(45, 38, 2, 28, 16, 36, 44, 39, 48, 19, 42, 49, 19, 47, 31, 5, 43, 28, 19, 43)","(44, 29, 7, 28, 15, 34, 42, 31, 40, 28, 48, 43, 11, 51, 28, 15, 38, 36, 29, 44)",364,366,True,0.00546448087431694
744,weakly_correlated,20,226,"(20, 22, 7, 23, 21, 19, 19, 9, 21, 36, 20, 26, 24, 32, 7, 10, 43, 32, 34, 28)","(27, 28, 1, 23, 19, 14, 17, 5, 14, 36, 24, 32, 20, 36, 6, 4, 45, 23, 32, 33)",254,257,True,0.011673151750972763
745,weakly_correlated,20,287,"(15, 24, 2, 35, 26, 41, 37, 31, 47, 44, 34, 19, 32, 9, 43, 49, 39, 3, 6, 38)","(22, 19, 7, 37, 29, 51, 43, 40, 41, 52, 25, 18, 28, 5, 43, 39, 34, 2, 5, 42)",335,337,True,0.005934718100890208
746,weakly_correlated,20,278,"(28, 11, 30, 48, 42, 46, 11, 22, 10, 30, 31, 33, 9, 34, 22, 43, 50, 25, 20, 10)","(34, 13, 38, 54, 38, 43, 21, 23, 14, 39, 40, 24, 17, 44, 19, 51, 59, 34, 18, 19)",364,367,True,0.008174386920980926
747,weakly_correlated,20,233,"(20, 8, 18, 33, 28, 44, 6, 28, 17, 24, 25, 37, 2, 31, 44, 27, 1, 29, 1, 43)","(30, 15, 17, 39, 24, 34, 11, 25, 23, 22, 17, 36, 8, 38, 39, 34, 6, 23, 10, 49)",299,302,True,0.009933774834437087
748,weakly_correlated,20,260,"(5, 21, 25, 22, 22, 43, 38, 43, 44, 4, 2, 3, 45, 33, 6, 26, 45, 46, 27, 20)","(3, 20, 16, 26, 25, 50, 28, 48, 37, 11, 10, 4, 45, 34, 13, 35, 46, 42, 19, 20)",305,309,True,0.012944983818770227
749,weakly_correlated,20,250,"(49, 44, 49, 11, 21, 2, 30, 2, 5, 3, 41, 33, 44, 25, 18, 1, 42, 31, 45, 4)","(53, 48, 59, 14, 31, 9, 28, 10, 7, 12, 41, 42, 49, 21, 19, 11, 51, 30, 38, 2)",316,331,True,0.045317220543806644
750,weakly_correlated,20,224,"(21, 9, 30, 8, 7, 40, 17, 27, 25, 32, 12, 50, 28, 33, 38, 3, 7, 37, 21, 3)","(24, 8, 38, 2, 10, 41, 10, 30, 16, 41, 7, 42, 36, 36, 42, 10, 10, 37, 13, 4)",263,271,True,0.02952029520295203
751,weakly_correlated,20,298,"(49, 8, 28, 50, 35, 48, 42, 49, 9, 38, 20, 27, 32, 9, 37, 43, 6, 5, 11, 50)","(55, 11, 35, 50, 31, 38, 35, 46, 18, 38, 10, 34, 30, 17, 37, 34, 6, 8, 11, 41)",330,339,True,0.02654867256637168
752,weakly_correlated,20,243,"(34, 22, 6, 10, 25, 22, 47, 12, 27, 49, 43, 2, 27, 26, 14, 37, 41, 8, 20, 14)","(25, 24, 9, 10, 17, 26, 52, 2, 21, 48, 43, 3, 32, 32, 21, 41, 35, 14, 19, 6)",283,283,False,0.0
753,weakly_correlated,20,289,"(49, 5, 21, 3, 43, 31, 30, 45, 47, 17, 38, 2, 50, 26, 43, 6, 27, 14, 49, 32)","(50, 15, 16, 9, 34, 34, 28, 35, 38, 12, 37, 2, 54, 30, 40, 3, 17, 5, 53, 33)",317,318,True,0.0031446540880503146
754,weakly_correlated,20,182,"(12, 9, 8, 2, 10, 6, 45, 7, 44, 27, 10, 30, 23, 32, 27, 9, 23, 2, 7, 32)","(17, 6, 4, 4, 17, 7, 49, 14, 34, 20, 12, 24, 33, 30, 19, 18, 20, 5, 9, 32)",227,230,True,0.013043478260869565
755,weakly_correlated,20,254,"(34, 22, 5, 39, 14, 47, 19, 27, 17, 37, 30, 10, 40, 21, 50, 25, 9, 3, 19, 39)","(36, 21, 5, 40, 15, 37, 29, 31, 16, 36, 34, 15, 39, 17, 59, 31, 2, 4, 29, 29)",304,304,False,0.0
756,weakly_correlated,20,225,"(30, 40, 24, 7, 36, 12, 50, 16, 24, 4, 28, 46, 21, 11, 18, 35, 33, 2, 8, 5)","(28, 49, 17, 8, 44, 12, 52, 11, 31, 8, 36, 52, 22, 18, 20, 42, 43, 7, 9, 7)",293,293,False,0.0
757,weakly_correlated,20,253,"(26, 12, 13, 19, 50, 17, 21, 2, 16, 30, 30, 19, 47, 4, 4, 42, 28, 44, 39, 43)","(33, 16, 17, 22, 45, 16, 27, 8, 13, 40, 34, 22, 47, 2, 7, 33, 31, 39, 30, 48)",307,307,False,0.0
758,weakly_correlated,20,251,"(22, 34, 33, 43, 27, 27, 31, 18, 15, 37, 12, 12, 2, 6, 31, 50, 17, 16, 27, 42)","(14, 32, 38, 50, 17, 37, 28, 13, 10, 29, 16, 17, 6, 12, 40, 52, 17, 15, 30, 36)",298,300,True,0.006666666666666667
759,weakly_correlated,20,224,"(4, 5, 21, 29, 31, 38, 1, 24, 2, 1, 36, 36, 11, 8, 40, 26, 30, 41, 16, 48)","(9, 15, 17, 22, 37, 28, 10, 16, 3, 8, 30, 28, 20, 11, 31, 22, 21, 36, 13, 48)",249,255,True,0.023529411764705882
760,weakly_correlated,20,238,"(9, 22, 14, 25, 22, 35, 30, 42, 14, 12, 2, 33, 43, 19, 35, 14, 21, 4, 35, 46)","(4, 15, 4, 35, 29, 40, 37, 52, 15, 19, 1, 32, 33, 15, 38, 13, 30, 1, 42, 47)",300,300,False,0.0
761,weakly_correlated,20,304,"(15, 50, 40, 38, 49, 38, 14, 7, 48, 10, 37, 20, 14, 36, 41, 38, 49, 14, 43, 6)","(24, 47, 38, 38, 42, 38, 4, 10, 50, 13, 33, 12, 16, 31, 43, 41, 50, 13, 37, 1)",324,324,False,0.0
762,weakly_correlated,20,244,"(41, 11, 16, 22, 42, 2, 48, 7, 45, 14, 21, 23, 20, 33, 3, 30, 49, 27, 29, 4)","(42, 13, 8, 18, 38, 4, 41, 6, 36, 21, 11, 24, 13, 36, 3, 38, 42, 36, 38, 10)",284,286,True,0.006993006993006993
763,weakly_correlated,20,314,"(40, 32, 4, 33, 48, 34, 45, 35, 40, 22, 31, 39, 43, 35, 46, 37, 23, 11, 10, 20)","(30, 25, 14, 26, 48, 28, 55, 29, 41, 27, 24, 37, 40, 45, 49, 35, 25, 14, 18, 25)",361,363,True,0.005509641873278237
764,weakly_correlated,20,250,"(43, 5, 27, 33, 33, 9, 3, 50, 23, 8, 44, 20, 10, 7, 30, 48, 23, 44, 12, 27)","(38, 15, 37, 35, 30, 9, 3, 55, 26, 12, 38, 29, 4, 4, 23, 54, 17, 43, 14, 37)",299,309,True,0.032362459546925564
765,weakly_correlated,20,240,"(3, 16, 18, 12, 34, 48, 40, 4, 12, 47, 26, 34, 13, 31, 46, 46, 6, 7, 17, 21)","(8, 19, 13, 5, 43, 39, 42, 5, 10, 41, 28, 37, 17, 29, 37, 46, 5, 10, 22, 20)",277,277,False,0.0
766,weakly_correlated,20,242,"(18, 23, 22, 20, 33, 22, 43, 30, 23, 30, 3, 28, 29, 3, 41, 21, 18, 31, 22, 25)","(15, 21, 16, 27, 26, 32, 51, 39, 22, 39, 4, 20, 32, 5, 34, 20, 20, 22, 27, 19)",296,296,False,0.0
767,weakly_correlated,20,254,"(47, 7, 14, 19, 23, 40, 31, 21, 17, 34, 35, 29, 34, 9, 46, 47, 21, 14, 8, 13)","(40, 16, 18, 13, 31, 43, 31, 28, 14, 38, 29, 31, 36, 13, 37, 57, 11, 16, 16, 23)",313,323,True,0.030959752321981424
768,weakly_correlated,20,186,"(6, 30, 15, 10, 1, 3, 8, 44, 45, 3, 38, 20, 13, 12, 44, 6, 12, 23, 11, 27)","(9, 29, 20, 18, 4, 5, 7, 42, 55, 6, 44, 26, 19, 4, 52, 1, 8, 33, 9, 24)",247,247,False,0.0
769,weakly_correlated,20,238,"(1, 40, 7, 1, 33, 45, 14, 28, 37, 16, 44, 38, 31, 37, 5, 30, 18, 20, 22, 10)","(3, 50, 12, 9, 28, 37, 22, 18, 46, 7, 53, 33, 36, 35, 5, 36, 21, 21, 15, 8)",301,301,False,0.0
770,weakly_correlated,20,352,"(25, 50, 50, 48, 22, 38, 42, 26, 48, 23, 39, 48, 42, 2, 32, 37, 31, 47, 18, 37)","(20, 54, 44, 39, 13, 44, 38, 29, 56, 25, 37, 42, 49, 1, 27, 41, 27, 53, 14, 35)",389,389,False,0.0
771,weakly_correlated,20,262,"(25, 12, 25, 20, 37, 35, 25, 1, 49, 6, 20, 33, 20, 45, 28, 28, 8, 36, 21, 49)","(19, 16, 17, 19, 31, 36, 34, 1, 39, 16, 28, 31, 14, 47, 24, 23, 7, 39, 12, 52)",295,300,True,0.016666666666666666
772,weakly_correlated,20,191,"(7, 44, 13, 21, 18, 12, 21, 44, 29, 2, 14, 7, 22, 35, 33, 7, 1, 39, 12, 1)","(11, 35, 7, 26, 9, 4, 19, 39, 28, 5, 19, 14, 20, 40, 40, 15, 5, 44, 12, 3)",238,242,True,0.01652892561983471
773,weakly_correlated,20,306,"(12, 44, 46, 36, 46, 44, 40, 17, 29, 41, 8, 18, 40, 8, 46, 44, 26, 26, 18, 23)","(17, 45, 46, 41, 50, 39, 32, 10, 23, 37, 8, 11, 37, 16, 54, 39, 26, 22, 25, 19)",328,339,True,0.032448377581120944
774,weakly_correlated,20,262,"(20, 8, 29, 15, 42, 42, 7, 36, 21, 43, 33, 26, 38, 37, 43, 5, 11, 41, 7, 21)","(10, 16, 24, 13, 46, 47, 6, 45, 25, 37, 33, 18, 37, 39, 43, 13, 18, 32, 14, 30)",312,318,True,0.018867924528301886
775,weakly_correlated,20,249,"(32, 11, 28, 2, 9, 43, 39, 34, 37, 49, 19, 19, 13, 20, 24, 44, 10, 6, 38, 21)","(22, 21, 31, 1, 11, 52, 45, 27, 42, 41, 24, 23, 8, 24, 24, 43, 19, 14, 32, 14)",307,308,True,0.003246753246753247
776,weakly_correlated,20,262,"(29, 47, 8, 1, 40, 48, 44, 38, 2, 15, 3, 26, 6, 44, 50, 4, 48, 24, 34, 12)","(38, 50, 16, 10, 44, 51, 51, 44, 10, 25, 1, 21, 6, 42, 44, 8, 40, 19, 37, 5)",333,333,False,0.0
777,weakly_correlated,20,289,"(15, 29, 37, 22, 49, 29, 36, 39, 8, 45, 22, 48, 42, 22, 38, 7, 20, 9, 38, 23)","(19, 30, 35, 29, 40, 38, 38, 38, 4, 37, 15, 38, 50, 21, 36, 7, 26, 14, 29, 32)",325,335,True,0.029850746268656716
778,weakly_correlated,20,217,"(3, 9, 43, 27, 20, 40, 11, 42, 40, 6, 38, 3, 15, 13, 35, 10, 20, 22, 15, 22)","(6, 12, 39, 37, 25, 30, 11, 49, 33, 8, 40, 9, 19, 15, 25, 4, 29, 28, 10, 17)",265,273,True,0.029304029304029304
779,weakly_correlated,20,272,"(37, 12, 33, 15, 19, 32, 30, 42, 38, 48, 36, 13, 6, 43, 41, 20, 14, 28, 19, 19)","(44, 14, 29, 14, 14, 30, 39, 38, 47, 42, 34, 16, 7, 45, 36, 26, 5, 25, 24, 21)",313,313,False,0.0
780,weakly_correlated,20,262,"(13, 46, 30, 27, 8, 5, 36, 47, 12, 5, 24, 44, 42, 21, 20, 16, 23, 25, 38, 43)","(13, 41, 26, 30, 3, 11, 42, 37, 5, 11, 26, 51, 38, 15, 19, 23, 14, 23, 44, 47)",301,304,True,0.009868421052631578
781,weakly_correlated,20,234,"(14, 26, 21, 5, 7, 13, 29, 41, 17, 39, 26, 8, 10, 48, 10, 36, 8, 41, 28, 40)","(11, 20, 26, 5, 13, 16, 37, 41, 10, 33, 25, 18, 15, 55, 2, 42, 2, 38, 24, 43)",281,281,False,0.0
782,weakly_correlated,20,256,"(43, 17, 33, 30, 17, 19, 30, 13, 28, 11, 12, 43, 16, 46, 39, 12, 25, 23, 27, 28)","(36, 17, 34, 30, 15, 19, 25, 23, 30, 19, 22, 47, 18, 43, 29, 4, 19, 33, 30, 28)",303,305,True,0.006557377049180328
783,weakly_correlated,20,223,"(36, 14, 30, 18, 7, 36, 5, 42, 9, 20, 17, 27, 47, 6, 35, 4, 26, 1, 30, 36)","(45, 10, 32, 14, 4, 31, 11, 39, 16, 16, 21, 22, 42, 16, 33, 1, 23, 9, 35, 34)",266,266,False,0.0
784,weakly_correlated,20,234,"(28, 3, 16, 42, 22, 31, 28, 9, 16, 38, 26, 11, 50, 36, 29, 9, 19, 33, 9, 13)","(37, 5, 15, 41, 27, 32, 28, 1, 8, 38, 28, 20, 52, 39, 29, 16, 11, 33, 1, 18)",274,276,True,0.007246376811594203
785,weakly_correlated,20,254,"(33, 12, 45, 10, 39, 9, 26, 50, 45, 5, 4, 26, 26, 28, 36, 32, 26, 10, 31, 16)","(26, 14, 35, 19, 41, 9, 24, 60, 43, 3, 2, 36, 24, 34, 41, 37, 29, 19, 38, 23)",321,322,True,0.003105590062111801
786,weakly_correlated,20,236,"(24, 46, 42, 11, 47, 6, 21, 44, 11, 37, 20, 2, 20, 26, 12, 1, 38, 31, 30, 2)","(15, 44, 38, 19, 57, 4, 14, 51, 5, 31, 27, 11, 27, 27, 6, 8, 34, 28, 26, 9)",289,291,True,0.006872852233676976
787,weakly_correlated,20,256,"(20, 41, 10, 40, 17, 41, 12, 27, 1, 26, 39, 45, 34, 25, 23, 20, 10, 3, 44, 34)","(25, 46, 12, 32, 27, 46, 9, 35, 1, 35, 31, 49, 37, 25, 22, 12, 18, 13, 34, 25)",316,320,True,0.0125
788,weakly_correlated,20,326,"(38, 1, 12, 45, 34, 41, 21, 41, 26, 28, 49, 15, 38, 23, 41, 37, 42, 35, 47, 39)","(43, 6, 22, 39, 30, 36, 31, 38, 23, 36, 41, 5, 29, 29, 32, 38, 45, 30, 49, 37)",359,367,True,0.021798365122615803
789,weakly_correlated,20,232,"(31, 3, 9, 35, 34, 38, 14, 22, 23, 20, 42, 18, 15, 30, 14, 33, 43, 6, 6, 29)","(41, 8, 13, 34, 33, 44, 23, 21, 22, 21, 38, 25, 17, 39, 15, 28, 46, 15, 7, 32)",279,297,True,0.06060606060606061
790,weakly_correlated,20,263,"(41, 29, 32, 38, 17, 3, 19, 18, 8, 30, 41, 47, 41, 10, 13, 18, 39, 8, 25, 49)","(40, 21, 39, 32, 25, 5, 10, 18, 17, 21, 36, 55, 37, 16, 18, 12, 42, 8, 20, 55)",310,312,True,0.00641025641025641
791,weakly_correlated,20,271,"(44, 39, 14, 11, 34, 22, 15, 43, 19, 10, 34, 29, 42, 37, 1, 47, 25, 41, 31, 4)","(40, 29, 9, 14, 24, 21, 24, 41, 14, 9, 41, 36, 34, 37, 1, 55, 21, 32, 30, 13)",302,306,True,0.013071895424836602
792,weakly_correlated,20,276,"(37, 50, 33, 28, 9, 6, 13, 7, 21, 22, 47, 15, 33, 19, 24, 45, 50, 23, 36, 33)","(43, 53, 26, 34, 3, 11, 21, 7, 26, 13, 53, 20, 26, 23, 24, 44, 58, 22, 40, 28)",329,329,False,0.0
793,weakly_correlated,20,312,"(40, 7, 45, 17, 38, 13, 44, 42, 36, 36, 36, 37, 38, 45, 42, 24, 10, 6, 33, 35)","(38, 1, 49, 21, 34, 15, 48, 35, 37, 41, 29, 44, 39, 49, 51, 15, 4, 2, 37, 30)",355,355,False,0.0
794,weakly_correlated,20,283,"(20, 34, 20, 27, 3, 40, 16, 46, 38, 13, 36, 46, 39, 3, 38, 38, 48, 10, 20, 31)","(15, 26, 23, 19, 1, 50, 17, 36, 31, 5, 34, 47, 34, 6, 39, 39, 57, 4, 30, 29)",313,315,True,0.006349206349206349
795,weakly_correlated,20,245,"(26, 32, 19, 50, 22, 13, 2, 9, 25, 14, 2, 45, 3, 42, 26, 31, 39, 48, 39, 3)","(30, 27, 18, 46, 19, 22, 7, 6, 16, 21, 12, 49, 11, 47, 23, 33, 30, 49, 46, 4)",300,302,True,0.006622516556291391
796,weakly_correlated,20,272,"(36, 31, 40, 28, 29, 31, 4, 39, 27, 38, 49, 6, 33, 17, 18, 1, 31, 37, 18, 32)","(40, 38, 42, 31, 35, 21, 11, 43, 17, 29, 49, 10, 25, 20, 13, 5, 31, 46, 23, 25)",315,324,True,0.027777777777777776
797,weakly_correlated,20,273,"(39, 9, 31, 31, 1, 18, 44, 8, 49, 33, 35, 49, 13, 50, 26, 8, 29, 12, 39, 22)","(41, 3, 39, 37, 11, 19, 49, 11, 49, 24, 28, 45, 4, 49, 26, 15, 24, 12, 45, 13)",316,317,True,0.0031545741324921135
798,weakly_correlated,20,227,"(27, 28, 27, 18, 6, 10, 38, 21, 24, 18, 21, 13, 41, 35, 24, 35, 32, 14, 7, 15)","(25, 19, 24, 22, 16, 6, 38, 18, 22, 10, 16, 20, 32, 26, 21, 43, 31, 13, 6, 16)",246,248,True,0.008064516129032258
799,weakly_correlated,20,201,"(13, 25, 1, 12, 2, 1, 24, 47, 9, 44, 5, 40, 35, 1, 25, 7, 47, 23, 27, 14)","(23, 30, 11, 14, 3, 1, 28, 48, 16, 52, 11, 43, 25, 10, 16, 6, 48, 23, 17, 24)",272,274,True,0.0072992700729927005
800,weakly_correlated,20,258,"(43, 38, 31, 50, 21, 32, 40, 4, 10, 23, 12, 20, 23, 11, 30, 15, 46, 45, 12, 10)","(48, 29, 35, 56, 12, 28, 36, 9, 18, 26, 13, 20, 14, 6, 38, 8, 36, 51, 9, 20)",314,314,False,0.0
801,weakly_correlated,20,308,"(7, 23, 50, 7, 40, 9, 34, 31, 41, 45, 19, 49, 22, 41, 40, 46, 32, 19, 25, 36)","(7, 16, 55, 16, 32, 11, 30, 25, 40, 53, 12, 44, 20, 47, 49, 54, 36, 25, 27, 37)",353,362,True,0.024861878453038673
802,weakly_correlated,20,286,"(36, 36, 21, 12, 43, 25, 36, 35, 11, 34, 50, 21, 34, 31, 27, 35, 20, 29, 35, 2)","(30, 37, 20, 13, 48, 17, 41, 41, 17, 25, 50, 27, 26, 23, 19, 32, 27, 20, 36, 12)",319,332,True,0.0391566265060241
803,weakly_correlated,20,222,"(7, 32, 27, 16, 16, 39, 10, 1, 10, 10, 2, 25, 13, 30, 49, 29, 22, 43, 20, 43)","(6, 38, 20, 10, 13, 47, 18, 1, 17, 12, 1, 33, 15, 30, 53, 26, 26, 38, 11, 44)",267,267,False,0.0
804,weakly_correlated,20,248,"(31, 6, 2, 16, 24, 39, 24, 44, 13, 27, 40, 5, 42, 46, 3, 3, 23, 24, 39, 45)","(35, 11, 2, 11, 15, 39, 14, 50, 19, 35, 34, 13, 49, 50, 3, 10, 26, 30, 48, 35)",307,311,True,0.012861736334405145
805,weakly_correlated,20,290,"(32, 5, 18, 30, 47, 22, 32, 47, 50, 32, 44, 31, 44, 13, 22, 44, 15, 16, 13, 23)","(29, 12, 9, 34, 55, 26, 30, 39, 54, 36, 44, 34, 41, 9, 17, 52, 5, 14, 15, 15)",332,332,False,0.0
806,weakly_correlated,20,212,"(30, 37, 35, 40, 15, 6, 31, 27, 16, 34, 15, 5, 5, 13, 5, 34, 22, 13, 8, 34)","(20, 36, 35, 39, 19, 16, 32, 25, 9, 25, 11, 15, 1, 16, 13, 25, 15, 6, 18, 28)",250,250,False,0.0
807,weakly_correlated,20,252,"(24, 49, 15, 12, 10, 11, 7, 29, 35, 50, 21, 9, 26, 32, 32, 43, 4, 23, 30, 41)","(17, 44, 14, 19, 2, 13, 5, 30, 32, 57, 18, 14, 16, 29, 33, 38, 12, 24, 32, 50)",289,290,True,0.0034482758620689655
808,weakly_correlated,20,274,"(24, 42, 47, 29, 23, 32, 35, 12, 18, 45, 3, 7, 34, 37, 5, 38, 3, 36, 40, 37)","(28, 41, 41, 26, 25, 29, 45, 2, 10, 46, 10, 7, 32, 47, 11, 44, 1, 31, 37, 43)",316,322,True,0.018633540372670808
809,weakly_correlated,20,290,"(4, 12, 20, 30, 29, 18, 24, 15, 13, 21, 37, 11, 41, 39, 39, 49, 48, 46, 50, 33)","(7, 21, 30, 27, 20, 13, 14, 20, 3, 13, 37, 9, 31, 32, 34, 40, 54, 37, 51, 35)",316,316,False,0.0
810,weakly_correlated,20,306,"(46, 30, 11, 17, 42, 5, 29, 33, 48, 46, 49, 10, 41, 40, 48, 3, 16, 10, 47, 40)","(54, 21, 21, 13, 45, 4, 28, 38, 51, 47, 40, 16, 38, 38, 40, 7, 13, 19, 52, 42)",358,358,False,0.0
811,weakly_correlated,20,215,"(6, 34, 28, 16, 7, 17, 21, 19, 16, 25, 7, 3, 19, 33, 32, 19, 40, 47, 6, 35)","(6, 40, 19, 7, 11, 22, 29, 16, 8, 28, 4, 6, 16, 35, 25, 10, 47, 53, 9, 42)",259,260,True,0.0038461538461538464
812,weakly_correlated,20,280,"(3, 40, 23, 49, 14, 15, 14, 25, 33, 50, 39, 5, 34, 50, 13, 47, 9, 33, 15, 50)","(7, 39, 33, 48, 10, 18, 6, 26, 33, 51, 46, 6, 33, 43, 10, 46, 9, 28, 25, 55)",319,320,True,0.003125
813,weakly_correlated,20,218,"(9, 39, 25, 17, 2, 22, 26, 46, 6, 18, 16, 41, 35, 1, 28, 2, 47, 7, 45, 4)","(1, 48, 27, 12, 9, 12, 23, 45, 11, 9, 26, 38, 30, 5, 18, 11, 52, 17, 35, 12)",275,279,True,0.014336917562724014
814,weakly_correlated,20,292,"(39, 9, 41, 22, 27, 34, 6, 41, 48, 27, 44, 19, 25, 33, 14, 15, 27, 37, 38, 38)","(33, 8, 31, 17, 22, 38, 15, 44, 46, 23, 35, 23, 27, 37, 10, 5, 32, 30, 42, 41)",324,324,False,0.0
815,weakly_correlated,20,205,"(1, 3, 20, 31, 34, 6, 13, 27, 4, 29, 17, 35, 20, 7, 29, 23, 10, 39, 27, 35)","(5, 10, 20, 24, 42, 7, 11, 22, 6, 20, 26, 30, 14, 9, 34, 21, 6, 34, 31, 27)",236,238,True,0.008403361344537815
816,weakly_correlated,20,224,"(11, 7, 31, 4, 24, 18, 25, 42, 47, 21, 48, 10, 3, 32, 3, 15, 35, 24, 28, 19)","(20, 14, 23, 5, 20, 27, 21, 50, 40, 16, 51, 20, 6, 26, 6, 14, 30, 33, 37, 20)",289,290,True,0.0034482758620689655
817,weakly_correlated,20,213,"(9, 23, 17, 38, 17, 13, 10, 9, 25, 33, 7, 28, 12, 49, 42, 22, 23, 12, 36, 1)","(11, 19, 25, 37, 21, 4, 3, 6, 32, 34, 14, 32, 4, 53, 33, 14, 21, 3, 28, 3)",246,246,False,0.0
818,weakly_correlated,20,230,"(31, 21, 32, 35, 3, 26, 12, 17, 16, 49, 8, 43, 16, 5, 25, 7, 14, 49, 24, 27)","(38, 28, 24, 39, 10, 29, 2, 15, 22, 51, 9, 50, 18, 3, 33, 16, 20, 58, 30, 24)",285,297,True,0.04040404040404041
819,weakly_correlated,20,308,"(24, 9, 23, 45, 38, 47, 20, 14, 47, 30, 28, 13, 44, 25, 22, 37, 48, 18, 33, 50)","(19, 10, 17, 44, 36, 47, 28, 20, 45, 35, 33, 18, 47, 29, 28, 34, 45, 26, 36, 51)",361,361,False,0.0
820,weakly_correlated,20,216,"(14, 34, 8, 15, 37, 8, 22, 33, 20, 3, 30, 40, 41, 16, 29, 12, 28, 26, 11, 5)","(14, 39, 7, 13, 28, 7, 14, 43, 21, 6, 21, 47, 44, 14, 22, 19, 19, 24, 10, 2)",250,250,False,0.0
821,weakly_correlated,20,278,"(37, 32, 49, 15, 7, 41, 18, 46, 29, 47, 13, 46, 48, 1, 27, 34, 7, 25, 2, 33)","(47, 31, 50, 8, 13, 48, 16, 47, 29, 46, 13, 44, 41, 7, 17, 24, 17, 30, 8, 28)",325,327,True,0.0061162079510703364
822,weakly_correlated,20,252,"(8, 21, 47, 19, 48, 40, 28, 44, 19, 40, 40, 41, 8, 27, 9, 9, 34, 13, 4, 4)","(13, 16, 51, 22, 40, 36, 36, 34, 28, 35, 37, 41, 17, 29, 15, 18, 36, 17, 10, 11)",319,322,True,0.009316770186335404
823,weakly_correlated,20,250,"(22, 16, 6, 13, 24, 38, 45, 40, 44, 17, 50, 14, 7, 46, 42, 4, 37, 7, 20, 8)","(31, 11, 12, 9, 32, 33, 44, 50, 35, 17, 52, 12, 8, 41, 35, 3, 32, 8, 19, 18)",294,294,False,0.0
824,weakly_correlated,20,260,"(42, 35, 3, 4, 49, 5, 35, 44, 17, 12, 17, 27, 17, 26, 43, 50, 19, 36, 13, 27)","(36, 36, 3, 12, 39, 4, 32, 36, 26, 10, 24, 19, 18, 29, 33, 43, 28, 33, 15, 21)",270,285,True,0.05263157894736842
825,weakly_correlated,20,249,"(18, 48, 37, 41, 39, 3, 38, 38, 50, 44, 19, 1, 17, 34, 8, 5, 11, 2, 26, 19)","(28, 47, 30, 37, 35, 2, 38, 39, 48, 43, 18, 4, 22, 26, 7, 5, 17, 8, 16, 21)",279,279,False,0.0
826,weakly_correlated,20,181,"(36, 17, 23, 13, 1, 9, 17, 15, 9, 24, 22, 11, 6, 14, 9, 31, 32, 11, 29, 33)","(46, 22, 17, 22, 10, 8, 17, 9, 17, 25, 28, 11, 15, 24, 18, 29, 29, 17, 34, 42)",269,269,False,0.0
827,weakly_correlated,20,252,"(23, 32, 3, 32, 6, 26, 38, 34, 27, 24, 28, 20, 14, 22, 14, 27, 14, 31, 49, 41)","(21, 41, 9, 37, 13, 29, 30, 25, 24, 16, 31, 23, 4, 12, 14, 19, 10, 33, 55, 44)",296,296,False,0.0
828,weakly_correlated,20,239,"(13, 47, 15, 9, 33, 27, 16, 3, 21, 8, 33, 41, 45, 25, 8, 28, 47, 4, 20, 35)","(7, 39, 23, 12, 34, 31, 20, 2, 16, 18, 25, 38, 47, 17, 2, 28, 47, 1, 30, 38)",283,283,False,0.0
829,weakly_correlated,20,272,"(14, 31, 38, 20, 33, 34, 38, 6, 36, 26, 5, 34, 46, 46, 18, 2, 31, 24, 23, 38)","(13, 27, 28, 29, 24, 36, 44, 9, 34, 33, 2, 35, 42, 50, 17, 12, 24, 33, 30, 44)",333,333,False,0.0
830,weakly_correlated,20,302,"(7, 18, 29, 47, 41, 27, 41, 43, 27, 47, 29, 18, 30, 23, 13, 41, 46, 40, 7, 31)","(8, 16, 39, 37, 38, 20, 47, 42, 26, 40, 27, 16, 37, 28, 20, 46, 54, 32, 6, 41)",352,358,True,0.01675977653631285
831,weakly_correlated,20,280,"(11, 26, 10, 10, 33, 42, 1, 31, 47, 28, 7, 42, 12, 41, 34, 45, 50, 18, 26, 46)","(12, 36, 1, 8, 27, 39, 7, 24, 55, 35, 2, 34, 21, 41, 35, 38, 52, 9, 25, 50)",313,324,True,0.033950617283950615
832,weakly_correlated,20,255,"(47, 35, 33, 15, 39, 50, 10, 39, 8, 28, 9, 7, 31, 16, 15, 36, 27, 15, 3, 47)","(57, 35, 41, 17, 41, 43, 16, 39, 17, 35, 11, 6, 31, 25, 24, 31, 28, 23, 11, 39)",324,332,True,0.024096385542168676
833,weakly_correlated,20,212,"(37, 19, 37, 7, 32, 10, 20, 3, 24, 1, 39, 36, 8, 11, 18, 46, 32, 15, 5, 23)","(46, 20, 32, 16, 35, 16, 18, 13, 26, 3, 47, 32, 2, 9, 21, 56, 28, 10, 8, 33)",279,282,True,0.010638297872340425
834,weakly_correlated,20,280,"(19, 15, 12, 8, 50, 2, 32, 39, 26, 32, 44, 20, 31, 39, 36, 15, 48, 39, 8, 44)","(15, 23, 19, 10, 40, 11, 35, 36, 30, 42, 53, 25, 33, 49, 38, 7, 47, 35, 17, 40)",347,355,True,0.022535211267605635
835,weakly_correlated,20,280,"(40, 46, 24, 44, 22, 38, 20, 27, 47, 49, 41, 35, 48, 2, 6, 7, 34, 10, 7, 13)","(50, 42, 17, 54, 32, 46, 24, 35, 50, 42, 40, 45, 41, 12, 14, 11, 32, 17, 13, 10)",363,369,True,0.016260162601626018
836,weakly_correlated,20,259,"(27, 36, 45, 1, 8, 23, 16, 45, 45, 6, 10, 27, 3, 43, 8, 36, 11, 47, 45, 36)","(17, 46, 38, 2, 17, 26, 6, 49, 40, 8, 19, 32, 8, 44, 3, 28, 12, 52, 42, 29)",300,313,True,0.04153354632587859
837,weakly_correlated,20,264,"(36, 29, 37, 38, 16, 40, 8, 49, 38, 11, 42, 14, 11, 16, 37, 43, 25, 2, 34, 3)","(34, 22, 35, 32, 18, 46, 1, 53, 31, 18, 47, 21, 15, 26, 41, 46, 33, 9, 28, 9)",329,329,False,0.0
838,weakly_correlated,20,235,"(33, 21, 46, 5, 29, 46, 40, 18, 22, 1, 44, 38, 1, 8, 16, 27, 34, 9, 27, 5)","(41, 29, 45, 9, 37, 48, 38, 23, 19, 9, 48, 46, 2, 7, 11, 22, 44, 8, 33, 11)",299,303,True,0.013201320132013201
839,weakly_correlated,20,270,"(40, 18, 14, 43, 15, 1, 31, 33, 2, 21, 50, 6, 44, 42, 32, 44, 28, 13, 36, 26)","(33, 28, 11, 45, 24, 5, 21, 23, 12, 12, 59, 7, 49, 43, 35, 52, 25, 12, 45, 26)",328,335,True,0.020895522388059702
840,weakly_correlated,20,240,"(14, 30, 30, 23, 46, 33, 31, 50, 2, 5, 12, 35, 15, 31, 7, 18, 28, 40, 9, 21)","(17, 37, 34, 20, 39, 35, 29, 43, 8, 6, 15, 41, 21, 36, 5, 24, 32, 42, 13, 22)",289,292,True,0.010273972602739725
841,weakly_correlated,20,272,"(37, 25, 37, 34, 41, 41, 27, 38, 39, 49, 8, 31, 9, 20, 5, 8, 1, 49, 5, 40)","(46, 21, 33, 36, 51, 45, 33, 48, 39, 55, 17, 34, 14, 18, 14, 11, 1, 58, 15, 44)",352,353,True,0.0028328611898017
842,weakly_correlated,20,242,"(5, 12, 6, 41, 6, 6, 7, 48, 33, 17, 19, 21, 49, 14, 26, 33, 46, 18, 42, 36)","(8, 20, 11, 50, 14, 4, 4, 42, 31, 21, 15, 21, 59, 10, 30, 29, 43, 19, 33, 31)",288,288,False,0.0
843,weakly_correlated,20,287,"(43, 34, 46, 36, 22, 30, 20, 9, 14, 32, 16, 42, 28, 29, 36, 33, 46, 1, 27, 30)","(49, 24, 49, 43, 16, 29, 22, 5, 6, 28, 9, 42, 33, 29, 37, 31, 38, 4, 18, 40)",319,319,False,0.0
844,weakly_correlated,20,254,"(42, 35, 7, 33, 23, 38, 21, 45, 20, 1, 18, 33, 8, 42, 11, 41, 20, 8, 27, 34)","(48, 32, 9, 36, 32, 39, 22, 38, 15, 11, 21, 27, 17, 45, 2, 47, 11, 17, 19, 30)",305,313,True,0.025559105431309903
845,weakly_correlated,20,224,"(4, 42, 35, 38, 4, 43, 29, 24, 30, 26, 25, 5, 27, 31, 15, 2, 13, 32, 15, 9)","(5, 34, 29, 35, 3, 47, 24, 22, 20, 26, 29, 9, 31, 26, 20, 3, 8, 39, 24, 7)",258,258,False,0.0
846,weakly_correlated,20,263,"(7, 32, 12, 12, 25, 48, 45, 1, 21, 21, 3, 28, 9, 35, 44, 50, 22, 48, 24, 39)","(4, 27, 10, 6, 30, 41, 41, 6, 12, 19, 2, 21, 13, 40, 42, 46, 22, 41, 30, 44)",283,283,False,0.0
847,weakly_correlated,20,243,"(25, 12, 50, 20, 7, 32, 36, 22, 42, 13, 27, 31, 3, 8, 48, 35, 22, 10, 33, 10)","(27, 19, 58, 13, 9, 39, 41, 23, 42, 5, 27, 39, 6, 16, 55, 38, 28, 12, 38, 7)",302,302,False,0.0
848,weakly_correlated,20,250,"(29, 7, 20, 35, 23, 38, 9, 4, 37, 43, 13, 17, 31, 46, 29, 46, 28, 18, 11, 15)","(32, 1, 26, 25, 28, 43, 7, 9, 28, 36, 8, 15, 28, 53, 21, 51, 30, 26, 3, 11)",290,290,False,0.0
849,weakly_correlated,20,240,"(1, 4, 43, 22, 12, 3, 20, 42, 17, 16, 15, 9, 47, 37, 44, 32, 28, 35, 41, 11)","(11, 14, 42, 12, 10, 9, 30, 52, 20, 16, 10, 18, 38, 40, 47, 27, 36, 30, 47, 14)",307,318,True,0.03459119496855346
850,weakly_correlated,20,250,"(32, 6, 8, 6, 24, 40, 28, 23, 50, 39, 41, 11, 50, 36, 6, 14, 28, 23, 20, 14)","(36, 15, 10, 2, 23, 37, 37, 22, 52, 31, 37, 12, 44, 41, 10, 19, 37, 15, 21, 21)",304,304,False,0.0
851,weakly_correlated,20,291,"(38, 45, 30, 27, 50, 15, 37, 46, 23, 29, 45, 47, 16, 2, 36, 14, 29, 16, 27, 10)","(40, 44, 33, 37, 47, 10, 28, 50, 13, 34, 51, 38, 21, 10, 28, 5, 24, 23, 25, 8)",332,335,True,0.008955223880597015
852,weakly_correlated,20,230,"(40, 28, 29, 50, 37, 26, 7, 38, 13, 31, 10, 6, 2, 32, 29, 23, 20, 19, 15, 4)","(31, 33, 30, 59, 34, 24, 17, 38, 10, 27, 12, 12, 12, 35, 30, 16, 21, 11, 13, 6)",277,277,False,0.0
853,weakly_correlated,20,290,"(26, 19, 22, 49, 48, 48, 44, 40, 24, 25, 43, 14, 8, 37, 10, 27, 11, 45, 39, 2)","(25, 20, 15, 44, 40, 53, 37, 44, 33, 17, 44, 13, 6, 39, 9, 21, 18, 39, 45, 2)",323,323,False,0.0
854,weakly_correlated,20,250,"(49, 22, 36, 31, 35, 40, 45, 18, 1, 18, 40, 18, 45, 3, 16, 38, 31, 3, 1, 11)","(50, 28, 45, 40, 43, 31, 52, 14, 5, 24, 31, 19, 49, 11, 18, 28, 21, 8, 11, 7)",318,318,False,0.0
855,weakly_correlated,20,296,"(16, 11, 48, 8, 18, 34, 49, 50, 50, 29, 48, 41, 16, 21, 31, 2, 15, 10, 46, 48)","(14, 21, 55, 4, 26, 44, 53, 46, 45, 30, 45, 48, 9, 11, 25, 12, 6, 11, 47, 54)",354,357,True,0.008403361344537815
856,weakly_correlated,20,276,"(14, 50, 3, 39, 18, 32, 8, 40, 43, 35, 43, 48, 27, 6, 39, 12, 11, 18, 37, 30)","(11, 57, 13, 33, 25, 35, 13, 36, 41, 26, 35, 40, 36, 15, 47, 11, 15, 15, 32, 40)",337,343,True,0.01749271137026239
857,weakly_correlated,20,290,"(31, 43, 31, 47, 30, 46, 19, 21, 14, 42, 35, 49, 2, 46, 11, 28, 39, 30, 4, 13)","(34, 39, 35, 44, 27, 54, 26, 29, 10, 40, 28, 47, 6, 43, 15, 34, 29, 30, 8, 22)",340,340,False,0.0
858,weakly_correlated,20,235,"(34, 6, 11, 44, 30, 12, 9, 15, 40, 42, 43, 25, 16, 4, 4, 22, 23, 44, 44, 2)","(40, 12, 14, 39, 35, 17, 14, 9, 42, 37, 48, 26, 10, 6, 12, 25, 25, 35, 46, 7)",281,288,True,0.024305555555555556
859,weakly_correlated,20,250,"(37, 8, 41, 4, 9, 30, 50, 1, 27, 43, 17, 39, 17, 49, 11, 21, 12, 17, 35, 32)","(34, 3, 50, 8, 19, 23, 48, 3, 27, 50, 21, 44, 25, 40, 13, 12, 18, 24, 27, 39)",314,314,False,0.0
860,weakly_correlated,20,304,"(9, 43, 6, 34, 47, 45, 35, 31, 39, 35, 45, 39, 25, 48, 2, 1, 15, 47, 16, 46)","(5, 35, 12, 43, 46, 53, 44, 28, 33, 43, 43, 34, 20, 54, 9, 2, 24, 41, 8, 53)",365,365,False,0.0
861,weakly_correlated,20,290,"(29, 44, 2, 50, 47, 42, 6, 39, 29, 19, 44, 19, 38, 16, 43, 25, 13, 21, 25, 30)","(33, 35, 3, 44, 51, 33, 5, 42, 21, 23, 42, 25, 32, 8, 34, 35, 10, 22, 35, 20)",326,326,False,0.0
862,weakly_correlated,20,270,"(37, 41, 5, 9, 33, 49, 14, 21, 19, 35, 44, 13, 22, 15, 19, 50, 14, 50, 37, 13)","(33, 47, 14, 5, 43, 41, 12, 25, 14, 45, 46, 20, 27, 7, 14, 56, 12, 44, 36, 22)",335,335,False,0.0
863,weakly_correlated,20,240,"(38, 35, 42, 19, 5, 14, 16, 1, 50, 21, 14, 19, 2, 25, 20, 40, 25, 15, 34, 45)","(36, 38, 50, 29, 4, 21, 6, 9, 55, 16, 10, 21, 9, 34, 14, 44, 18, 12, 29, 49)",288,300,True,0.04
864,weakly_correlated,20,237,"(20, 2, 44, 10, 1, 23, 18, 25, 12, 39, 13, 34, 49, 2, 22, 18, 33, 40, 23, 46)","(25, 6, 40, 3, 3, 32, 17, 33, 4, 38, 20, 30, 43, 4, 27, 28, 31, 46, 31, 40)",293,296,True,0.010135135135135136
865,weakly_correlated,20,278,"(26, 36, 29, 2, 2, 29, 9, 13, 38, 16, 42, 50, 46, 45, 11, 30, 38, 33, 35, 27)","(32, 26, 39, 5, 12, 37, 12, 18, 35, 19, 47, 50, 44, 42, 5, 27, 30, 34, 27, 35)",340,340,False,0.0
866,weakly_correlated,20,230,"(8, 2, 23, 25, 23, 5, 13, 49, 43, 43, 22, 2, 18, 48, 41, 26, 27, 9, 8, 25)","(7, 3, 13, 18, 20, 12, 16, 50, 47, 41, 32, 5, 15, 47, 32, 19, 18, 17, 6, 19)",256,259,True,0.011583011583011582
867,weakly_correlated,20,288,"(50, 41, 23, 39, 17, 2, 17, 32, 44, 13, 38, 23, 22, 35, 46, 27, 6, 35, 44, 23)","(44, 45, 19, 45, 15, 12, 8, 42, 51, 11, 33, 29, 25, 37, 52, 17, 3, 39, 42, 32)",342,347,True,0.01440922190201729
868,weakly_correlated,20,266,"(26, 22, 33, 5, 32, 2, 47, 5, 7, 44, 17, 40, 48, 49, 2, 8, 41, 31, 45, 29)","(20, 29, 23, 4, 28, 11, 42, 8, 14, 50, 18, 44, 58, 40, 11, 14, 33, 25, 54, 28)",315,331,True,0.04833836858006042
869,weakly_correlated,20,226,"(27, 16, 15, 35, 12, 1, 12, 25, 41, 36, 16, 50, 21, 37, 19, 49, 18, 12, 7, 4)","(29, 25, 19, 25, 5, 8, 5, 28, 42, 29, 7, 50, 20, 42, 9, 48, 14, 14, 11, 3)",255,259,True,0.015444015444015444
870,weakly_correlated,20,277,"(16, 29, 24, 39, 26, 39, 13, 42, 32, 47, 24, 5, 14, 39, 9, 43, 41, 7, 35, 30)","(20, 20, 23, 39, 23, 43, 18, 44, 22, 54, 28, 2, 20, 35, 13, 45, 49, 15, 44, 33)",337,337,False,0.0
871,weakly_correlated,20,306,"(23, 8, 47, 21, 45, 24, 26, 44, 44, 33, 33, 22, 33, 43, 47, 9, 40, 19, 20, 32)","(30, 15, 40, 19, 43, 18, 26, 48, 54, 37, 25, 13, 41, 42, 48, 1, 30, 26, 14, 39)",357,358,True,0.002793296089385475
872,weakly_correlated,20,287,"(36, 9, 28, 43, 50, 15, 45, 37, 18, 8, 32, 44, 38, 12, 36, 4, 25, 43, 49, 2)","(41, 13, 33, 51, 60, 5, 50, 47, 15, 3, 35, 39, 36, 20, 39, 14, 21, 48, 50, 3)",345,353,True,0.0226628895184136
873,weakly_correlated,20,230,"(10, 47, 41, 24, 23, 27, 49, 14, 13, 17, 24, 6, 45, 6, 3, 20, 38, 13, 8, 31)","(19, 46, 42, 14, 29, 17, 47, 13, 17, 17, 31, 13, 40, 9, 8, 23, 32, 9, 18, 34)",282,283,True,0.0035335689045936395
874,weakly_correlated,20,152,"(34, 23, 2, 9, 6, 1, 7, 26, 7, 32, 2, 43, 8, 21, 7, 24, 2, 20, 19, 12)","(29, 24, 2, 13, 11, 9, 7, 34, 9, 42, 9, 36, 1, 27, 7, 33, 12, 26, 13, 10)",227,227,False,0.0
875,weakly_correlated,20,290,"(33, 48, 27, 15, 31, 23, 35, 15, 47, 40, 49, 41, 5, 43, 17, 5, 10, 45, 30, 21)","(31, 48, 36, 24, 23, 27, 39, 8, 38, 35, 40, 50, 8, 50, 10, 1, 19, 55, 40, 19)",356,359,True,0.008356545961002786
876,weakly_correlated,20,238,"(46, 47, 30, 3, 6, 13, 20, 32, 33, 32, 26, 47, 46, 9, 2, 1, 31, 9, 41, 2)","(36, 45, 33, 2, 1, 21, 28, 26, 25, 33, 30, 43, 51, 13, 5, 1, 23, 11, 44, 2)",274,274,False,0.0
877,weakly_correlated,20,214,"(15, 12, 17, 39, 1, 24, 48, 31, 13, 1, 11, 12, 37, 43, 21, 9, 7, 28, 50, 10)","(18, 17, 26, 47, 8, 29, 39, 25, 12, 9, 17, 13, 42, 41, 13, 18, 9, 23, 43, 15)",280,280,False,0.0
878,weakly_correlated,20,254,"(35, 19, 26, 6, 15, 43, 6, 26, 24, 42, 4, 16, 29, 24, 47, 18, 29, 28, 30, 42)","(43, 19, 29, 6, 23, 41, 11, 20, 23, 38, 2, 23, 34, 34, 48, 12, 38, 18, 37, 38)",309,314,True,0.01592356687898089
879,weakly_correlated,20,252,"(5, 35, 10, 13, 21, 18, 38, 12, 45, 4, 28, 29, 2, 30, 40, 29, 48, 43, 38, 17)","(13, 36, 1, 7, 14, 19, 28, 15, 49, 14, 36, 25, 11, 35, 36, 35, 39, 41, 29, 17)",294,304,True,0.03289473684210526
880,weakly_correlated,20,258,"(7, 47, 43, 13, 9, 18, 3, 41, 6, 50, 42, 41, 43, 21, 19, 6, 32, 23, 10, 43)","(3, 45, 52, 21, 13, 27, 2, 40, 13, 60, 44, 50, 35, 20, 17, 6, 33, 25, 10, 49)",318,320,True,0.00625
881,weakly_correlated,20,230,"(43, 11, 42, 43, 26, 19, 9, 8, 34, 3, 11, 20, 34, 30, 17, 19, 8, 38, 3, 42)","(43, 15, 36, 50, 33, 9, 7, 10, 43, 6, 19, 10, 43, 28, 19, 10, 11, 39, 10, 45)",287,289,True,0.006920415224913495
882,weakly_correlated,20,283,"(1, 21, 41, 35, 33, 40, 10, 20, 38, 27, 19, 38, 10, 35, 29, 44, 28, 39, 21, 37)","(11, 15, 51, 40, 36, 42, 13, 16, 41, 33, 9, 35, 6, 45, 30, 42, 31, 47, 17, 35)",337,342,True,0.014619883040935672
883,weakly_correlated,20,244,"(36, 11, 37, 6, 41, 19, 41, 44, 2, 4, 16, 5, 40, 8, 46, 4, 43, 36, 14, 36)","(29, 11, 43, 12, 48, 28, 49, 43, 3, 5, 24, 15, 44, 12, 37, 2, 51, 32, 14, 36)",303,310,True,0.02258064516129032
884,weakly_correlated,20,236,"(44, 48, 11, 36, 45, 27, 2, 4, 12, 31, 33, 2, 6, 42, 41, 6, 28, 27, 14, 12)","(36, 53, 20, 35, 36, 26, 11, 2, 4, 27, 38, 11, 7, 48, 49, 11, 20, 29, 15, 19)",298,298,False,0.0
885,weakly_correlated,20,222,"(24, 4, 19, 6, 5, 19, 37, 41, 8, 13, 7, 3, 22, 28, 47, 43, 16, 48, 29, 24)","(27, 13, 22, 11, 3, 12, 30, 48, 17, 20, 3, 13, 14, 38, 50, 42, 10, 58, 35, 31)",294,300,True,0.02
886,weakly_correlated,20,260,"(13, 36, 8, 20, 31, 39, 1, 35, 43, 12, 41, 36, 4, 11, 23, 13, 39, 48, 46, 21)","(19, 39, 8, 15, 23, 32, 2, 43, 33, 16, 44, 38, 1, 12, 33, 22, 49, 45, 39, 28)",316,317,True,0.0031545741324921135
887,weakly_correlated,20,278,"(32, 32, 13, 40, 7, 46, 17, 47, 22, 15, 5, 31, 38, 50, 35, 42, 18, 32, 14, 19)","(34, 28, 14, 47, 16, 52, 22, 55, 17, 7, 4, 41, 33, 54, 31, 51, 11, 35, 14, 25)",337,337,False,0.0
888,weakly_correlated,20,248,"(6, 38, 32, 41, 35, 12, 46, 49, 28, 25, 1, 34, 24, 16, 17, 8, 19, 11, 16, 39)","(14, 42, 34, 42, 38, 14, 48, 59, 26, 32, 10, 44, 26, 16, 14, 10, 29, 15, 12, 36)",307,315,True,0.025396825396825397
889,weakly_correlated,20,284,"(41, 48, 40, 12, 12, 38, 11, 23, 32, 5, 47, 5, 27, 43, 50, 26, 33, 5, 49, 22)","(50, 45, 32, 19, 9, 31, 4, 32, 39, 2, 57, 1, 33, 38, 54, 18, 39, 3, 56, 19)",337,340,True,0.008823529411764706
890,weakly_correlated,20,231,"(4, 20, 18, 50, 28, 21, 38, 4, 10, 44, 44, 37, 32, 1, 29, 8, 27, 6, 28, 13)","(14, 19, 24, 40, 20, 22, 43, 9, 20, 45, 43, 30, 40, 5, 33, 17, 26, 10, 23, 17)",299,299,False,0.0
891,weakly_correlated,20,214,"(41, 18, 16, 4, 14, 27, 39, 37, 24, 12, 10, 4, 16, 2, 5, 31, 4, 31, 45, 48)","(43, 24, 13, 8, 15, 32, 35, 47, 33, 17, 1, 13, 21, 3, 7, 22, 8, 39, 37, 48)",280,280,False,0.0
892,weakly_correlated,20,268,"(15, 43, 29, 14, 42, 50, 21, 39, 33, 38, 37, 40, 25, 5, 2, 3, 12, 39, 46, 2)","(14, 40, 32, 10, 39, 45, 31, 46, 30, 36, 29, 47, 34, 9, 12, 10, 19, 32, 53, 3)",332,336,True,0.011904761904761904
893,weakly_correlated,20,261,"(33, 14, 30, 46, 29, 13, 23, 8, 48, 35, 21, 21, 29, 19, 45, 15, 30, 9, 43, 11)","(31, 15, 40, 38, 23, 17, 29, 11, 42, 40, 22, 14, 36, 23, 35, 24, 35, 12, 41, 4)",308,313,True,0.01597444089456869
894,weakly_correlated,20,268,"(29, 19, 14, 33, 40, 40, 20, 15, 14, 21, 10, 21, 39, 32, 50, 44, 9, 31, 14, 41)","(34, 20, 5, 34, 31, 31, 22, 23, 11, 22, 5, 19, 41, 27, 53, 48, 16, 40, 16, 34)",305,308,True,0.00974025974025974
895,weakly_correlated,20,270,"(42, 28, 36, 15, 45, 49, 40, 29, 24, 34, 35, 7, 4, 23, 4, 7, 45, 13, 30, 29)","(32, 25, 33, 20, 43, 53, 45, 34, 24, 44, 25, 5, 9, 27, 3, 11, 51, 11, 20, 29)",318,318,False,0.0
896,weakly_correlated,20,183,"(13, 8, 21, 44, 7, 19, 23, 22, 1, 41, 8, 4, 44, 39, 35, 6, 14, 10, 5, 2)","(21, 6, 31, 48, 9, 12, 18, 26, 4, 35, 16, 5, 51, 34, 34, 15, 16, 6, 1, 10)",239,247,True,0.032388663967611336
897,weakly_correlated,20,179,"(4, 4, 18, 18, 6, 10, 5, 27, 17, 28, 5, 35, 5, 6, 41, 33, 9, 40, 24, 23)","(13, 13, 20, 20, 11, 9, 5, 36, 27, 33, 3, 45, 3, 14, 47, 23, 19, 33, 26, 28)",259,259,False,0.0
898,weakly_correlated,20,229,"(27, 6, 2, 31, 3, 35, 38, 19, 24, 32, 41, 16, 4, 48, 24, 31, 7, 9, 12, 49)","(21, 11, 12, 28, 3, 40, 30, 26, 18, 25, 41, 18, 4, 45, 24, 21, 11, 14, 10, 52)",266,266,False,0.0
899,weakly_correlated,20,276,"(9, 48, 46, 22, 19, 17, 38, 21, 47, 10, 45, 1, 7, 42, 42, 23, 31, 36, 46, 1)","(3, 56, 43, 14, 21, 21, 45, 11, 55, 1, 51, 1, 5, 52, 37, 24, 31, 37, 38, 5)",315,323,True,0.02476780185758514
900,weakly_correlated,20,270,"(40, 24, 43, 45, 47, 4, 29, 36, 34, 25, 37, 30, 22, 23, 34, 6, 12, 13, 13, 24)","(37, 17, 35, 42, 47, 3, 26, 39, 33, 22, 30, 36, 30, 14, 30, 16, 9, 6, 17, 25)",288,294,True,0.02040816326530612
901,weakly_correlated,20,346,"(28, 8, 25, 18, 49, 32, 44, 30, 39, 45, 33, 20, 44, 46, 40, 43, 27, 31, 44, 46)","(27, 5, 30, 18, 59, 34, 47, 40, 47, 37, 26, 22, 37, 47, 33, 33, 34, 38, 43, 45)",398,398,False,0.0
902,weakly_correlated,20,255,"(18, 41, 31, 38, 44, 35, 13, 10, 20, 39, 44, 18, 43, 11, 20, 18, 14, 20, 3, 30)","(28, 43, 23, 32, 54, 43, 19, 17, 20, 48, 48, 24, 38, 20, 23, 18, 17, 15, 1, 35)",329,329,False,0.0
903,weakly_correlated,20,252,"(3, 42, 19, 12, 13, 26, 6, 17, 42, 8, 24, 20, 49, 18, 41, 31, 42, 34, 49, 9)","(11, 34, 23, 19, 9, 28, 8, 21, 43, 3, 29, 19, 40, 10, 43, 26, 49, 36, 45, 12)",288,294,True,0.02040816326530612
904,weakly_correlated,20,244,"(46, 19, 26, 45, 27, 50, 3, 6, 2, 9, 31, 32, 9, 17, 13, 39, 49, 46, 4, 14)","(55, 25, 35, 36, 32, 56, 8, 13, 8, 11, 35, 37, 10, 8, 22, 36, 41, 37, 1, 23)",315,317,True,0.006309148264984227
905,weakly_correlated,20,240,"(44, 23, 31, 2, 25, 43, 3, 26, 26, 37, 8, 37, 50, 3, 8, 16, 9, 20, 27, 41)","(45, 30, 40, 3, 19, 51, 9, 27, 19, 46, 17, 41, 43, 9, 2, 26, 2, 18, 20, 33)",301,303,True,0.006600660066006601
906,weakly_correlated,20,277,"(1, 38, 5, 46, 19, 22, 22, 27, 23, 48, 34, 42, 29, 27, 45, 50, 35, 2, 32, 7)","(5, 39, 13, 44, 21, 27, 28, 21, 18, 41, 25, 38, 33, 31, 43, 42, 25, 11, 40, 3)",313,317,True,0.012618296529968454
907,weakly_correlated,20,258,"(45, 4, 19, 31, 45, 13, 5, 46, 16, 27, 5, 40, 34, 15, 33, 19, 11, 43, 47, 17)","(47, 3, 18, 26, 40, 18, 3, 43, 7, 33, 3, 49, 37, 22, 30, 24, 21, 52, 40, 13)",309,309,False,0.0
908,weakly_correlated,20,218,"(42, 26, 49, 20, 23, 19, 36, 15, 10, 26, 11, 13, 45, 19, 18, 4, 17, 11, 24, 8)","(33, 21, 40, 30, 27, 13, 36, 9, 14, 31, 5, 22, 39, 26, 23, 13, 21, 8, 20, 8)",271,271,False,0.0
909,weakly_correlated,20,277,"(14, 42, 16, 49, 19, 44, 33, 16, 40, 47, 5, 40, 15, 10, 42, 5, 38, 24, 9, 46)","(16, 38, 6, 58, 21, 47, 38, 20, 43, 54, 11, 42, 9, 17, 33, 1, 47, 34, 2, 44)",326,338,True,0.03550295857988166
910,weakly_correlated,20,228,"(40, 29, 6, 20, 44, 9, 12, 13, 43, 44, 8, 22, 20, 25, 28, 1, 42, 25, 15, 9)","(49, 39, 9, 13, 48, 18, 8, 20, 34, 44, 15, 14, 12, 23, 25, 6, 50, 34, 16, 10)",298,298,False,0.0
911,weakly_correlated,20,260,"(30, 46, 9, 34, 45, 44, 5, 25, 46, 41, 20, 8, 17, 16, 17, 21, 29, 27, 30, 10)","(32, 48, 6, 31, 50, 38, 9, 21, 40, 32, 11, 13, 15, 22, 9, 16, 21, 26, 35, 11)",283,283,False,0.0
912,weakly_correlated,20,234,"(34, 13, 27, 11, 23, 3, 4, 12, 48, 38, 21, 47, 9, 33, 16, 36, 47, 4, 39, 3)","(33, 20, 37, 18, 13, 13, 11, 18, 55, 43, 14, 38, 1, 37, 20, 34, 41, 11, 33, 2)",299,300,True,0.0033333333333333335
913,weakly_correlated,20,219,"(7, 31, 44, 22, 25, 44, 12, 2, 33, 48, 13, 6, 7, 1, 1, 43, 46, 2, 10, 41)","(1, 39, 44, 24, 21, 43, 15, 1, 41, 51, 17, 16, 3, 1, 6, 41, 47, 6, 19, 47)",281,281,False,0.0
914,weakly_correlated,20,302,"(4, 48, 37, 22, 5, 42, 24, 44, 43, 23, 28, 22, 3, 37, 33, 46, 38, 46, 28, 32)","(5, 40, 32, 16, 14, 47, 31, 45, 38, 32, 18, 14, 6, 30, 40, 44, 36, 55, 26, 32)",351,351,False,0.0
915,weakly_correlated,20,129,"(12, 21, 4, 18, 31, 4, 18, 31, 12, 6, 4, 1, 10, 5, 1, 12, 33, 13, 12, 10)","(11, 26, 13, 21, 37, 5, 20, 21, 13, 9, 10, 11, 19, 7, 7, 3, 23, 17, 3, 10)",192,192,False,0.0
916,weakly_correlated,20,321,"(44, 43, 34, 36, 40, 39, 46, 9, 22, 2, 42, 47, 20, 50, 1, 48, 16, 43, 21, 39)","(52, 39, 27, 43, 46, 45, 44, 12, 27, 5, 46, 50, 15, 57, 4, 54, 22, 38, 13, 41)",367,375,True,0.021333333333333333
917,weakly_correlated,20,252,"(49, 33, 4, 42, 28, 39, 24, 25, 21, 26, 45, 40, 1, 12, 35, 12, 18, 15, 5, 31)","(55, 25, 2, 50, 30, 37, 17, 30, 14, 26, 54, 40, 2, 5, 32, 8, 9, 14, 5, 24)",276,280,True,0.014285714285714285
918,weakly_correlated,20,258,"(46, 30, 10, 48, 27, 25, 28, 27, 26, 40, 19, 46, 29, 10, 4, 29, 6, 1, 30, 34)","(56, 22, 12, 38, 18, 32, 32, 24, 36, 30, 20, 51, 39, 3, 14, 35, 5, 4, 29, 37)",316,322,True,0.018633540372670808
919,weakly_correlated,20,294,"(44, 48, 19, 36, 12, 35, 31, 26, 4, 41, 41, 21, 47, 17, 41, 6, 30, 21, 43, 26)","(50, 46, 16, 33, 6, 32, 24, 19, 11, 38, 32, 13, 44, 14, 38, 8, 29, 23, 40, 23)",289,296,True,0.02364864864864865
920,weakly_correlated,20,241,"(39, 27, 10, 12, 39, 47, 25, 31, 34, 36, 16, 3, 28, 38, 29, 10, 13, 19, 19, 7)","(39, 37, 11, 2, 45, 44, 31, 23, 24, 38, 12, 7, 23, 37, 39, 11, 12, 20, 11, 1)",278,279,True,0.0035842293906810036
921,weakly_correlated,20,278,"(23, 26, 39, 1, 43, 42, 3, 28, 39, 48, 46, 42, 6, 7, 34, 17, 24, 30, 14, 43)","(24, 18, 34, 4, 38, 44, 10, 24, 47, 48, 49, 45, 3, 4, 26, 24, 34, 31, 14, 51)",326,328,True,0.006097560975609756
922,weakly_correlated,20,252,"(4, 32, 14, 45, 19, 8, 19, 15, 28, 28, 47, 10, 36, 13, 13, 41, 40, 44, 38, 9)","(9, 28, 6, 42, 19, 5, 19, 15, 22, 25, 57, 9, 30, 16, 13, 42, 31, 47, 37, 15)",266,277,True,0.039711191335740074
923,weakly_correlated,20,266,"(31, 39, 36, 44, 45, 6, 50, 29, 29, 15, 7, 41, 32, 4, 2, 36, 14, 30, 3, 38)","(25, 40, 45, 34, 48, 4, 54, 25, 39, 23, 13, 45, 36, 9, 2, 44, 6, 40, 13, 32)",334,335,True,0.0029850746268656717
924,weakly_correlated,20,266,"(37, 30, 45, 42, 41, 3, 13, 38, 12, 36, 29, 29, 5, 18, 9, 20, 32, 5, 44, 45)","(37, 22, 47, 40, 33, 6, 13, 31, 3, 39, 32, 23, 7, 11, 3, 20, 30, 12, 49, 41)",285,289,True,0.01384083044982699
925,weakly_correlated,20,263,"(6, 46, 48, 4, 50, 10, 7, 36, 4, 30, 38, 48, 16, 1, 47, 43, 19, 4, 21, 48)","(2, 44, 50, 14, 49, 19, 3, 38, 7, 23, 48, 53, 24, 4, 40, 43, 19, 5, 29, 51)",316,323,True,0.021671826625386997
926,weakly_correlated,20,216,"(42, 9, 12, 2, 50, 39, 21, 16, 14, 10, 48, 13, 50, 20, 19, 6, 4, 4, 24, 30)","(45, 12, 21, 9, 40, 42, 16, 9, 13, 5, 54, 19, 41, 25, 27, 11, 13, 12, 18, 35)",285,285,False,0.0
927,weakly_correlated,20,212,"(41, 6, 13, 25, 2, 43, 13, 15, 27, 16, 16, 7, 49, 36, 43, 10, 3, 25, 3, 30)","(35, 4, 12, 27, 1, 44, 9, 23, 30, 23, 21, 1, 56, 27, 38, 6, 5, 20, 5, 33)",245,247,True,0.008097165991902834
928,weakly_correlated,20,292,"(20, 35, 50, 50, 15, 40, 14, 18, 22, 37, 39, 10, 47, 50, 9, 9, 28, 38, 35, 17)","(23, 29, 44, 55, 14, 47, 7, 25, 17, 32, 42, 14, 37, 49, 6, 17, 19, 47, 45, 26)",355,355,False,0.0
929,weakly_correlated,20,237,"(13, 5, 19, 39, 38, 23, 18, 38, 16, 14, 23, 33, 19, 39, 10, 47, 3, 41, 2, 34)","(19, 14, 11, 43, 48, 22, 9, 39, 14, 16, 30, 29, 13, 30, 4, 39, 4, 33, 5, 32)",272,272,False,0.0
930,weakly_correlated,20,284,"(34, 31, 49, 18, 36, 15, 32, 11, 40, 50, 38, 8, 21, 7, 17, 22, 38, 44, 47, 10)","(26, 29, 57, 26, 40, 13, 28, 14, 45, 49, 31, 10, 30, 7, 17, 22, 33, 54, 51, 7)",334,334,False,0.0
931,weakly_correlated,20,260,"(28, 44, 37, 15, 26, 33, 22, 19, 25, 6, 12, 42, 6, 29, 43, 24, 48, 9, 34, 17)","(30, 51, 41, 14, 21, 40, 19, 20, 28, 14, 16, 51, 7, 33, 47, 32, 57, 7, 37, 14)",315,316,True,0.0031645569620253164
932,weakly_correlated,20,234,"(34, 44, 41, 27, 8, 12, 7, 34, 14, 14, 15, 7, 23, 38, 24, 37, 23, 14, 32, 20)","(27, 50, 47, 21, 1, 2, 5, 27, 13, 14, 22, 14, 20, 28, 28, 39, 22, 6, 22, 10)",255,257,True,0.007782101167315175
933,weakly_correlated,20,249,"(34, 12, 33, 43, 39, 9, 23, 43, 36, 2, 1, 27, 26, 10, 25, 16, 38, 50, 11, 20)","(42, 19, 23, 35, 35, 11, 15, 34, 39, 9, 3, 33, 35, 5, 28, 12, 35, 45, 13, 22)",289,290,True,0.0034482758620689655
934,weakly_correlated,20,266,"(30, 1, 5, 17, 22, 45, 11, 10, 41, 45, 44, 44, 35, 21, 46, 24, 24, 15, 3, 48)","(27, 1, 15, 11, 29, 46, 20, 12, 34, 43, 46, 48, 41, 28, 41, 33, 30, 9, 2, 58)",328,331,True,0.00906344410876133
935,weakly_correlated,20,260,"(44, 25, 22, 33, 31, 30, 37, 32, 50, 13, 3, 46, 7, 31, 6, 33, 8, 18, 45, 7)","(48, 16, 17, 32, 34, 32, 41, 26, 59, 10, 3, 47, 14, 35, 14, 32, 14, 28, 53, 2)",312,316,True,0.012658227848101266
936,weakly_correlated,20,282,"(10, 12, 40, 8, 46, 14, 30, 42, 24, 43, 46, 50, 5, 18, 14, 18, 38, 49, 43, 13)","(14, 3, 36, 16, 54, 16, 33, 43, 20, 41, 42, 48, 5, 27, 17, 28, 39, 58, 52, 11)",334,344,True,0.029069767441860465
937,weakly_correlated,20,302,"(35, 41, 40, 37, 35, 33, 10, 32, 44, 43, 45, 14, 1, 37, 46, 37, 24, 3, 43, 4)","(29, 33, 43, 34, 38, 27, 10, 28, 34, 38, 42, 23, 2, 42, 38, 32, 33, 3, 51, 2)",323,327,True,0.012232415902140673
938,weakly_correlated,20,290,"(29, 24, 41, 48, 22, 8, 36, 23, 42, 4, 17, 44, 16, 39, 8, 40, 33, 41, 34, 30)","(34, 31, 36, 48, 26, 4, 30, 23, 35, 8, 11, 38, 23, 35, 8, 46, 41, 44, 32, 39)",340,340,False,0.0
939,weakly_correlated,20,223,"(7, 15, 22, 2, 44, 49, 18, 43, 40, 37, 30, 1, 8, 44, 5, 20, 13, 26, 19, 3)","(5, 12, 15, 11, 44, 41, 24, 53, 40, 37, 26, 10, 2, 51, 8, 17, 19, 27, 19, 3)",269,272,True,0.011029411764705883
940,weakly_correlated,20,242,"(23, 1, 43, 46, 47, 4, 4, 38, 8, 49, 4, 34, 26, 4, 4, 49, 10, 36, 11, 42)","(21, 2, 42, 55, 55, 10, 2, 43, 2, 55, 2, 44, 28, 4, 10, 47, 18, 46, 2, 40)",293,302,True,0.029801324503311258
941,weakly_correlated,20,287,"(23, 35, 48, 40, 3, 48, 22, 39, 7, 14, 39, 37, 39, 32, 39, 7, 26, 35, 5, 36)","(29, 37, 51, 40, 12, 48, 19, 44, 3, 4, 37, 34, 33, 28, 31, 4, 25, 28, 2, 42)",310,314,True,0.012738853503184714
942,weakly_correlated,20,332,"(26, 46, 39, 32, 4, 31, 24, 41, 48, 45, 19, 20, 43, 49, 50, 25, 20, 39, 42, 22)","(22, 42, 37, 41, 14, 37, 31, 48, 50, 51, 13, 20, 38, 56, 60, 32, 30, 29, 48, 27)",396,411,True,0.0364963503649635
943,weakly_correlated,20,294,"(35, 35, 45, 29, 33, 18, 26, 36, 29, 29, 6, 49, 30, 18, 26, 15, 43, 41, 12, 34)","(32, 29, 40, 33, 32, 13, 17, 36, 26, 39, 7, 53, 32, 25, 28, 9, 39, 40, 4, 25)",319,319,False,0.0
944,weakly_correlated,20,244,"(1, 33, 24, 23, 36, 38, 49, 21, 12, 28, 38, 1, 14, 13, 9, 38, 23, 32, 41, 15)","(6, 40, 15, 25, 45, 29, 45, 23, 3, 20, 45, 4, 11, 16, 10, 40, 19, 27, 49, 20)",286,290,True,0.013793103448275862
945,weakly_correlated,20,260,"(28, 45, 13, 13, 31, 37, 19, 25, 35, 23, 30, 16, 40, 7, 43, 19, 46, 14, 24, 12)","(28, 55, 10, 7, 35, 42, 11, 28, 39, 13, 36, 24, 40, 6, 51, 13, 52, 5, 19, 15)",310,310,False,0.0
946,weakly_correlated,20,244,"(3, 42, 32, 22, 6, 41, 38, 41, 7, 11, 1, 4, 38, 14, 20, 43, 23, 22, 34, 47)","(12, 40, 31, 17, 6, 41, 35, 33, 10, 1, 10, 1, 44, 18, 26, 38, 25, 14, 35, 39)",275,277,True,0.007220216606498195
947,weakly_correlated,20,262,"(13, 23, 7, 31, 49, 18, 10, 46, 15, 45, 9, 49, 18, 48, 28, 14, 20, 21, 40, 19)","(11, 29, 6, 31, 40, 19, 12, 54, 5, 45, 14, 59, 10, 44, 24, 13, 27, 28, 38, 19)",305,306,True,0.0032679738562091504
948,weakly_correlated,20,252,"(34, 50, 39, 6, 22, 10, 46, 18, 15, 23, 18, 29, 46, 46, 8, 12, 42, 29, 11, 1)","(35, 40, 31, 14, 32, 10, 42, 10, 5, 29, 18, 38, 47, 37, 7, 2, 52, 27, 21, 7)",310,310,False,0.0
949,weakly_correlated,20,246,"(22, 42, 18, 18, 31, 37, 1, 18, 25, 14, 11, 20, 45, 34, 25, 22, 29, 5, 46, 28)","(23, 42, 27, 28, 38, 37, 3, 8, 18, 16, 15, 11, 55, 27, 27, 19, 36, 7, 46, 32)",295,304,True,0.029605263157894735
950,weakly_correlated,20,236,"(14, 45, 14, 4, 2, 28, 14, 30, 49, 3, 42, 22, 3, 43, 22, 47, 16, 32, 11, 31)","(10, 48, 18, 6, 3, 27, 13, 35, 40, 1, 36, 24, 13, 41, 14, 45, 11, 24, 14, 36)",266,266,False,0.0
951,weakly_correlated,20,236,"(49, 17, 20, 27, 1, 24, 9, 8, 3, 41, 15, 38, 40, 14, 3, 21, 10, 43, 46, 44)","(44, 15, 13, 23, 7, 17, 11, 3, 5, 45, 13, 43, 31, 24, 7, 13, 8, 37, 40, 37)",254,254,False,0.0
952,weakly_correlated,20,165,"(8, 30, 3, 3, 3, 1, 25, 17, 18, 9, 3, 17, 45, 5, 20, 28, 9, 47, 24, 15)","(2, 26, 3, 12, 8, 7, 16, 10, 8, 15, 7, 22, 50, 1, 30, 20, 14, 45, 15, 8)",214,214,False,0.0
953,weakly_correlated,20,248,"(1, 25, 45, 16, 4, 45, 25, 6, 12, 3, 43, 19, 49, 40, 19, 27, 38, 3, 32, 45)","(4, 23, 48, 8, 10, 52, 32, 10, 12, 4, 43, 18, 47, 49, 10, 31, 31, 6, 35, 44)",293,295,True,0.006779661016949152
954,weakly_correlated,20,244,"(12, 4, 44, 35, 19, 37, 23, 10, 49, 14, 18, 37, 3, 6, 37, 21, 28, 20, 38, 32)","(20, 12, 39, 34, 28, 27, 29, 3, 42, 15, 15, 45, 6, 3, 38, 29, 18, 20, 42, 35)",299,300,True,0.0033333333333333335
955,weakly_correlated,20,264,"(43, 30, 40, 10, 32, 1, 32, 6, 10, 17, 17, 45, 40, 20, 34, 6, 44, 38, 22, 41)","(46, 28, 42, 18, 32, 9, 42, 2, 20, 15, 23, 50, 39, 25, 42, 10, 54, 33, 30, 32)",340,344,True,0.011627906976744186
956,weakly_correlated,20,262,"(44, 10, 48, 46, 39, 17, 30, 21, 37, 47, 8, 34, 2, 37, 1, 39, 6, 5, 25, 29)","(46, 14, 52, 38, 37, 15, 39, 31, 38, 45, 7, 44, 4, 29, 5, 48, 12, 9, 35, 36)",336,336,False,0.0
957,weakly_correlated,20,296,"(30, 50, 18, 27, 45, 48, 14, 37, 2, 28, 22, 23, 30, 33, 47, 3, 48, 20, 19, 48)","(25, 46, 19, 33, 38, 58, 22, 41, 4, 31, 27, 23, 39, 30, 43, 9, 50, 19, 22, 58)",363,363,False,0.0
958,weakly_correlated,20,242,"(21, 31, 28, 32, 39, 38, 30, 11, 12, 29, 8, 32, 22, 13, 13, 22, 23, 3, 43, 34)","(30, 28, 30, 22, 34, 45, 30, 7, 18, 28, 10, 25, 21, 9, 10, 20, 21, 1, 43, 30)",262,262,False,0.0
959,weakly_correlated,20,210,"(31, 8, 25, 5, 46, 5, 44, 1, 35, 1, 12, 12, 18, 48, 32, 7, 37, 8, 6, 38)","(27, 14, 22, 9, 55, 7, 53, 11, 39, 5, 12, 21, 22, 55, 27, 6, 47, 2, 1, 46)",275,283,True,0.028268551236749116
960,weakly_correlated,20,244,"(25, 12, 19, 46, 49, 31, 36, 23, 5, 17, 15, 14, 48, 14, 10, 10, 13, 31, 50, 20)","(32, 3, 25, 48, 48, 36, 35, 32, 12, 12, 13, 16, 53, 24, 7, 20, 10, 41, 55, 28)",319,321,True,0.006230529595015576
961,weakly_correlated,20,228,"(42, 4, 27, 17, 23, 9, 25, 36, 28, 47, 3, 15, 12, 25, 33, 41, 4, 14, 14, 37)","(48, 2, 34, 11, 25, 10, 30, 39, 36, 48, 3, 6, 16, 30, 28, 50, 9, 18, 4, 40)",281,281,False,0.0
962,weakly_correlated,20,239,"(17, 42, 29, 9, 13, 37, 17, 37, 3, 3, 19, 38, 38, 5, 40, 24, 27, 20, 35, 25)","(25, 52, 29, 13, 13, 47, 7, 34, 5, 8, 9, 30, 33, 15, 50, 26, 20, 14, 27, 19)",290,292,True,0.00684931506849315
963,weakly_correlated,20,276,"(35, 14, 48, 23, 17, 10, 19, 50, 30, 12, 5, 45, 43, 36, 35, 23, 36, 23, 11, 38)","(34, 9, 38, 33, 25, 10, 29, 43, 30, 7, 14, 41, 37, 41, 37, 31, 36, 13, 17, 44)",327,337,True,0.02967359050445104
964,weakly_correlated,20,296,"(33, 36, 5, 14, 45, 2, 38, 34, 33, 37, 30, 20, 23, 26, 39, 6, 50, 44, 33, 44)","(36, 43, 4, 20, 50, 2, 29, 27, 28, 40, 22, 25, 29, 33, 44, 15, 55, 35, 23, 44)",352,354,True,0.005649717514124294
965,weakly_correlated,20,274,"(15, 21, 45, 47, 49, 13, 23, 39, 31, 13, 32, 21, 45, 44, 9, 20, 1, 44, 2, 33)","(20, 25, 43, 45, 51, 22, 27, 36, 32, 9, 23, 24, 48, 38, 14, 20, 4, 47, 7, 42)",321,325,True,0.012307692307692308
966,weakly_correlated,20,242,"(3, 43, 32, 30, 22, 40, 4, 5, 11, 1, 21, 48, 11, 18, 21, 28, 49, 50, 23, 23)","(6, 51, 32, 32, 32, 39, 9, 5, 13, 3, 29, 42, 19, 12, 13, 25, 46, 41, 28, 33)",292,301,True,0.029900332225913623
967,weakly_correlated,20,236,"(34, 14, 36, 34, 2, 7, 9, 35, 10, 37, 26, 12, 36, 26, 13, 5, 39, 13, 36, 49)","(27, 17, 28, 25, 7, 10, 19, 36, 20, 45, 36, 7, 38, 19, 12, 13, 47, 20, 28, 56)",309,311,True,0.006430868167202572
968,weakly_correlated,20,220,"(7, 50, 41, 14, 19, 37, 1, 34, 7, 14, 7, 45, 9, 9, 43, 16, 22, 30, 25, 9)","(10, 58, 32, 17, 18, 31, 6, 37, 9, 15, 17, 38, 7, 4, 50, 12, 29, 27, 22, 18)",273,275,True,0.007272727272727273
969,weakly_correlated,20,194,"(25, 6, 6, 3, 36, 25, 33, 46, 26, 6, 29, 35, 13, 15, 17, 32, 3, 9, 9, 13)","(32, 10, 13, 4, 39, 33, 42, 41, 24, 11, 33, 40, 15, 6, 25, 40, 4, 10, 12, 3)",251,259,True,0.03088803088803089
970,weakly_correlated,20,250,"(19, 7, 13, 21, 42, 15, 20, 2, 38, 47, 28, 17, 37, 42, 28, 34, 12, 28, 40, 9)","(12, 5, 3, 12, 38, 18, 21, 11, 45, 39, 22, 17, 29, 52, 38, 36, 11, 21, 48, 6)",297,297,False,0.0
971,weakly_correlated,20,243,"(17, 45, 11, 5, 15, 43, 24, 9, 4, 22, 41, 35, 31, 27, 30, 39, 13, 27, 13, 35)","(14, 43, 3, 3, 11, 39, 14, 3, 13, 25, 34, 43, 26, 28, 27, 46, 19, 23, 5, 42)",276,276,False,0.0
972,weakly_correlated,20,272,"(47, 35, 14, 28, 39, 21, 28, 49, 29, 38, 15, 22, 15, 6, 26, 30, 12, 9, 33, 49)","(40, 38, 16, 26, 36, 29, 21, 42, 19, 40, 21, 12, 21, 16, 34, 27, 11, 4, 27, 58)",314,320,True,0.01875
973,weakly_correlated,20,298,"(10, 4, 46, 50, 37, 30, 5, 24, 41, 36, 10, 35, 33, 15, 27, 34, 49, 41, 28, 41)","(20, 7, 44, 48, 30, 34, 2, 15, 33, 42, 1, 42, 30, 7, 32, 26, 39, 50, 25, 46)",336,342,True,0.017543859649122806
974,weakly_correlated,20,268,"(22, 39, 38, 26, 26, 19, 20, 45, 42, 39, 42, 38, 6, 3, 4, 24, 24, 50, 28, 2)","(28, 48, 28, 31, 23, 20, 12, 54, 40, 35, 40, 30, 12, 7, 4, 16, 23, 52, 21, 6)",308,308,False,0.0
975,weakly_correlated,20,256,"(32, 42, 36, 20, 17, 36, 4, 47, 41, 21, 38, 5, 21, 18, 38, 13, 28, 11, 44, 1)","(23, 50, 27, 12, 27, 44, 9, 38, 39, 27, 36, 13, 15, 25, 41, 10, 28, 5, 41, 2)",305,307,True,0.006514657980456026
976,weakly_correlated,20,270,"(22, 46, 19, 38, 49, 16, 39, 17, 34, 44, 31, 25, 1, 47, 35, 8, 28, 2, 18, 21)","(18, 37, 26, 43, 49, 25, 29, 27, 38, 35, 38, 19, 9, 47, 31, 13, 35, 7, 19, 19)",329,333,True,0.012012012012012012
977,weakly_correlated,20,270,"(41, 42, 20, 43, 3, 16, 40, 13, 42, 24, 14, 37, 14, 23, 5, 49, 16, 37, 36, 26)","(32, 49, 20, 51, 12, 26, 38, 6, 50, 22, 17, 33, 7, 28, 4, 47, 20, 44, 42, 20)",321,331,True,0.030211480362537766
978,weakly_correlated,20,248,"(38, 49, 26, 35, 13, 39, 11, 13, 40, 17, 24, 47, 15, 24, 7, 34, 17, 26, 20, 1)","(32, 41, 23, 38, 13, 44, 3, 9, 40, 10, 21, 41, 21, 26, 8, 25, 19, 27, 30, 3)",272,277,True,0.018050541516245487
979,weakly_correlated,20,285,"(30, 14, 24, 43, 6, 46, 2, 39, 32, 32, 45, 10, 18, 40, 45, 21, 3, 31, 39, 50)","(25, 7, 19, 36, 5, 53, 6, 36, 34, 24, 38, 16, 10, 40, 46, 17, 6, 32, 47, 60)",322,322,False,0.0
980,weakly_correlated,20,253,"(28, 12, 18, 43, 19, 8, 48, 21, 10, 44, 16, 40, 21, 23, 28, 39, 22, 35, 18, 13)","(27, 8, 17, 46, 19, 2, 43, 17, 5, 51, 10, 32, 19, 19, 35, 48, 20, 28, 23, 13)",279,281,True,0.0071174377224199285
981,weakly_correlated,20,232,"(15, 9, 24, 7, 30, 35, 12, 20, 31, 47, 23, 39, 22, 43, 4, 2, 37, 44, 7, 14)","(6, 12, 29, 12, 34, 40, 7, 11, 25, 41, 22, 39, 14, 33, 14, 11, 47, 46, 7, 11)",284,284,False,0.0
982,weakly_correlated,20,232,"(33, 24, 31, 6, 40, 41, 4, 16, 22, 13, 28, 34, 30, 16, 39, 17, 17, 6, 24, 22)","(26, 16, 29, 9, 46, 40, 1, 6, 14, 15, 30, 24, 33, 19, 45, 20, 25, 8, 33, 32)",285,285,False,0.0
983,weakly_correlated,20,238,"(43, 49, 25, 38, 25, 34, 38, 17, 9, 7, 13, 9, 5, 32, 20, 16, 29, 28, 6, 34)","(49, 55, 32, 46, 15, 41, 31, 22, 2, 13, 9, 8, 3, 26, 26, 26, 33, 19, 14, 24)",302,302,False,0.0
984,weakly_correlated,20,219,"(47, 7, 9, 40, 23, 34, 17, 15, 16, 17, 12, 36, 7, 18, 10, 28, 43, 16, 16, 27)","(57, 16, 3, 41, 13, 40, 18, 24, 10, 16, 3, 30, 8, 17, 20, 19, 49, 15, 24, 17)",273,279,True,0.021505376344086023
985,weakly_correlated,20,245,"(22, 24, 32, 38, 19, 10, 20, 33, 35, 6, 34, 23, 5, 22, 26, 25, 12, 34, 25, 45)","(18, 14, 35, 33, 12, 9, 23, 25, 29, 16, 32, 26, 8, 12, 33, 18, 14, 39, 35, 48)",286,287,True,0.003484320557491289
986,weakly_correlated,20,244,"(8, 24, 5, 31, 41, 16, 26, 21, 14, 21, 29, 2, 48, 49, 49, 29, 28, 11, 26, 9)","(3, 19, 10, 36, 45, 11, 34, 11, 4, 13, 27, 4, 54, 43, 57, 21, 21, 11, 25, 8)",276,278,True,0.007194244604316547
987,weakly_correlated,20,264,"(35, 50, 34, 2, 18, 15, 42, 21, 9, 49, 44, 50, 38, 30, 14, 32, 3, 30, 12, 1)","(41, 60, 25, 1, 9, 7, 38, 23, 2, 55, 38, 41, 30, 35, 20, 24, 11, 31, 22, 3)",309,310,True,0.0032258064516129032
988,weakly_correlated,20,236,"(20, 7, 16, 20, 3, 26, 39, 35, 25, 40, 36, 11, 19, 34, 44, 30, 7, 48, 10, 2)","(29, 4, 8, 19, 7, 28, 42, 34, 34, 36, 33, 1, 20, 29, 48, 35, 15, 38, 8, 4)",281,281,False,0.0
989,weakly_correlated,20,270,"(6, 20, 28, 46, 11, 6, 27, 21, 24, 39, 40, 12, 18, 19, 48, 19, 44, 43, 24, 46)","(5, 18, 19, 39, 7, 10, 31, 21, 20, 35, 43, 12, 17, 19, 46, 25, 44, 47, 16, 47)",284,290,True,0.020689655172413793
990,weakly_correlated,20,308,"(33, 47, 19, 18, 33, 35, 23, 50, 44, 38, 40, 33, 33, 34, 7, 8, 14, 37, 36, 35)","(24, 45, 17, 27, 24, 29, 21, 55, 54, 42, 31, 37, 23, 36, 16, 11, 16, 36, 45, 30)",360,360,False,0.0
991,weakly_correlated,20,282,"(10, 42, 19, 12, 30, 10, 45, 46, 36, 41, 31, 49, 39, 8, 26, 22, 37, 10, 27, 23)","(15, 37, 17, 6, 38, 12, 41, 48, 45, 49, 26, 39, 37, 9, 23, 19, 41, 3, 34, 28)",325,329,True,0.0121580547112462
992,weakly_correlated,20,215,"(13, 1, 19, 46, 7, 28, 8, 3, 22, 50, 42, 30, 38, 45, 21, 4, 6, 25, 1, 21)","(14, 6, 28, 47, 11, 30, 9, 7, 31, 53, 43, 34, 36, 50, 18, 9, 9, 19, 4, 29)",271,276,True,0.018115942028985508
993,weakly_correlated,20,238,"(4, 10, 22, 38, 24, 17, 40, 16, 20, 3, 15, 13, 37, 42, 6, 46, 22, 14, 49, 37)","(2, 18, 31, 35, 27, 16, 43, 14, 11, 1, 21, 15, 27, 51, 3, 37, 32, 5, 48, 46)",290,291,True,0.003436426116838488
994,weakly_correlated,20,242,"(9, 50, 42, 4, 9, 48, 45, 7, 1, 19, 17, 18, 29, 25, 27, 15, 32, 37, 42, 9)","(18, 52, 43, 9, 4, 47, 44, 4, 7, 12, 7, 16, 26, 18, 17, 20, 29, 44, 40, 2)",269,270,True,0.003703703703703704
995,weakly_correlated,20,216,"(12, 49, 28, 7, 22, 18, 48, 15, 41, 8, 11, 12, 3, 42, 10, 44, 27, 13, 6, 17)","(11, 46, 27, 17, 23, 11, 45, 18, 37, 8, 20, 7, 12, 44, 10, 52, 37, 4, 13, 7)",265,273,True,0.029304029304029304
996,weakly_correlated,20,270,"(29, 15, 7, 34, 31, 40, 40, 21, 39, 35, 38, 12, 2, 35, 50, 45, 27, 20, 18, 1)","(34, 8, 12, 24, 32, 50, 37, 16, 40, 36, 46, 18, 8, 35, 45, 48, 36, 29, 14, 1)",328,328,False,0.0
997,weakly_correlated,20,173,"(30, 20, 12, 13, 13, 7, 31, 1, 25, 13, 21, 2, 38, 48, 7, 3, 5, 14, 13, 30)","(34, 18, 13, 14, 5, 17, 34, 8, 15, 15, 27, 12, 28, 48, 14, 12, 13, 18, 20, 23)",251,251,False,0.0
998,weakly_correlated,20,334,"(11, 39, 31, 13, 47, 50, 50, 39, 49, 50, 41, 33, 49, 1, 2, 35, 43, 45, 2, 39)","(16, 46, 26, 20, 51, 45, 40, 40, 47, 48, 36, 37, 48, 2, 6, 38, 39, 36, 5, 41)",350,365,True,0.0410958904109589
999,weakly_correlated,20,290,"(44, 37, 35, 31, 42, 42, 7, 10, 37, 45, 26, 41, 5, 2, 42, 14, 44, 11, 36, 30)","(36, 45, 40, 25, 42, 52, 7, 9, 28, 43, 23, 43, 5, 4, 48, 9, 44, 3, 45, 31)",329,331,True,0.006042296072507553
0,similar_ratio,20,270,"(25, 27, 33, 20, 23, 14, 19, 7, 17, 35, 39, 20, 5, 44, 36, 28, 41, 36, 34, 36)","(51, 52, 66, 42, 46, 28, 37, 14, 36, 73, 81, 38, 10, 87, 69, 55, 85, 72, 66, 75)",555,557,True,0.003590664272890485
1,similar_ratio,20,261,"(9, 49, 8, 29, 25, 7, 25, 49, 45, 47, 38, 21, 2, 1, 25, 28, 34, 29, 36, 15)","(18, 94, 16, 58, 51, 14, 50, 101, 90, 97, 79, 40, 4, 2, 51, 57, 66, 61, 70, 31)",534,537,True,0.00558659217877095
2,similar_ratio,20,246,"(4, 24, 48, 20, 14, 38, 28, 47, 33, 35, 33, 3, 24, 21, 28, 34, 12, 2, 12, 33)","(8, 50, 99, 39, 28, 77, 57, 97, 69, 73, 64, 6, 48, 44, 58, 66, 23, 4, 23, 65)",508,509,True,0.0019646365422396855
3,similar_ratio,20,266,"(16, 9, 39, 38, 1, 31, 15, 46, 36, 41, 15, 34, 1, 5, 38, 50, 18, 47, 25, 28)","(32, 18, 78, 73, 2, 61, 29, 92, 72, 85, 30, 67, 2, 10, 73, 95, 36, 98, 51, 55)",540,540,False,0.0
4,similar_ratio,20,227,"(16, 47, 10, 2, 19, 49, 34, 18, 7, 2, 17, 13, 19, 47, 24, 39, 25, 12, 18, 36)","(31, 93, 19, 4, 39, 94, 68, 37, 14, 4, 35, 25, 38, 98, 46, 77, 50, 23, 35, 74)",461,462,True,0.0021645021645021645
5,similar_ratio,20,262,"(40, 23, 48, 34, 30, 16, 11, 31, 25, 37, 47, 18, 50, 49, 9, 29, 1, 1, 14, 11)","(78, 47, 97, 65, 62, 32, 21, 64, 50, 72, 91, 35, 99, 101, 18, 56, 2, 2, 29, 23)",527,533,True,0.01125703564727955
6,similar_ratio,20,286,"(37, 32, 3, 43, 49, 21, 18, 13, 27, 35, 13, 45, 17, 40, 28, 6, 27, 29, 49, 41)","(76, 66, 6, 87, 100, 43, 36, 27, 56, 71, 26, 93, 35, 81, 55, 12, 56, 59, 95, 84)",578,588,True,0.017006802721088437
7,similar_ratio,20,210,"(21, 26, 5, 7, 4, 14, 28, 16, 28, 37, 15, 38, 37, 4, 3, 9, 10, 37, 44, 38)","(44, 53, 10, 14, 8, 27, 56, 31, 54, 71, 30, 79, 75, 8, 6, 18, 20, 73, 85, 77)",424,428,True,0.009345794392523364
8,similar_ratio,20,275,"(15, 25, 46, 9, 33, 42, 32, 32, 26, 15, 45, 27, 25, 43, 5, 25, 4, 45, 42, 14)","(30, 48, 88, 18, 64, 80, 64, 64, 50, 31, 88, 54, 51, 84, 10, 48, 8, 86, 84, 28)",530,548,True,0.032846715328467155
9,similar_ratio,20,304,"(30, 18, 44, 33, 39, 36, 45, 25, 29, 28, 16, 9, 38, 45, 48, 19, 15, 27, 50, 14)","(61, 35, 84, 66, 75, 75, 86, 48, 61, 54, 31, 18, 73, 89, 100, 37, 31, 56, 98, 28)",620,620,False,0.0
10,similar_ratio,20,258,"(37, 31, 14, 32, 42, 3, 21, 48, 3, 9, 25, 44, 12, 43, 30, 16, 40, 38, 9, 20)","(71, 62, 28, 66, 87, 6, 40, 101, 6, 18, 50, 86, 24, 85, 62, 34, 79, 72, 17, 40)",520,530,True,0.018867924528301886
11,similar_ratio,20,297,"(29, 50, 33, 13, 33, 40, 7, 10, 45, 39, 29, 40, 40, 34, 3, 16, 50, 29, 13, 41)","(60, 100, 68, 25, 66, 82, 14, 19, 91, 82, 59, 81, 76, 65, 6, 32, 100, 59, 26, 80)",602,608,True,0.009868421052631578
12,similar_ratio,20,248,"(31, 34, 10, 24, 42, 45, 15, 43, 29, 22, 4, 13, 44, 44, 6, 4, 43, 6, 28, 8)","(61, 69, 20, 48, 87, 93, 30, 87, 57, 46, 8, 25, 91, 87, 11, 8, 86, 13, 59, 16)",508,512,True,0.0078125
13,similar_ratio,20,260,"(17, 44, 12, 43, 15, 12, 35, 48, 28, 44, 1, 10, 17, 48, 9, 17, 15, 49, 28, 28)","(33, 91, 24, 83, 30, 23, 72, 94, 54, 89, 2, 19, 35, 95, 19, 34, 30, 98, 57, 57)",529,529,False,0.0
14,similar_ratio,20,198,"(7, 49, 16, 17, 5, 20, 26, 8, 21, 17, 41, 10, 43, 11, 5, 22, 18, 25, 29, 7)","(14, 99, 31, 33, 10, 40, 51, 16, 41, 34, 83, 19, 87, 21, 10, 42, 35, 50, 60, 15)",394,402,True,0.01990049751243781
15,similar_ratio,20,275,"(14, 48, 16, 44, 45, 16, 30, 18, 23, 14, 21, 47, 15, 27, 30, 24, 21, 42, 50, 5)","(27, 92, 30, 85, 94, 31, 61, 36, 45, 29, 41, 94, 30, 54, 60, 48, 44, 84, 104, 10)",556,562,True,0.010676156583629894
16,similar_ratio,20,236,"(24, 19, 29, 43, 16, 1, 22, 48, 2, 39, 10, 43, 30, 41, 15, 24, 6, 28, 12, 19)","(48, 38, 55, 88, 32, 2, 45, 97, 4, 76, 21, 87, 60, 84, 31, 47, 12, 56, 25, 38)",480,482,True,0.004149377593360996
17,similar_ratio,20,338,"(34, 20, 19, 46, 43, 2, 48, 33, 41, 47, 36, 13, 46, 44, 35, 46, 20, 33, 31, 39)","(67, 42, 37, 94, 84, 4, 95, 68, 85, 93, 69, 25, 92, 85, 67, 93, 40, 69, 63, 75)",687,688,True,0.0014534883720930232
18,similar_ratio,20,277,"(12, 29, 13, 41, 31, 17, 45, 34, 12, 16, 13, 37, 44, 49, 14, 17, 26, 47, 23, 34)","(23, 57, 27, 82, 61, 33, 87, 69, 25, 31, 27, 74, 91, 101, 29, 32, 51, 93, 46, 66)",558,563,True,0.008880994671403197
19,similar_ratio,20,234,"(44, 34, 13, 34, 10, 7, 21, 7, 20, 40, 5, 8, 25, 5, 27, 38, 49, 29, 20, 33)","(84, 65, 26, 67, 20, 14, 44, 14, 38, 78, 10, 16, 52, 10, 51, 78, 101, 59, 40, 68)",476,480,True,0.008333333333333333
20,similar_ratio,20,230,"(47, 50, 10, 41, 7, 37, 2, 5, 21, 38, 14, 41, 22, 6, 32, 14, 3, 6, 45, 20)","(96, 104, 20, 85, 15, 77, 4, 10, 42, 76, 27, 85, 43, 12, 63, 28, 6, 12, 92, 41)",471,476,True,0.01050420168067227
21,similar_ratio,20,240,"(11, 27, 31, 31, 33, 34, 1, 38, 10, 15, 45, 48, 27, 3, 35, 8, 24, 48, 8, 2)","(22, 55, 64, 64, 64, 66, 2, 75, 21, 31, 86, 99, 55, 6, 70, 16, 46, 99, 16, 4)",494,494,False,0.0
22,similar_ratio,20,234,"(9, 40, 12, 48, 23, 6, 4, 39, 36, 28, 4, 2, 20, 12, 38, 47, 37, 21, 17, 26)","(18, 84, 24, 97, 47, 12, 8, 75, 73, 57, 8, 4, 40, 25, 76, 97, 71, 42, 33, 51)",480,480,False,0.0
23,similar_ratio,20,276,"(50, 6, 20, 34, 47, 29, 40, 2, 46, 2, 47, 50, 3, 43, 14, 24, 24, 19, 21, 31)","(104, 11, 40, 67, 91, 55, 80, 4, 92, 4, 93, 96, 6, 83, 29, 48, 50, 39, 42, 60)",549,559,True,0.017889087656529516
24,similar_ratio,20,280,"(46, 38, 11, 43, 46, 10, 19, 50, 30, 41, 34, 32, 29, 32, 6, 17, 11, 20, 42, 3)","(91, 74, 21, 88, 94, 21, 39, 95, 62, 79, 66, 66, 59, 67, 12, 35, 22, 38, 83, 6)",571,574,True,0.005226480836236934
25,similar_ratio,20,256,"(25, 1, 20, 3, 49, 20, 7, 8, 47, 33, 40, 12, 33, 7, 41, 39, 27, 44, 30, 26)","(51, 2, 41, 6, 96, 40, 14, 16, 97, 69, 79, 24, 66, 15, 83, 79, 53, 85, 57, 52)",513,523,True,0.019120458891013385
26,similar_ratio,20,308,"(48, 43, 39, 9, 49, 47, 33, 28, 48, 13, 2, 15, 14, 49, 24, 38, 48, 35, 33, 1)","(100, 83, 78, 18, 98, 96, 64, 59, 95, 27, 4, 29, 28, 102, 47, 72, 94, 70, 63, 2)",612,630,True,0.02857142857142857
27,similar_ratio,20,230,"(42, 18, 13, 17, 22, 26, 16, 5, 41, 6, 28, 48, 29, 1, 42, 9, 22, 15, 34, 26)","(84, 38, 25, 35, 43, 50, 32, 10, 83, 12, 58, 92, 61, 2, 84, 18, 44, 31, 66, 53)",467,471,True,0.008492569002123142
28,similar_ratio,20,256,"(8, 35, 12, 41, 27, 10, 9, 13, 16, 27, 21, 9, 33, 47, 18, 44, 13, 50, 44, 34)","(16, 71, 23, 82, 52, 20, 18, 25, 31, 57, 43, 17, 66, 96, 36, 88, 25, 98, 86, 68)",505,519,True,0.02697495183044316
29,similar_ratio,20,286,"(36, 39, 19, 23, 2, 7, 42, 23, 32, 39, 47, 11, 27, 44, 13, 28, 33, 27, 31, 49)","(69, 81, 36, 46, 4, 14, 82, 44, 63, 78, 91, 21, 55, 89, 26, 55, 68, 56, 62, 96)",579,580,True,0.0017241379310344827
30,similar_ratio,20,267,"(35, 40, 42, 17, 25, 6, 34, 16, 11, 39, 26, 42, 5, 16, 44, 28, 44, 36, 8, 20)","(72, 76, 87, 32, 51, 12, 71, 30, 23, 78, 54, 83, 10, 33, 86, 56, 86, 75, 16, 39)",544,550,True,0.01090909090909091
31,similar_ratio,20,224,"(1, 49, 44, 8, 46, 10, 3, 9, 47, 27, 38, 2, 26, 14, 24, 16, 14, 43, 4, 23)","(2, 97, 84, 16, 94, 21, 6, 18, 94, 52, 73, 4, 51, 28, 48, 31, 28, 86, 8, 44)",445,451,True,0.013303769401330377
32,similar_ratio,20,184,"(5, 10, 16, 47, 21, 4, 31, 1, 9, 32, 13, 13, 22, 34, 11, 28, 3, 15, 20, 32)","(10, 20, 32, 90, 42, 8, 61, 2, 18, 65, 27, 26, 42, 65, 22, 53, 6, 29, 41, 62)",348,370,True,0.05945945945945946
33,similar_ratio,20,262,"(37, 15, 18, 35, 12, 40, 21, 34, 19, 41, 27, 32, 48, 48, 18, 36, 16, 4, 19, 5)","(72, 31, 36, 73, 25, 84, 44, 68, 40, 78, 53, 67, 97, 98, 38, 74, 31, 8, 40, 10)",534,545,True,0.02018348623853211
34,similar_ratio,20,219,"(34, 2, 2, 24, 5, 20, 38, 10, 23, 50, 34, 4, 48, 4, 11, 41, 25, 14, 12, 37)","(67, 4, 4, 50, 10, 39, 76, 19, 47, 97, 65, 8, 96, 8, 22, 80, 49, 28, 24, 76)",429,443,True,0.03160270880361174
35,similar_ratio,20,208,"(36, 9, 10, 17, 48, 18, 46, 49, 1, 1, 32, 2, 32, 16, 6, 11, 31, 6, 37, 9)","(71, 18, 20, 34, 96, 37, 96, 94, 2, 2, 63, 4, 61, 34, 12, 22, 64, 12, 71, 18)",419,425,True,0.01411764705882353
36,similar_ratio,20,264,"(22, 2, 19, 1, 12, 47, 24, 35, 27, 25, 26, 26, 33, 49, 19, 46, 46, 11, 25, 32)","(42, 4, 39, 2, 23, 95, 48, 67, 56, 49, 54, 50, 66, 95, 37, 93, 96, 21, 52, 62)",539,540,True,0.001851851851851852
37,similar_ratio,20,259,"(44, 40, 48, 33, 24, 7, 30, 19, 48, 10, 4, 5, 24, 28, 37, 46, 3, 40, 27, 1)","(89, 81, 99, 63, 48, 15, 61, 40, 95, 21, 8, 10, 49, 58, 73, 93, 6, 78, 52, 2)",531,531,False,0.0
38,similar_ratio,20,266,"(41, 49, 5, 30, 39, 38, 18, 40, 31, 49, 15, 6, 10, 16, 24, 44, 40, 10, 17, 9)","(81, 100, 10, 59, 79, 75, 37, 82, 65, 99, 31, 12, 20, 30, 49, 91, 80, 20, 33, 19)",536,546,True,0.018315018315018316
39,similar_ratio,20,194,"(14, 2, 26, 1, 17, 46, 2, 5, 7, 28, 7, 33, 18, 30, 37, 1, 3, 40, 31, 41)","(27, 4, 53, 2, 35, 89, 4, 10, 14, 58, 15, 67, 37, 60, 73, 2, 6, 83, 63, 81)",386,398,True,0.03015075376884422
40,similar_ratio,20,217,"(30, 34, 19, 41, 9, 18, 29, 34, 9, 13, 30, 4, 39, 17, 10, 44, 7, 4, 21, 22)","(60, 65, 39, 83, 18, 37, 60, 71, 17, 26, 62, 8, 77, 36, 21, 91, 14, 8, 43, 43)",443,449,True,0.013363028953229399
41,similar_ratio,20,205,"(25, 11, 25, 45, 18, 47, 1, 43, 2, 10, 47, 17, 40, 8, 3, 19, 14, 24, 9, 2)","(49, 23, 50, 88, 36, 96, 2, 90, 4, 21, 92, 35, 81, 16, 6, 39, 27, 49, 18, 4)",419,421,True,0.004750593824228029
42,similar_ratio,20,238,"(41, 48, 15, 7, 35, 28, 6, 33, 36, 42, 27, 38, 1, 11, 22, 14, 22, 25, 23, 3)","(79, 94, 29, 14, 67, 53, 12, 67, 70, 86, 52, 74, 2, 22, 43, 29, 42, 48, 46, 6)",450,475,True,0.05263157894736842
43,similar_ratio,20,238,"(3, 49, 30, 45, 30, 39, 28, 40, 36, 28, 4, 8, 7, 32, 25, 33, 12, 4, 12, 11)","(6, 95, 59, 93, 61, 74, 56, 83, 75, 55, 8, 16, 14, 62, 50, 64, 24, 8, 25, 22)",487,487,False,0.0
44,similar_ratio,20,253,"(27, 45, 12, 19, 8, 7, 33, 20, 25, 50, 21, 22, 40, 33, 7, 21, 41, 19, 25, 31)","(54, 93, 24, 36, 16, 14, 67, 41, 50, 102, 41, 46, 77, 63, 14, 40, 85, 36, 48, 65)",515,520,True,0.009615384615384616
45,similar_ratio,20,240,"(18, 17, 22, 31, 19, 20, 42, 40, 18, 48, 49, 5, 10, 3, 17, 47, 7, 2, 21, 45)","(36, 33, 42, 59, 39, 41, 80, 77, 37, 93, 100, 10, 20, 6, 34, 98, 14, 4, 43, 93)",493,493,False,0.0
46,similar_ratio,20,198,"(5, 38, 15, 10, 3, 21, 4, 9, 19, 46, 6, 46, 10, 5, 45, 8, 22, 50, 10, 23)","(10, 77, 30, 20, 6, 43, 8, 18, 38, 96, 12, 92, 20, 10, 90, 16, 44, 102, 19, 48)",406,406,False,0.0
47,similar_ratio,20,214,"(23, 36, 22, 25, 3, 43, 7, 31, 1, 21, 15, 33, 16, 24, 23, 36, 13, 47, 3, 7)","(44, 72, 43, 49, 6, 82, 13, 63, 2, 42, 29, 65, 31, 49, 46, 73, 25, 98, 6, 14)",425,434,True,0.020737327188940093
48,similar_ratio,20,278,"(36, 36, 20, 33, 49, 10, 43, 42, 49, 33, 14, 28, 32, 9, 36, 22, 7, 18, 1, 37)","(71, 74, 41, 64, 97, 21, 83, 82, 98, 64, 27, 54, 65, 17, 71, 45, 14, 35, 2, 77)",561,563,True,0.003552397868561279
49,similar_ratio,20,222,"(5, 8, 36, 4, 49, 10, 3, 33, 39, 24, 16, 7, 25, 23, 26, 40, 43, 35, 14, 5)","(10, 16, 72, 8, 100, 20, 6, 64, 76, 48, 33, 14, 49, 45, 54, 81, 85, 73, 28, 10)",453,453,False,0.0
50,similar_ratio,20,199,"(32, 24, 16, 50, 6, 15, 6, 23, 23, 13, 22, 39, 6, 5, 22, 42, 1, 18, 28, 7)","(66, 49, 33, 105, 12, 31, 13, 47, 45, 25, 46, 77, 12, 10, 45, 87, 2, 37, 57, 14)",407,413,True,0.014527845036319613
51,similar_ratio,20,210,"(16, 36, 15, 17, 26, 30, 36, 22, 24, 18, 1, 2, 3, 12, 20, 49, 49, 29, 11, 4)","(33, 70, 31, 35, 52, 61, 72, 44, 47, 36, 2, 4, 6, 24, 39, 99, 101, 61, 22, 8)",427,431,True,0.009280742459396751
52,similar_ratio,20,239,"(18, 47, 24, 9, 27, 23, 1, 25, 16, 11, 41, 50, 8, 40, 6, 43, 24, 10, 43, 12)","(34, 94, 48, 17, 56, 46, 2, 50, 31, 22, 80, 100, 17, 83, 12, 89, 48, 20, 86, 23)",485,487,True,0.004106776180698152
53,similar_ratio,20,234,"(40, 14, 46, 46, 47, 2, 3, 23, 17, 4, 24, 13, 9, 49, 21, 26, 4, 10, 44, 25)","(83, 28, 92, 92, 94, 4, 6, 47, 35, 8, 47, 25, 18, 99, 42, 55, 8, 19, 88, 50)",475,477,True,0.0041928721174004195
54,similar_ratio,20,244,"(9, 20, 32, 29, 47, 14, 4, 36, 6, 34, 27, 10, 42, 18, 38, 25, 24, 15, 11, 47)","(18, 40, 63, 57, 93, 29, 8, 72, 12, 67, 53, 19, 82, 38, 79, 51, 47, 31, 23, 98)",499,500,True,0.002
55,similar_ratio,20,244,"(6, 13, 48, 6, 20, 47, 43, 25, 26, 28, 50, 41, 15, 1, 15, 15, 42, 13, 14, 20)","(13, 25, 94, 12, 38, 98, 86, 49, 51, 59, 101, 80, 30, 2, 29, 29, 86, 25, 28, 39)",487,498,True,0.02208835341365462
56,similar_ratio,20,286,"(36, 42, 50, 27, 7, 5, 17, 14, 37, 38, 25, 10, 16, 40, 14, 46, 43, 50, 44, 12)","(68, 84, 100, 55, 14, 10, 36, 27, 72, 76, 51, 20, 31, 78, 28, 91, 90, 97, 85, 23)",564,579,True,0.025906735751295335
57,similar_ratio,20,299,"(3, 39, 33, 31, 28, 25, 48, 39, 26, 42, 38, 35, 42, 37, 25, 10, 28, 12, 24, 33)","(6, 74, 65, 61, 57, 48, 93, 77, 54, 87, 77, 68, 85, 71, 50, 21, 56, 24, 48, 64)",565,606,True,0.06765676567656766
58,similar_ratio,20,286,"(38, 48, 13, 29, 19, 17, 40, 38, 32, 49, 36, 43, 7, 50, 3, 19, 40, 16, 5, 29)","(74, 97, 25, 57, 39, 36, 79, 73, 62, 94, 73, 85, 14, 96, 6, 37, 81, 33, 10, 56)",553,576,True,0.03993055555555555
59,similar_ratio,20,208,"(15, 42, 2, 20, 44, 32, 35, 11, 22, 12, 34, 7, 3, 20, 13, 37, 6, 6, 48, 7)","(29, 88, 4, 41, 89, 63, 69, 23, 46, 25, 71, 14, 6, 38, 27, 75, 12, 12, 97, 15)",429,431,True,0.004640371229698376
60,similar_ratio,20,210,"(20, 10, 31, 22, 3, 6, 12, 3, 1, 47, 20, 44, 39, 38, 37, 20, 37, 16, 5, 9)","(39, 20, 62, 46, 6, 12, 23, 6, 2, 91, 40, 85, 78, 73, 71, 39, 72, 32, 10, 18)",410,419,True,0.021479713603818614
61,similar_ratio,20,270,"(32, 14, 21, 45, 23, 26, 11, 1, 45, 12, 28, 9, 19, 48, 22, 21, 49, 41, 46, 27)","(62, 29, 41, 86, 45, 52, 22, 2, 86, 24, 58, 18, 40, 101, 44, 42, 101, 79, 93, 54)",540,554,True,0.02527075812274368
62,similar_ratio,20,207,"(37, 16, 20, 23, 12, 17, 11, 2, 34, 22, 42, 14, 21, 37, 26, 20, 24, 1, 19, 16)","(72, 33, 42, 44, 23, 36, 23, 4, 65, 46, 81, 29, 42, 70, 54, 42, 48, 2, 38, 33)",424,428,True,0.009345794392523364
63,similar_ratio,20,231,"(29, 17, 6, 6, 13, 41, 48, 15, 9, 18, 2, 39, 15, 36, 41, 45, 3, 22, 49, 8)","(58, 34, 12, 11, 25, 80, 97, 30, 18, 36, 4, 80, 31, 71, 81, 87, 6, 45, 103, 15)",470,472,True,0.00423728813559322
64,similar_ratio,20,238,"(31, 40, 44, 18, 41, 13, 50, 10, 27, 47, 26, 1, 12, 3, 17, 13, 2, 26, 19, 36)","(60, 79, 84, 37, 84, 27, 102, 19, 54, 90, 53, 2, 23, 6, 33, 25, 4, 54, 39, 71)",485,485,False,0.0
65,similar_ratio,20,282,"(27, 33, 29, 29, 22, 28, 5, 30, 42, 45, 8, 48, 44, 9, 24, 24, 41, 29, 45, 2)","(53, 68, 58, 58, 45, 58, 10, 59, 84, 86, 15, 99, 91, 18, 48, 49, 80, 58, 87, 4)",573,575,True,0.0034782608695652175
66,similar_ratio,20,236,"(5, 16, 19, 36, 32, 34, 46, 24, 27, 30, 2, 25, 24, 1, 45, 40, 21, 20, 5, 21)","(10, 33, 37, 69, 62, 65, 88, 49, 55, 61, 4, 52, 46, 2, 90, 78, 42, 39, 10, 44)",452,479,True,0.05636743215031315
67,similar_ratio,20,248,"(5, 27, 27, 39, 40, 14, 43, 3, 12, 7, 16, 38, 42, 47, 10, 34, 29, 15, 44, 3)","(10, 57, 53, 77, 78, 28, 83, 6, 23, 14, 32, 72, 84, 96, 21, 65, 60, 30, 87, 6)",497,503,True,0.011928429423459244
68,similar_ratio,20,345,"(48, 45, 33, 38, 31, 44, 36, 36, 50, 3, 31, 22, 39, 50, 34, 29, 34, 44, 2, 41)","(96, 92, 63, 74, 61, 86, 71, 73, 103, 6, 60, 42, 75, 97, 70, 58, 65, 92, 4, 79)",665,698,True,0.04727793696275072
69,similar_ratio,20,266,"(44, 11, 23, 36, 28, 34, 36, 10, 26, 19, 10, 14, 43, 47, 14, 25, 47, 47, 3, 14)","(84, 21, 45, 71, 56, 67, 74, 20, 50, 37, 21, 29, 90, 94, 27, 52, 90, 95, 6, 27)",537,542,True,0.00922509225092251
70,similar_ratio,20,236,"(8, 30, 21, 10, 44, 46, 25, 42, 21, 25, 29, 6, 23, 9, 29, 8, 46, 9, 35, 6)","(16, 60, 44, 21, 89, 94, 49, 80, 43, 51, 60, 11, 45, 17, 59, 16, 95, 18, 68, 12)",483,485,True,0.004123711340206186
71,similar_ratio,20,202,"(21, 1, 10, 13, 13, 39, 2, 34, 30, 23, 3, 2, 38, 10, 28, 7, 43, 39, 16, 33)","(42, 2, 21, 25, 26, 76, 4, 67, 62, 47, 6, 4, 74, 20, 56, 15, 82, 75, 33, 65)",405,408,True,0.007352941176470588
72,similar_ratio,20,286,"(5, 48, 23, 40, 48, 39, 45, 15, 41, 15, 1, 50, 33, 2, 17, 24, 32, 23, 45, 27)","(10, 101, 47, 79, 98, 75, 92, 30, 78, 30, 2, 98, 65, 4, 33, 47, 65, 46, 87, 56)",581,584,True,0.005136986301369863
73,similar_ratio,20,233,"(18, 31, 30, 5, 34, 29, 17, 2, 36, 36, 12, 17, 13, 46, 30, 23, 9, 14, 18, 46)","(35, 62, 59, 10, 68, 56, 34, 4, 71, 76, 25, 34, 27, 95, 61, 48, 18, 29, 38, 88)",475,481,True,0.012474012474012475
74,similar_ratio,20,204,"(40, 8, 20, 14, 29, 34, 29, 18, 1, 3, 15, 39, 18, 43, 1, 13, 11, 48, 22, 2)","(80, 16, 39, 28, 60, 71, 56, 36, 2, 6, 30, 77, 35, 89, 2, 27, 22, 93, 42, 4)",417,417,False,0.0
75,similar_ratio,20,330,"(29, 30, 50, 43, 44, 45, 7, 21, 49, 32, 43, 43, 27, 35, 30, 13, 10, 39, 30, 40)","(58, 57, 100, 90, 90, 93, 15, 44, 96, 65, 85, 86, 51, 71, 63, 25, 20, 75, 57, 82)",671,677,True,0.008862629246676515
76,similar_ratio,20,293,"(24, 25, 20, 16, 49, 32, 22, 15, 35, 43, 39, 25, 22, 2, 41, 10, 41, 42, 46, 37)","(48, 49, 38, 31, 101, 62, 46, 29, 67, 85, 80, 51, 44, 4, 85, 19, 86, 81, 90, 71)",594,598,True,0.006688963210702341
77,similar_ratio,20,238,"(17, 16, 8, 36, 16, 41, 1, 2, 32, 13, 25, 21, 36, 35, 15, 6, 45, 29, 35, 46)","(33, 31, 16, 76, 31, 83, 2, 4, 62, 26, 48, 40, 74, 70, 29, 12, 91, 59, 67, 94)",483,486,True,0.006172839506172839
78,similar_ratio,20,261,"(13, 43, 17, 3, 42, 43, 45, 35, 16, 23, 41, 12, 49, 24, 14, 13, 19, 42, 17, 11)","(25, 88, 35, 6, 83, 83, 90, 67, 33, 46, 81, 23, 102, 47, 29, 25, 37, 87, 35, 22)",527,534,True,0.013108614232209739
79,similar_ratio,20,269,"(10, 39, 16, 32, 23, 8, 32, 12, 45, 6, 17, 32, 45, 48, 48, 4, 41, 12, 23, 45)","(20, 75, 33, 62, 44, 17, 65, 24, 89, 12, 35, 61, 88, 101, 92, 8, 79, 24, 45, 88)",535,542,True,0.012915129151291513
80,similar_ratio,20,212,"(18, 46, 27, 35, 2, 25, 40, 16, 34, 10, 9, 15, 38, 14, 6, 43, 1, 19, 24, 2)","(36, 95, 53, 69, 4, 52, 76, 31, 68, 20, 19, 30, 74, 27, 12, 82, 2, 37, 49, 4)",428,430,True,0.004651162790697674
81,similar_ratio,20,293,"(33, 22, 25, 2, 29, 39, 21, 23, 44, 5, 49, 38, 12, 50, 12, 50, 29, 29, 46, 28)","(68, 44, 50, 4, 59, 74, 41, 45, 85, 10, 96, 76, 25, 102, 24, 97, 57, 55, 94, 55)",556,593,True,0.06239460370994941
82,similar_ratio,20,264,"(10, 33, 12, 44, 49, 28, 7, 36, 8, 41, 23, 6, 12, 16, 20, 24, 46, 27, 42, 43)","(21, 65, 25, 86, 102, 56, 14, 74, 16, 81, 47, 12, 25, 32, 38, 48, 95, 53, 83, 84)",519,541,True,0.04066543438077634
83,similar_ratio,20,258,"(32, 30, 25, 42, 12, 4, 23, 13, 41, 15, 11, 2, 49, 25, 12, 21, 39, 29, 49, 41)","(66, 58, 48, 82, 24, 8, 45, 26, 84, 31, 21, 4, 98, 50, 24, 42, 81, 56, 100, 82)",522,526,True,0.0076045627376425855
84,similar_ratio,20,278,"(47, 50, 1, 43, 13, 36, 24, 35, 46, 30, 47, 15, 31, 3, 32, 19, 1, 28, 46, 8)","(92, 95, 2, 84, 26, 74, 49, 73, 90, 59, 92, 29, 59, 6, 64, 38, 2, 54, 88, 17)",531,558,True,0.04838709677419355
85,similar_ratio,20,296,"(13, 7, 13, 50, 23, 44, 35, 44, 37, 28, 44, 28, 44, 31, 42, 9, 8, 11, 37, 44)","(27, 14, 25, 103, 46, 87, 68, 89, 74, 54, 89, 56, 88, 63, 87, 18, 16, 21, 71, 88)",592,602,True,0.016611295681063124
86,similar_ratio,20,274,"(50, 21, 50, 33, 20, 25, 33, 27, 38, 14, 4, 12, 6, 6, 31, 32, 28, 45, 46, 26)","(95, 43, 96, 68, 41, 48, 63, 54, 78, 27, 8, 24, 12, 12, 60, 63, 57, 87, 95, 51)",555,555,False,0.0
87,similar_ratio,20,315,"(10, 35, 49, 35, 46, 24, 25, 32, 45, 44, 12, 6, 45, 39, 28, 42, 43, 14, 13, 43)","(20, 67, 96, 71, 96, 46, 51, 64, 86, 85, 24, 12, 88, 80, 55, 86, 90, 29, 27, 86)",638,645,True,0.010852713178294573
88,similar_ratio,20,240,"(26, 22, 41, 50, 22, 9, 8, 39, 27, 28, 11, 22, 16, 13, 1, 42, 30, 2, 46, 25)","(54, 46, 78, 102, 45, 18, 16, 75, 53, 54, 21, 42, 32, 25, 2, 84, 62, 4, 91, 50)",486,488,True,0.004098360655737705
89,similar_ratio,20,250,"(6, 46, 9, 5, 27, 14, 44, 37, 30, 15, 30, 4, 47, 27, 26, 48, 9, 10, 45, 22)","(12, 97, 18, 10, 53, 27, 87, 77, 61, 29, 62, 8, 90, 54, 54, 94, 17, 20, 86, 42)",502,512,True,0.01953125
90,similar_ratio,20,220,"(14, 31, 38, 23, 37, 20, 18, 35, 3, 41, 25, 7, 50, 4, 2, 19, 14, 43, 1, 16)","(29, 63, 75, 47, 77, 39, 36, 72, 6, 86, 49, 13, 100, 8, 4, 40, 27, 85, 2, 32)",454,454,False,0.0
91,similar_ratio,20,266,"(6, 44, 26, 48, 30, 16, 24, 14, 14, 6, 6, 44, 35, 25, 23, 42, 45, 12, 25, 48)","(12, 90, 54, 95, 62, 31, 49, 29, 28, 12, 12, 88, 71, 50, 45, 87, 90, 24, 51, 100)",546,547,True,0.0018281535648994515
92,similar_ratio,20,224,"(27, 36, 38, 44, 7, 31, 5, 41, 3, 42, 11, 11, 11, 31, 50, 8, 10, 5, 27, 11)","(54, 72, 74, 90, 14, 60, 10, 81, 6, 87, 23, 22, 23, 64, 97, 16, 21, 10, 51, 22)",458,458,False,0.0
93,similar_ratio,20,254,"(32, 47, 8, 10, 8, 38, 36, 44, 24, 8, 50, 14, 42, 11, 39, 14, 31, 5, 39, 7)","(67, 93, 15, 19, 16, 72, 75, 89, 48, 16, 104, 29, 88, 22, 76, 29, 65, 10, 81, 15)",524,528,True,0.007575757575757576
94,similar_ratio,20,238,"(35, 18, 2, 24, 28, 18, 2, 48, 30, 14, 3, 42, 17, 43, 31, 18, 24, 41, 35, 2)","(68, 35, 4, 50, 57, 38, 4, 95, 59, 28, 6, 87, 33, 90, 63, 37, 48, 81, 73, 4)",478,492,True,0.028455284552845527
95,similar_ratio,20,226,"(49, 48, 9, 2, 1, 41, 13, 47, 13, 7, 48, 24, 12, 22, 39, 17, 11, 7, 42, 1)","(98, 96, 19, 4, 2, 80, 25, 94, 26, 14, 99, 46, 24, 45, 77, 34, 21, 14, 84, 2)",457,457,False,0.0
96,similar_ratio,20,209,"(24, 44, 14, 22, 45, 11, 21, 22, 9, 1, 31, 31, 16, 23, 33, 11, 29, 14, 9, 8)","(47, 87, 27, 45, 93, 22, 40, 43, 18, 2, 65, 62, 33, 46, 65, 21, 58, 28, 18, 17)",421,427,True,0.01405152224824356
97,similar_ratio,20,215,"(13, 24, 4, 36, 2, 18, 5, 31, 21, 20, 49, 13, 7, 35, 50, 7, 35, 40, 4, 16)","(26, 50, 8, 74, 4, 36, 10, 63, 41, 39, 97, 25, 14, 67, 102, 15, 70, 77, 8, 31)",435,438,True,0.00684931506849315
98,similar_ratio,20,240,"(23, 3, 4, 19, 44, 32, 26, 46, 1, 1, 50, 3, 45, 32, 35, 12, 13, 33, 14, 45)","(46, 6, 8, 39, 88, 67, 50, 94, 2, 2, 98, 6, 93, 62, 68, 24, 25, 69, 28, 93)",479,495,True,0.03232323232323232
99,similar_ratio,20,314,"(26, 39, 16, 6, 25, 45, 40, 27, 38, 24, 44, 30, 37, 46, 50, 21, 18, 28, 35, 34)","(51, 75, 31, 12, 50, 90, 80, 55, 74, 50, 85, 61, 73, 92, 96, 42, 36, 54, 67, 71)",634,634,False,0.0
100,similar_ratio,20,254,"(10, 50, 26, 28, 8, 6, 17, 42, 22, 50, 12, 23, 27, 14, 30, 25, 42, 12, 26, 37)","(20, 97, 53, 56, 16, 12, 32, 88, 43, 105, 23, 45, 57, 28, 60, 48, 85, 23, 50, 72)",520,521,True,0.0019193857965451055
101,similar_ratio,20,249,"(38, 35, 30, 33, 15, 32, 14, 29, 13, 29, 24, 21, 26, 5, 20, 42, 44, 18, 25, 5)","(79, 73, 57, 64, 31, 65, 28, 56, 25, 60, 47, 41, 52, 10, 39, 87, 86, 36, 49, 10)",495,511,True,0.03131115459882583
102,similar_ratio,20,292,"(10, 23, 46, 12, 40, 38, 34, 48, 12, 25, 33, 4, 39, 33, 46, 10, 27, 43, 40, 22)","(20, 44, 93, 24, 79, 73, 68, 96, 25, 50, 64, 8, 79, 68, 92, 20, 55, 82, 77, 43)",586,590,True,0.006779661016949152
103,similar_ratio,20,278,"(46, 47, 14, 39, 42, 22, 8, 9, 2, 7, 39, 12, 47, 44, 43, 40, 24, 14, 40, 17)","(92, 96, 29, 80, 83, 46, 16, 18, 4, 14, 78, 25, 95, 87, 87, 78, 47, 29, 80, 35)",560,567,True,0.012345679012345678
104,similar_ratio,20,226,"(2, 47, 26, 46, 2, 7, 8, 49, 42, 13, 26, 40, 20, 30, 16, 12, 3, 39, 8, 17)","(4, 97, 51, 89, 4, 15, 15, 96, 80, 26, 55, 77, 40, 60, 31, 25, 6, 80, 17, 34)",463,463,False,0.0
105,similar_ratio,20,254,"(38, 7, 20, 37, 11, 11, 10, 26, 11, 40, 30, 44, 12, 34, 4, 40, 23, 49, 12, 48)","(75, 15, 40, 73, 23, 23, 19, 51, 23, 79, 60, 86, 24, 71, 8, 84, 47, 100, 25, 100)",519,526,True,0.013307984790874524
106,similar_ratio,20,270,"(46, 31, 34, 4, 17, 13, 32, 29, 19, 48, 46, 9, 24, 5, 22, 12, 6, 48, 47, 48)","(96, 59, 70, 8, 35, 27, 63, 59, 39, 96, 92, 17, 48, 10, 45, 23, 11, 94, 91, 95)",550,550,False,0.0
107,similar_ratio,20,207,"(16, 50, 43, 49, 9, 35, 17, 3, 18, 13, 38, 10, 9, 8, 11, 13, 18, 18, 16, 20)","(32, 105, 85, 96, 18, 72, 33, 6, 37, 25, 74, 20, 18, 15, 21, 25, 35, 36, 31, 40)",419,420,True,0.002380952380952381
108,similar_ratio,20,238,"(9, 6, 25, 25, 6, 12, 21, 13, 36, 7, 43, 25, 45, 4, 37, 29, 47, 42, 13, 32)","(18, 12, 51, 48, 12, 23, 41, 25, 75, 14, 90, 49, 91, 8, 76, 55, 92, 88, 26, 62)",489,491,True,0.004073319755600814
109,similar_ratio,20,228,"(18, 29, 7, 32, 37, 6, 29, 28, 11, 20, 36, 21, 12, 1, 40, 39, 26, 43, 10, 10)","(35, 58, 14, 67, 77, 12, 58, 58, 23, 42, 75, 40, 24, 2, 78, 80, 54, 89, 20, 19)",470,474,True,0.008438818565400843
110,similar_ratio,20,264,"(25, 39, 31, 41, 5, 33, 3, 33, 10, 1, 28, 43, 19, 33, 27, 50, 18, 44, 13, 31)","(51, 76, 63, 82, 10, 65, 6, 69, 20, 2, 59, 84, 37, 63, 56, 104, 37, 91, 25, 60)",546,546,False,0.0
111,similar_ratio,20,278,"(14, 21, 26, 11, 45, 15, 30, 25, 25, 46, 50, 3, 49, 37, 5, 49, 19, 30, 22, 33)","(29, 42, 52, 22, 89, 29, 59, 51, 49, 94, 99, 6, 100, 74, 10, 98, 36, 62, 43, 69)",566,567,True,0.001763668430335097
112,similar_ratio,20,238,"(31, 38, 45, 27, 11, 34, 25, 16, 30, 13, 39, 45, 29, 27, 17, 5, 20, 6, 1, 16)","(64, 77, 90, 55, 22, 68, 50, 33, 59, 25, 79, 87, 58, 55, 32, 10, 40, 12, 2, 31)",477,483,True,0.012422360248447204
113,similar_ratio,20,204,"(2, 47, 31, 16, 2, 20, 20, 19, 22, 30, 20, 3, 12, 49, 18, 44, 18, 18, 13, 3)","(4, 92, 62, 32, 4, 39, 40, 37, 44, 59, 41, 6, 25, 95, 37, 88, 36, 37, 26, 6)",400,412,True,0.02912621359223301
114,similar_ratio,20,254,"(16, 22, 16, 4, 34, 19, 35, 24, 7, 6, 30, 39, 34, 24, 48, 28, 15, 41, 22, 44)","(32, 45, 32, 8, 69, 38, 72, 47, 14, 12, 59, 80, 67, 48, 98, 57, 30, 85, 44, 92)",512,522,True,0.019157088122605363
115,similar_ratio,20,294,"(19, 8, 22, 36, 44, 19, 31, 36, 3, 12, 48, 16, 10, 50, 41, 45, 46, 22, 42, 39)","(37, 16, 45, 76, 92, 39, 59, 69, 6, 25, 100, 31, 20, 96, 85, 89, 89, 44, 86, 81)",606,610,True,0.006557377049180328
116,similar_ratio,20,334,"(48, 47, 49, 48, 31, 18, 38, 37, 5, 49, 32, 36, 7, 29, 35, 32, 33, 14, 35, 46)","(97, 92, 99, 92, 65, 36, 75, 71, 10, 98, 61, 74, 14, 56, 69, 64, 66, 28, 68, 95)",652,677,True,0.03692762186115214
117,similar_ratio,20,246,"(16, 14, 11, 45, 34, 22, 42, 24, 11, 42, 1, 28, 38, 10, 36, 25, 12, 38, 40, 3)","(31, 28, 22, 87, 71, 43, 80, 48, 22, 83, 2, 57, 78, 20, 72, 52, 24, 79, 81, 6)",498,503,True,0.009940357852882704
118,similar_ratio,20,259,"(46, 20, 24, 2, 2, 33, 22, 34, 38, 33, 14, 25, 5, 4, 42, 22, 30, 29, 43, 50)","(93, 38, 47, 4, 4, 69, 44, 66, 77, 68, 28, 49, 10, 8, 83, 45, 60, 56, 87, 100)",527,527,False,0.0
119,similar_ratio,20,264,"(19, 35, 49, 28, 28, 16, 17, 18, 38, 46, 28, 4, 22, 30, 34, 32, 7, 14, 25, 39)","(37, 71, 99, 54, 57, 34, 35, 35, 72, 90, 57, 8, 43, 57, 68, 67, 13, 29, 50, 79)",536,539,True,0.0055658627087198514
120,similar_ratio,20,246,"(33, 41, 43, 6, 14, 17, 24, 7, 21, 19, 14, 33, 28, 13, 7, 29, 26, 45, 25, 46)","(64, 84, 90, 12, 27, 35, 49, 14, 41, 37, 27, 68, 54, 27, 13, 60, 54, 91, 52, 91)",496,507,True,0.021696252465483234
121,similar_ratio,20,272,"(6, 26, 12, 34, 22, 41, 44, 39, 9, 28, 49, 38, 23, 8, 16, 34, 42, 27, 22, 24)","(12, 53, 24, 66, 43, 81, 90, 77, 17, 59, 96, 74, 45, 16, 32, 68, 83, 51, 44, 49)",547,549,True,0.0036429872495446266
122,similar_ratio,20,253,"(33, 20, 5, 49, 43, 38, 20, 16, 25, 10, 18, 31, 8, 29, 34, 32, 24, 40, 21, 10)","(64, 42, 10, 95, 88, 73, 40, 32, 51, 21, 37, 59, 16, 59, 69, 67, 50, 76, 42, 20)",510,520,True,0.019230769230769232
123,similar_ratio,20,188,"(4, 50, 7, 3, 36, 4, 22, 45, 1, 50, 39, 1, 29, 3, 10, 2, 28, 17, 3, 22)","(8, 99, 14, 6, 71, 8, 44, 88, 2, 96, 77, 2, 56, 6, 19, 4, 56, 34, 6, 44)",352,374,True,0.058823529411764705
124,similar_ratio,20,266,"(18, 12, 4, 24, 11, 20, 2, 40, 15, 26, 10, 50, 23, 49, 7, 46, 43, 46, 37, 50)","(36, 25, 8, 46, 22, 41, 4, 79, 29, 51, 20, 104, 46, 97, 14, 92, 90, 88, 74, 96)",531,542,True,0.02029520295202952
125,similar_ratio,20,284,"(16, 39, 48, 10, 40, 5, 10, 43, 41, 17, 32, 32, 4, 39, 28, 38, 50, 11, 28, 38)","(31, 76, 93, 20, 81, 10, 20, 89, 79, 33, 67, 67, 8, 79, 53, 77, 102, 21, 58, 78)",576,583,True,0.012006861063464836
126,similar_ratio,20,247,"(37, 39, 42, 31, 44, 41, 48, 35, 13, 25, 27, 31, 1, 5, 12, 14, 16, 4, 27, 2)","(71, 78, 81, 60, 85, 82, 98, 67, 27, 48, 56, 62, 2, 10, 23, 28, 33, 8, 52, 4)",488,499,True,0.022044088176352707
127,similar_ratio,20,193,"(3, 38, 7, 18, 27, 44, 20, 4, 35, 8, 25, 6, 24, 2, 12, 46, 25, 8, 17, 17)","(6, 76, 13, 38, 53, 89, 40, 8, 71, 17, 48, 12, 50, 4, 25, 96, 51, 16, 34, 34)",398,398,False,0.0
128,similar_ratio,20,234,"(16, 24, 2, 21, 17, 37, 36, 50, 19, 8, 46, 11, 34, 31, 21, 27, 17, 37, 10, 5)","(32, 46, 4, 43, 34, 76, 71, 96, 39, 17, 93, 23, 71, 61, 42, 55, 33, 77, 20, 10)",481,481,False,0.0
129,similar_ratio,20,280,"(38, 34, 45, 41, 15, 36, 44, 37, 9, 39, 9, 17, 17, 6, 28, 38, 7, 50, 40, 10)","(79, 66, 94, 80, 29, 70, 91, 72, 18, 80, 19, 33, 35, 13, 53, 74, 14, 96, 78, 20)",572,572,False,0.0
130,similar_ratio,20,275,"(34, 48, 29, 2, 38, 22, 34, 47, 44, 14, 2, 49, 2, 32, 22, 25, 26, 3, 36, 41)","(67, 98, 59, 4, 75, 45, 71, 90, 92, 29, 4, 97, 4, 66, 44, 52, 50, 6, 72, 85)",556,568,True,0.02112676056338028
131,similar_ratio,20,314,"(21, 33, 19, 50, 23, 7, 15, 36, 29, 48, 15, 47, 29, 48, 28, 48, 47, 32, 42, 10)","(41, 63, 36, 104, 46, 14, 31, 73, 61, 93, 30, 91, 59, 93, 58, 92, 98, 62, 81, 21)",636,643,True,0.01088646967340591
132,similar_ratio,20,288,"(27, 4, 3, 50, 35, 29, 29, 37, 16, 50, 32, 40, 40, 24, 38, 13, 5, 39, 23, 43)","(52, 8, 6, 105, 67, 57, 56, 77, 33, 104, 66, 82, 80, 47, 79, 26, 10, 81, 47, 82)",598,598,False,0.0
133,similar_ratio,20,270,"(32, 21, 50, 35, 48, 3, 19, 17, 14, 33, 6, 10, 50, 42, 12, 37, 40, 45, 22, 5)","(63, 43, 98, 71, 98, 6, 39, 36, 27, 65, 12, 21, 99, 85, 23, 77, 77, 88, 43, 10)",541,551,True,0.018148820326678767
134,similar_ratio,20,330,"(31, 47, 47, 9, 49, 25, 16, 30, 7, 34, 50, 18, 5, 45, 41, 47, 46, 43, 23, 47)","(62, 99, 96, 17, 98, 49, 32, 63, 14, 71, 102, 35, 10, 91, 85, 93, 91, 84, 44, 98)",676,681,True,0.007342143906020558
135,similar_ratio,20,282,"(43, 42, 32, 46, 19, 10, 17, 20, 18, 18, 19, 34, 6, 47, 43, 15, 6, 46, 45, 37)","(85, 85, 63, 89, 36, 20, 34, 39, 37, 34, 36, 71, 12, 96, 85, 31, 12, 89, 93, 71)",554,573,True,0.03315881326352531
136,similar_ratio,20,301,"(37, 4, 49, 45, 41, 11, 46, 13, 39, 40, 32, 50, 49, 35, 2, 3, 21, 14, 28, 43)","(73, 8, 95, 87, 82, 23, 93, 25, 80, 79, 66, 95, 100, 72, 4, 6, 42, 27, 58, 88)",598,615,True,0.027642276422764227
137,similar_ratio,20,224,"(5, 21, 15, 1, 33, 26, 34, 28, 22, 2, 45, 24, 16, 25, 21, 45, 5, 45, 13, 21)","(10, 44, 30, 2, 65, 54, 68, 56, 42, 4, 87, 46, 33, 52, 43, 89, 10, 90, 25, 44)",450,458,True,0.017467248908296942
138,similar_ratio,20,312,"(13, 45, 34, 16, 29, 48, 14, 45, 35, 43, 21, 41, 15, 17, 44, 20, 34, 26, 38, 46)","(26, 88, 70, 31, 56, 98, 29, 93, 67, 84, 40, 86, 29, 34, 85, 40, 65, 52, 79, 91)",638,638,False,0.0
139,similar_ratio,20,249,"(1, 40, 43, 36, 22, 23, 49, 18, 37, 32, 33, 12, 21, 5, 35, 33, 1, 20, 4, 33)","(2, 80, 84, 68, 45, 46, 95, 37, 72, 62, 63, 25, 42, 10, 68, 69, 2, 41, 8, 63)",491,502,True,0.021912350597609563
140,similar_ratio,20,293,"(50, 2, 35, 44, 1, 46, 41, 4, 15, 43, 45, 19, 36, 13, 46, 36, 11, 48, 7, 44)","(104, 4, 72, 90, 2, 91, 81, 8, 30, 89, 89, 36, 71, 26, 91, 69, 22, 99, 14, 91)",603,603,False,0.0
141,similar_ratio,20,296,"(34, 38, 12, 30, 18, 1, 22, 18, 40, 35, 47, 37, 48, 31, 17, 27, 15, 49, 39, 35)","(70, 78, 24, 57, 37, 2, 44, 36, 82, 68, 93, 72, 96, 62, 34, 52, 31, 93, 78, 73)",573,603,True,0.04975124378109453
142,similar_ratio,20,230,"(38, 41, 32, 23, 17, 19, 36, 39, 3, 7, 34, 5, 42, 8, 46, 1, 25, 16, 21, 8)","(77, 82, 63, 48, 32, 37, 70, 78, 6, 14, 67, 10, 87, 16, 96, 2, 51, 33, 44, 16)",468,474,True,0.012658227848101266
143,similar_ratio,20,240,"(12, 3, 10, 47, 9, 49, 19, 7, 32, 41, 41, 19, 11, 6, 21, 35, 14, 50, 3, 50)","(25, 6, 19, 93, 18, 94, 39, 14, 67, 83, 85, 37, 22, 12, 43, 71, 28, 97, 6, 103)",493,493,False,0.0
144,similar_ratio,20,236,"(29, 6, 47, 26, 27, 16, 9, 3, 16, 17, 17, 44, 23, 16, 39, 6, 47, 49, 26, 10)","(55, 13, 91, 50, 54, 32, 17, 6, 33, 33, 32, 84, 45, 33, 77, 12, 95, 95, 51, 20)",471,472,True,0.00211864406779661
145,similar_ratio,20,243,"(49, 34, 2, 47, 44, 47, 31, 18, 12, 21, 3, 18, 12, 1, 3, 50, 4, 14, 46, 30)","(101, 65, 4, 97, 92, 98, 62, 35, 23, 43, 6, 35, 25, 2, 6, 104, 8, 27, 93, 61)",485,504,True,0.037698412698412696
146,similar_ratio,20,232,"(9, 22, 5, 19, 23, 14, 27, 35, 28, 19, 5, 1, 29, 26, 47, 39, 38, 25, 22, 31)","(17, 45, 10, 40, 47, 29, 53, 71, 54, 40, 10, 2, 61, 54, 93, 76, 79, 49, 44, 64)",481,481,False,0.0
147,similar_ratio,20,266,"(39, 26, 29, 48, 20, 30, 30, 27, 23, 41, 16, 43, 50, 9, 20, 13, 12, 17, 26, 14)","(79, 52, 56, 100, 40, 61, 59, 56, 45, 83, 31, 88, 100, 18, 41, 27, 23, 35, 52, 28)",539,545,True,0.011009174311926606
148,similar_ratio,20,219,"(26, 3, 26, 19, 13, 5, 35, 45, 21, 1, 45, 17, 22, 37, 5, 16, 28, 41, 9, 24)","(53, 6, 54, 37, 26, 10, 71, 87, 42, 2, 88, 35, 44, 72, 10, 32, 57, 82, 18, 48)",442,444,True,0.0045045045045045045
149,similar_ratio,20,210,"(5, 25, 4, 12, 26, 20, 13, 5, 11, 22, 17, 41, 34, 24, 31, 13, 47, 37, 9, 23)","(10, 48, 8, 24, 50, 41, 26, 10, 21, 44, 34, 82, 67, 49, 60, 25, 94, 70, 18, 44)",422,422,False,0.0
150,similar_ratio,20,248,"(21, 13, 31, 27, 48, 19, 29, 26, 9, 9, 6, 31, 1, 10, 14, 45, 32, 38, 38, 49)","(44, 25, 60, 52, 94, 39, 61, 50, 19, 18, 12, 61, 2, 20, 29, 91, 64, 76, 72, 99)",498,505,True,0.013861386138613862
151,similar_ratio,20,274,"(46, 46, 14, 19, 37, 32, 30, 26, 43, 24, 9, 12, 12, 27, 34, 19, 20, 46, 37, 15)","(91, 93, 28, 40, 71, 64, 58, 53, 83, 48, 17, 25, 23, 52, 68, 39, 39, 92, 75, 29)",550,553,True,0.0054249547920434
152,similar_ratio,20,238,"(49, 10, 13, 40, 8, 2, 32, 30, 16, 19, 40, 20, 49, 21, 14, 44, 3, 6, 49, 12)","(97, 20, 27, 76, 16, 4, 65, 58, 33, 39, 76, 40, 96, 41, 29, 91, 6, 12, 94, 24)",447,483,True,0.07453416149068323
153,similar_ratio,20,262,"(32, 17, 27, 37, 36, 28, 33, 43, 14, 15, 43, 5, 17, 23, 49, 23, 27, 32, 11, 11)","(61, 35, 56, 76, 74, 58, 66, 87, 29, 30, 87, 10, 35, 47, 96, 47, 56, 65, 21, 22)",523,538,True,0.027881040892193308
154,similar_ratio,20,262,"(14, 25, 14, 1, 17, 28, 41, 4, 49, 4, 48, 46, 39, 19, 3, 48, 44, 31, 33, 15)","(29, 50, 28, 2, 35, 58, 83, 8, 97, 8, 96, 92, 75, 37, 6, 94, 89, 60, 64, 31)",523,531,True,0.015065913370998116
155,similar_ratio,20,278,"(38, 19, 50, 35, 38, 13, 4, 34, 12, 41, 5, 40, 22, 32, 33, 14, 28, 23, 34, 41)","(76, 40, 104, 70, 80, 26, 8, 65, 23, 79, 10, 81, 42, 62, 67, 27, 58, 46, 67, 82)",550,570,True,0.03508771929824561
156,similar_ratio,20,203,"(32, 48, 23, 11, 9, 29, 10, 9, 3, 25, 1, 43, 19, 4, 38, 30, 17, 16, 10, 29)","(63, 94, 44, 23, 18, 57, 19, 17, 6, 51, 2, 85, 39, 8, 73, 62, 32, 31, 21, 57)",409,409,False,0.0
157,similar_ratio,20,260,"(40, 11, 23, 21, 6, 48, 8, 47, 26, 20, 36, 31, 50, 42, 8, 22, 37, 16, 6, 23)","(80, 21, 45, 43, 12, 92, 17, 97, 52, 41, 69, 65, 104, 86, 16, 43, 73, 31, 12, 44)",533,533,False,0.0
158,similar_ratio,20,236,"(44, 15, 7, 37, 22, 30, 5, 1, 4, 39, 35, 14, 4, 16, 21, 48, 11, 45, 38, 36)","(92, 31, 13, 76, 45, 61, 10, 2, 8, 79, 68, 28, 8, 31, 42, 92, 21, 87, 79, 75)",487,487,False,0.0
159,similar_ratio,20,212,"(26, 29, 13, 2, 32, 3, 25, 27, 21, 21, 41, 14, 31, 6, 12, 32, 16, 15, 18, 39)","(50, 57, 26, 4, 63, 6, 49, 55, 43, 41, 83, 28, 63, 12, 24, 64, 31, 29, 37, 74)",422,429,True,0.016317016317016316
160,similar_ratio,20,230,"(8, 26, 38, 34, 14, 31, 8, 15, 27, 24, 19, 20, 44, 48, 19, 48, 5, 10, 20, 1)","(16, 50, 75, 68, 29, 59, 16, 29, 56, 48, 39, 42, 85, 97, 37, 98, 10, 20, 41, 2)",466,470,True,0.00851063829787234
161,similar_ratio,20,280,"(34, 11, 41, 3, 45, 31, 4, 4, 40, 39, 1, 50, 18, 42, 26, 48, 45, 17, 29, 32)","(66, 21, 83, 6, 92, 62, 8, 8, 84, 78, 2, 98, 38, 87, 52, 95, 90, 34, 55, 62)",569,572,True,0.005244755244755245
162,similar_ratio,20,207,"(4, 41, 13, 50, 19, 2, 27, 42, 5, 2, 50, 5, 30, 3, 14, 48, 1, 29, 15, 14)","(8, 80, 26, 101, 38, 4, 56, 87, 10, 4, 103, 10, 62, 6, 29, 93, 2, 58, 30, 28)",425,425,False,0.0
163,similar_ratio,20,282,"(35, 38, 19, 14, 9, 40, 5, 4, 47, 46, 35, 34, 11, 41, 10, 21, 32, 42, 38, 43)","(71, 74, 37, 28, 17, 76, 10, 8, 98, 88, 67, 67, 22, 83, 20, 43, 64, 82, 77, 89)",566,575,True,0.01565217391304348
164,similar_ratio,20,238,"(7, 17, 39, 6, 1, 38, 20, 8, 39, 46, 36, 6, 50, 19, 45, 36, 13, 29, 3, 18)","(14, 34, 77, 12, 2, 74, 39, 17, 81, 97, 69, 12, 103, 39, 89, 72, 27, 56, 6, 34)",483,490,True,0.014285714285714285
165,similar_ratio,20,266,"(2, 46, 5, 12, 44, 38, 4, 44, 44, 27, 28, 25, 7, 46, 39, 40, 18, 13, 36, 14)","(4, 96, 10, 24, 92, 76, 8, 87, 85, 52, 59, 51, 14, 96, 77, 77, 37, 25, 73, 27)",550,550,False,0.0
166,similar_ratio,20,234,"(12, 27, 21, 32, 24, 13, 48, 7, 47, 1, 18, 14, 33, 29, 14, 16, 30, 4, 30, 49)","(24, 54, 43, 66, 47, 27, 91, 14, 93, 2, 36, 28, 64, 60, 28, 33, 63, 8, 59, 99)",479,479,False,0.0
167,similar_ratio,20,250,"(15, 22, 50, 6, 34, 28, 32, 16, 46, 10, 27, 34, 11, 5, 33, 27, 41, 29, 10, 24)","(31, 44, 102, 12, 65, 57, 66, 31, 88, 20, 52, 69, 21, 10, 68, 52, 78, 59, 20, 46)",508,508,False,0.0
168,similar_ratio,20,280,"(48, 24, 15, 13, 33, 32, 40, 8, 8, 23, 38, 25, 36, 17, 1, 44, 49, 50, 27, 28)","(92, 47, 30, 27, 68, 65, 81, 17, 16, 45, 79, 52, 76, 34, 2, 85, 97, 101, 53, 54)",568,575,True,0.01217391304347826
169,similar_ratio,20,201,"(17, 12, 8, 23, 35, 37, 5, 9, 3, 10, 33, 20, 28, 37, 4, 34, 48, 14, 12, 13)","(34, 24, 16, 48, 68, 72, 10, 18, 6, 19, 64, 40, 58, 72, 8, 68, 94, 28, 24, 27)",404,406,True,0.0049261083743842365
170,similar_ratio,20,244,"(23, 38, 6, 17, 14, 1, 33, 32, 23, 1, 30, 30, 43, 1, 35, 30, 37, 38, 34, 22)","(48, 75, 12, 34, 29, 2, 65, 62, 46, 2, 59, 60, 83, 2, 67, 61, 71, 72, 70, 44)",485,492,True,0.014227642276422764
171,similar_ratio,20,296,"(36, 27, 38, 30, 12, 20, 12, 49, 15, 36, 40, 7, 36, 42, 38, 26, 46, 9, 34, 38)","(71, 52, 78, 63, 24, 39, 23, 102, 31, 74, 78, 14, 73, 82, 75, 53, 94, 18, 68, 75)",606,607,True,0.0016474464579901153
172,similar_ratio,20,276,"(23, 20, 48, 26, 29, 14, 45, 29, 37, 28, 34, 15, 18, 8, 27, 41, 46, 29, 35, 1)","(45, 41, 92, 52, 60, 28, 93, 60, 77, 53, 66, 30, 35, 16, 55, 82, 91, 59, 69, 2)",557,564,True,0.012411347517730497
173,similar_ratio,20,283,"(21, 50, 33, 16, 46, 45, 48, 10, 41, 47, 38, 1, 10, 7, 13, 18, 38, 40, 31, 13)","(42, 103, 67, 32, 87, 86, 96, 20, 83, 91, 77, 2, 20, 14, 25, 36, 72, 77, 59, 26)",556,572,True,0.027972027972027972
174,similar_ratio,20,280,"(1, 2, 5, 16, 48, 42, 44, 44, 22, 45, 30, 50, 41, 4, 32, 17, 30, 40, 3, 44)","(2, 4, 10, 31, 94, 88, 89, 86, 44, 88, 57, 103, 82, 8, 63, 34, 57, 83, 6, 85)",553,570,True,0.02982456140350877
175,similar_ratio,20,291,"(29, 47, 45, 17, 5, 32, 3, 48, 35, 12, 36, 49, 14, 39, 7, 3, 23, 44, 47, 47)","(56, 95, 90, 34, 10, 64, 6, 97, 72, 24, 72, 97, 28, 77, 14, 6, 45, 85, 94, 93)",584,586,True,0.0034129692832764505
176,similar_ratio,20,230,"(2, 15, 25, 41, 31, 2, 23, 20, 21, 28, 48, 12, 15, 45, 3, 30, 17, 27, 25, 29)","(4, 31, 51, 83, 60, 4, 45, 39, 42, 56, 100, 24, 31, 89, 6, 61, 34, 53, 49, 57)",469,469,False,0.0
177,similar_ratio,20,250,"(14, 38, 26, 42, 47, 48, 6, 7, 45, 27, 36, 26, 5, 7, 15, 19, 28, 13, 24, 27)","(28, 74, 50, 85, 97, 99, 12, 14, 93, 56, 72, 54, 10, 14, 31, 37, 58, 26, 46, 53)",516,516,False,0.0
178,similar_ratio,20,272,"(8, 30, 49, 47, 19, 29, 16, 18, 50, 33, 30, 43, 8, 26, 2, 38, 34, 38, 24, 2)","(17, 61, 103, 94, 37, 60, 32, 36, 97, 68, 58, 83, 16, 53, 4, 76, 71, 79, 50, 4)",562,562,False,0.0
179,similar_ratio,20,252,"(13, 5, 34, 4, 17, 37, 21, 47, 22, 39, 17, 13, 2, 49, 45, 35, 36, 31, 36, 1)","(25, 10, 67, 8, 33, 72, 42, 98, 46, 79, 33, 25, 4, 98, 92, 71, 73, 59, 74, 2)",516,516,False,0.0
180,similar_ratio,20,188,"(10, 1, 8, 29, 3, 1, 9, 12, 34, 42, 48, 22, 15, 2, 17, 48, 37, 20, 2, 15)","(19, 2, 16, 57, 6, 2, 17, 25, 68, 88, 92, 42, 29, 4, 35, 96, 73, 40, 4, 29)",382,382,False,0.0
181,similar_ratio,20,242,"(38, 4, 22, 49, 22, 30, 16, 2, 50, 18, 39, 26, 18, 3, 36, 47, 7, 15, 14, 29)","(78, 8, 45, 96, 43, 61, 31, 4, 98, 35, 77, 55, 38, 6, 74, 96, 14, 31, 28, 60)",495,499,True,0.008016032064128256
182,similar_ratio,20,256,"(29, 15, 23, 5, 18, 33, 18, 14, 2, 43, 37, 47, 15, 2, 16, 44, 35, 44, 23, 50)","(57, 31, 48, 10, 34, 66, 35, 28, 4, 83, 77, 91, 30, 4, 32, 85, 69, 88, 45, 97)",487,516,True,0.0562015503875969
183,similar_ratio,20,212,"(7, 1, 15, 6, 6, 3, 40, 41, 35, 1, 45, 37, 49, 25, 10, 39, 26, 18, 19, 2)","(13, 2, 31, 12, 11, 6, 81, 86, 73, 2, 91, 71, 102, 48, 21, 80, 52, 37, 40, 4)",429,441,True,0.027210884353741496
184,similar_ratio,20,284,"(18, 45, 45, 22, 47, 14, 38, 9, 22, 15, 41, 42, 7, 35, 50, 1, 27, 5, 35, 50)","(34, 94, 88, 45, 95, 29, 77, 18, 43, 29, 81, 86, 14, 67, 105, 2, 55, 10, 67, 102)",560,584,True,0.0410958904109589
185,similar_ratio,20,256,"(8, 20, 32, 26, 38, 16, 17, 35, 41, 49, 17, 17, 12, 25, 38, 12, 50, 26, 23, 9)","(15, 41, 64, 50, 78, 33, 34, 67, 86, 102, 34, 34, 25, 49, 73, 23, 95, 52, 44, 18)",515,524,True,0.01717557251908397
186,similar_ratio,20,266,"(22, 36, 7, 8, 13, 36, 23, 26, 30, 37, 23, 19, 47, 8, 41, 39, 50, 1, 18, 49)","(45, 74, 14, 17, 27, 69, 44, 52, 58, 71, 47, 40, 90, 16, 79, 74, 101, 2, 38, 95)",531,540,True,0.016666666666666666
187,similar_ratio,20,314,"(23, 38, 2, 36, 48, 30, 11, 23, 22, 40, 43, 50, 23, 34, 28, 11, 43, 46, 41, 37)","(47, 73, 4, 70, 98, 62, 22, 45, 43, 82, 85, 104, 47, 68, 57, 23, 87, 93, 82, 75)",621,643,True,0.03421461897356143
188,similar_ratio,20,249,"(46, 15, 1, 45, 17, 20, 8, 45, 32, 8, 3, 14, 43, 38, 4, 36, 22, 17, 47, 37)","(95, 29, 2, 88, 35, 39, 15, 90, 64, 16, 6, 28, 89, 73, 8, 70, 43, 33, 97, 72)",502,508,True,0.011811023622047244
189,similar_ratio,20,188,"(31, 18, 36, 26, 34, 3, 13, 3, 7, 8, 14, 11, 15, 11, 49, 2, 35, 22, 3, 34)","(64, 35, 69, 53, 65, 6, 26, 6, 15, 16, 27, 23, 29, 22, 97, 4, 71, 42, 6, 67)",379,381,True,0.005249343832020997
190,similar_ratio,20,250,"(5, 22, 14, 26, 10, 46, 34, 35, 48, 20, 4, 42, 14, 5, 31, 19, 36, 9, 42, 38)","(10, 46, 27, 54, 19, 95, 65, 67, 95, 40, 8, 86, 28, 10, 62, 38, 69, 18, 80, 74)",495,508,True,0.025590551181102362
191,similar_ratio,20,298,"(49, 36, 33, 50, 41, 4, 4, 24, 4, 41, 19, 33, 24, 19, 15, 50, 47, 40, 41, 21)","(98, 75, 66, 99, 84, 8, 8, 48, 8, 80, 36, 66, 50, 37, 29, 103, 96, 78, 82, 42)",596,607,True,0.018121911037891267
192,similar_ratio,20,252,"(24, 6, 28, 28, 15, 50, 26, 11, 13, 17, 19, 26, 41, 33, 15, 43, 15, 21, 48, 25)","(50, 12, 55, 55, 30, 96, 50, 21, 27, 33, 38, 53, 80, 64, 29, 85, 31, 43, 92, 48)",500,505,True,0.009900990099009901
193,similar_ratio,20,317,"(36, 49, 20, 34, 2, 30, 48, 14, 32, 18, 36, 36, 47, 46, 49, 42, 6, 34, 33, 22)","(72, 95, 40, 71, 4, 60, 100, 29, 64, 37, 71, 70, 91, 89, 97, 83, 12, 69, 66, 43)",624,643,True,0.029548989113530325
194,similar_ratio,20,221,"(39, 10, 17, 28, 29, 27, 41, 11, 8, 37, 7, 10, 30, 6, 49, 30, 15, 14, 6, 28)","(75, 20, 35, 57, 58, 53, 79, 22, 16, 72, 14, 21, 59, 12, 97, 58, 30, 29, 12, 57)",442,446,True,0.008968609865470852
195,similar_ratio,20,266,"(39, 42, 44, 14, 42, 37, 47, 22, 36, 28, 10, 7, 7, 34, 4, 4, 35, 11, 34, 36)","(77, 81, 91, 28, 82, 75, 92, 43, 72, 58, 20, 14, 13, 71, 8, 8, 71, 21, 65, 73)",539,541,True,0.0036968576709796672
196,similar_ratio,20,262,"(42, 42, 14, 43, 6, 46, 33, 7, 36, 18, 23, 5, 47, 31, 47, 4, 27, 8, 12, 33)","(84, 86, 29, 87, 12, 96, 65, 15, 71, 37, 46, 10, 95, 62, 92, 8, 53, 16, 23, 67)",534,536,True,0.0037313432835820895
197,similar_ratio,20,257,"(35, 11, 13, 3, 30, 14, 27, 44, 10, 32, 35, 39, 20, 16, 31, 41, 19, 34, 21, 39)","(67, 21, 26, 6, 58, 29, 56, 89, 20, 63, 70, 82, 41, 32, 64, 81, 39, 70, 41, 82)",515,531,True,0.030131826741996232
198,similar_ratio,20,268,"(4, 31, 48, 30, 19, 12, 49, 32, 38, 22, 16, 7, 4, 44, 35, 48, 9, 19, 24, 45)","(8, 60, 101, 57, 37, 25, 93, 64, 78, 43, 32, 15, 8, 86, 68, 95, 17, 38, 47, 86)",528,542,True,0.025830258302583026
199,similar_ratio,20,292,"(23, 18, 20, 45, 17, 37, 35, 34, 44, 32, 32, 45, 21, 48, 24, 25, 20, 19, 3, 42)","(47, 37, 38, 90, 33, 73, 69, 69, 90, 64, 62, 93, 44, 94, 49, 52, 41, 36, 6, 86)",578,598,True,0.033444816053511704
200,similar_ratio,20,239,"(3, 48, 10, 18, 45, 11, 29, 30, 42, 20, 25, 7, 15, 32, 46, 9, 31, 13, 8, 36)","(6, 98, 20, 37, 89, 22, 57, 58, 87, 41, 49, 14, 31, 63, 89, 19, 62, 26, 16, 73)",474,488,True,0.028688524590163935
201,similar_ratio,20,240,"(5, 27, 19, 45, 31, 18, 36, 9, 31, 15, 45, 1, 16, 12, 31, 2, 5, 47, 35, 50)","(10, 51, 37, 92, 63, 36, 73, 19, 59, 29, 94, 2, 32, 24, 63, 4, 10, 93, 72, 101)",492,492,False,0.0
202,similar_ratio,20,292,"(49, 31, 13, 26, 28, 29, 34, 16, 40, 42, 26, 9, 48, 46, 34, 17, 32, 3, 12, 50)","(97, 61, 25, 54, 56, 55, 67, 32, 82, 84, 51, 18, 98, 93, 66, 34, 63, 6, 25, 96)",582,591,True,0.015228426395939087
203,similar_ratio,20,204,"(6, 32, 14, 39, 17, 47, 16, 7, 9, 36, 23, 38, 13, 7, 5, 30, 12, 25, 9, 24)","(11, 65, 27, 82, 34, 90, 32, 14, 17, 74, 46, 75, 26, 14, 10, 59, 23, 52, 18, 46)",413,417,True,0.009592326139088728
204,similar_ratio,20,272,"(26, 38, 27, 22, 37, 27, 5, 34, 10, 15, 16, 20, 14, 48, 9, 47, 50, 37, 29, 34)","(54, 74, 54, 42, 71, 52, 10, 70, 21, 29, 31, 40, 28, 99, 18, 95, 104, 74, 57, 65)",547,557,True,0.017953321364452424
205,similar_ratio,20,259,"(28, 7, 32, 46, 49, 7, 15, 41, 13, 47, 1, 21, 18, 6, 39, 15, 44, 45, 20, 24)","(56, 14, 64, 89, 98, 14, 29, 84, 26, 92, 2, 43, 37, 12, 76, 29, 92, 87, 40, 46)",516,526,True,0.019011406844106463
206,similar_ratio,20,265,"(1, 48, 9, 16, 17, 9, 13, 16, 44, 43, 28, 43, 20, 23, 44, 48, 43, 30, 1, 34)","(2, 93, 19, 31, 35, 18, 25, 31, 87, 84, 54, 86, 38, 45, 84, 98, 83, 58, 2, 70)",524,532,True,0.015037593984962405
207,similar_ratio,20,268,"(33, 39, 15, 2, 23, 32, 4, 9, 21, 30, 26, 35, 7, 33, 45, 49, 43, 42, 25, 24)","(67, 81, 31, 4, 44, 66, 8, 17, 42, 58, 54, 68, 14, 68, 86, 101, 84, 86, 49, 48)",541,551,True,0.018148820326678767
208,similar_ratio,20,270,"(18, 13, 37, 37, 30, 44, 41, 27, 15, 36, 26, 17, 15, 10, 16, 38, 15, 47, 47, 10)","(36, 25, 72, 75, 59, 90, 82, 52, 29, 75, 51, 34, 30, 20, 31, 76, 31, 99, 96, 21)",553,554,True,0.0018050541516245488
209,similar_ratio,20,278,"(36, 11, 19, 44, 24, 15, 21, 19, 32, 5, 9, 29, 42, 42, 9, 45, 39, 19, 49, 46)","(73, 23, 36, 85, 46, 31, 41, 36, 66, 10, 18, 59, 81, 82, 18, 91, 78, 36, 100, 91)",530,563,True,0.0586145648312611
210,similar_ratio,20,240,"(25, 47, 11, 42, 3, 8, 31, 8, 29, 27, 22, 38, 5, 17, 50, 5, 21, 42, 33, 15)","(48, 98, 22, 82, 6, 16, 63, 16, 56, 56, 45, 73, 10, 33, 104, 10, 42, 85, 64, 29)",489,493,True,0.008113590263691683
211,similar_ratio,20,319,"(37, 16, 41, 40, 38, 9, 28, 43, 41, 12, 45, 44, 50, 35, 29, 16, 11, 41, 37, 25)","(73, 30, 82, 79, 77, 18, 57, 90, 86, 24, 91, 85, 102, 68, 56, 33, 22, 86, 71, 49)",640,655,True,0.022900763358778626
212,similar_ratio,20,202,"(26, 3, 4, 9, 3, 12, 34, 9, 28, 5, 3, 30, 18, 22, 30, 36, 38, 36, 44, 14)","(53, 6, 8, 17, 6, 25, 67, 18, 55, 10, 6, 59, 35, 44, 59, 72, 73, 69, 89, 29)",401,407,True,0.014742014742014743
213,similar_ratio,20,296,"(10, 19, 27, 20, 28, 14, 36, 46, 37, 38, 49, 18, 14, 36, 23, 25, 41, 17, 46, 48)","(20, 36, 54, 39, 56, 28, 72, 95, 75, 78, 94, 35, 28, 71, 45, 52, 82, 33, 89, 100)",586,604,True,0.029801324503311258
214,similar_ratio,20,268,"(34, 27, 35, 15, 17, 16, 44, 42, 43, 4, 15, 39, 45, 10, 22, 43, 24, 28, 32, 1)","(70, 53, 72, 30, 33, 33, 85, 84, 89, 8, 31, 79, 86, 21, 45, 88, 47, 59, 64, 2)",548,552,True,0.007246376811594203
215,similar_ratio,20,238,"(3, 22, 19, 43, 25, 2, 39, 12, 8, 30, 28, 44, 40, 15, 41, 37, 21, 34, 10, 4)","(6, 42, 37, 82, 49, 4, 80, 23, 16, 62, 56, 87, 81, 30, 80, 74, 41, 69, 19, 8)",478,482,True,0.008298755186721992
216,similar_ratio,20,222,"(14, 46, 2, 37, 23, 35, 10, 18, 3, 31, 39, 1, 18, 41, 32, 21, 11, 19, 27, 17)","(28, 92, 4, 70, 48, 70, 20, 36, 6, 65, 75, 2, 36, 81, 62, 41, 23, 39, 53, 35)",432,452,True,0.04424778761061947
217,similar_ratio,20,232,"(19, 17, 8, 18, 43, 28, 46, 6, 19, 4, 23, 5, 21, 11, 35, 11, 43, 37, 27, 43)","(37, 35, 16, 37, 88, 56, 92, 11, 39, 8, 48, 10, 41, 22, 69, 22, 84, 71, 57, 82)",468,474,True,0.012658227848101266
218,similar_ratio,20,226,"(20, 49, 23, 4, 23, 23, 16, 38, 30, 41, 31, 9, 9, 5, 30, 18, 33, 30, 3, 18)","(39, 102, 45, 8, 46, 45, 31, 79, 60, 80, 62, 18, 19, 10, 61, 37, 68, 58, 6, 34)",454,464,True,0.021551724137931036
219,similar_ratio,20,258,"(45, 34, 46, 19, 19, 3, 41, 24, 10, 18, 21, 36, 34, 32, 46, 24, 2, 1, 20, 42)","(91, 65, 94, 38, 40, 6, 84, 49, 19, 35, 43, 69, 70, 63, 95, 47, 4, 2, 40, 80)",525,529,True,0.007561436672967864
220,similar_ratio,20,289,"(48, 47, 18, 27, 46, 31, 26, 38, 38, 5, 46, 20, 21, 50, 2, 15, 41, 6, 42, 11)","(99, 92, 37, 54, 90, 64, 51, 74, 79, 10, 94, 39, 40, 97, 4, 31, 84, 12, 84, 21)",589,591,True,0.00338409475465313
221,similar_ratio,20,286,"(16, 32, 50, 49, 36, 45, 3, 41, 41, 32, 16, 6, 7, 49, 11, 43, 27, 45, 17, 6)","(32, 63, 97, 102, 72, 91, 6, 79, 79, 65, 33, 12, 14, 94, 22, 85, 56, 91, 34, 12)",574,582,True,0.013745704467353952
222,similar_ratio,20,248,"(50, 19, 2, 29, 29, 50, 27, 32, 14, 16, 29, 13, 5, 26, 33, 48, 6, 9, 48, 12)","(96, 37, 4, 59, 58, 95, 52, 65, 28, 32, 61, 27, 10, 50, 65, 96, 12, 17, 99, 24)",496,505,True,0.01782178217821782
223,similar_ratio,20,322,"(22, 13, 35, 50, 50, 43, 39, 43, 8, 47, 26, 49, 48, 46, 2, 37, 17, 42, 24, 4)","(43, 26, 71, 102, 103, 82, 79, 82, 15, 93, 51, 100, 93, 91, 4, 78, 33, 81, 48, 8)",652,656,True,0.006097560975609756
224,similar_ratio,20,228,"(5, 30, 35, 7, 43, 2, 17, 7, 50, 23, 49, 26, 7, 47, 35, 40, 19, 6, 4, 4)","(10, 57, 73, 14, 86, 4, 34, 13, 99, 45, 96, 51, 14, 93, 69, 80, 39, 11, 8, 8)",452,459,True,0.015250544662309368
225,similar_ratio,20,244,"(45, 12, 39, 13, 49, 1, 2, 18, 14, 19, 28, 9, 19, 44, 24, 39, 16, 43, 36, 19)","(94, 25, 80, 26, 102, 2, 4, 36, 28, 36, 56, 18, 39, 87, 49, 77, 33, 82, 72, 39)",493,503,True,0.019880715705765408
226,similar_ratio,20,288,"(31, 42, 39, 12, 25, 30, 45, 23, 40, 34, 46, 21, 6, 10, 48, 27, 24, 25, 13, 35)","(59, 84, 81, 24, 50, 62, 90, 47, 79, 65, 92, 42, 12, 20, 92, 56, 46, 48, 27, 71)",576,586,True,0.017064846416382253
227,similar_ratio,20,244,"(26, 44, 29, 48, 3, 18, 16, 16, 46, 16, 24, 43, 30, 16, 29, 1, 7, 1, 29, 45)","(54, 87, 60, 95, 6, 35, 31, 32, 96, 33, 50, 84, 61, 31, 58, 2, 13, 2, 60, 89)",491,501,True,0.01996007984031936
228,similar_ratio,20,272,"(49, 15, 15, 39, 30, 10, 5, 9, 45, 27, 24, 47, 13, 41, 6, 34, 32, 47, 39, 17)","(100, 30, 30, 80, 62, 21, 10, 19, 94, 57, 48, 93, 27, 86, 12, 69, 66, 95, 77, 34)",564,564,False,0.0
229,similar_ratio,20,192,"(34, 35, 17, 14, 36, 19, 1, 12, 5, 18, 2, 28, 40, 18, 15, 24, 31, 5, 29, 2)","(66, 70, 35, 28, 72, 36, 2, 23, 10, 37, 4, 58, 76, 35, 30, 49, 64, 10, 57, 4)",391,391,False,0.0
230,similar_ratio,20,265,"(46, 47, 35, 28, 32, 31, 40, 17, 1, 46, 2, 43, 12, 31, 25, 19, 2, 21, 32, 20)","(89, 98, 67, 57, 65, 64, 80, 36, 2, 95, 4, 84, 23, 65, 50, 37, 4, 44, 64, 42)",548,548,False,0.0
231,similar_ratio,20,326,"(2, 25, 21, 37, 50, 50, 30, 46, 49, 48, 8, 2, 50, 18, 1, 39, 45, 42, 45, 44)","(4, 52, 43, 72, 103, 98, 62, 96, 100, 98, 16, 4, 98, 38, 2, 81, 91, 84, 86, 91)",674,674,False,0.0
232,similar_ratio,20,226,"(18, 6, 18, 11, 33, 21, 24, 15, 30, 42, 48, 28, 39, 18, 12, 38, 11, 25, 14, 1)","(35, 11, 37, 22, 69, 41, 49, 29, 62, 87, 97, 57, 80, 34, 23, 75, 22, 49, 27, 2)",465,465,False,0.0
233,similar_ratio,20,234,"(44, 12, 31, 6, 18, 46, 44, 39, 15, 8, 14, 19, 41, 40, 20, 33, 18, 3, 12, 5)","(91, 24, 62, 12, 35, 88, 86, 80, 31, 16, 27, 38, 79, 82, 42, 66, 36, 6, 23, 10)",478,478,False,0.0
234,similar_ratio,20,266,"(22, 4, 27, 31, 15, 23, 40, 17, 39, 25, 43, 19, 42, 8, 47, 48, 20, 11, 49, 1)","(43, 8, 54, 64, 31, 45, 83, 34, 79, 51, 84, 39, 83, 15, 95, 94, 39, 22, 97, 2)",540,541,True,0.0018484288354898336
235,similar_ratio,20,214,"(23, 50, 5, 17, 4, 30, 12, 28, 47, 46, 6, 24, 49, 8, 6, 13, 27, 22, 8, 2)","(47, 95, 10, 35, 8, 58, 24, 55, 91, 94, 12, 48, 98, 16, 12, 27, 52, 45, 16, 4)",398,434,True,0.08294930875576037
236,similar_ratio,20,318,"(44, 47, 25, 49, 37, 45, 24, 47, 29, 14, 33, 26, 4, 22, 45, 45, 24, 30, 1, 44)","(87, 93, 51, 99, 71, 88, 49, 95, 56, 29, 69, 54, 8, 42, 86, 93, 50, 58, 2, 88)",641,650,True,0.013846153846153847
237,similar_ratio,20,302,"(40, 11, 27, 12, 42, 28, 46, 39, 45, 24, 17, 31, 28, 45, 34, 24, 18, 28, 16, 50)","(80, 23, 52, 24, 88, 58, 87, 75, 91, 47, 33, 62, 54, 92, 70, 48, 35, 56, 32, 97)",588,615,True,0.04390243902439024
238,similar_ratio,20,206,"(24, 47, 6, 11, 36, 3, 20, 2, 19, 17, 16, 16, 1, 42, 38, 45, 13, 8, 32, 17)","(46, 95, 12, 21, 72, 6, 39, 4, 40, 35, 32, 32, 2, 84, 80, 92, 26, 17, 65, 34)",424,424,False,0.0
239,similar_ratio,20,262,"(8, 46, 7, 24, 48, 19, 10, 2, 6, 16, 24, 39, 45, 49, 29, 32, 6, 43, 28, 42)","(16, 89, 14, 48, 94, 39, 21, 4, 12, 31, 48, 79, 94, 101, 59, 67, 12, 87, 54, 82)",538,538,False,0.0
240,similar_ratio,20,300,"(40, 21, 49, 42, 3, 16, 24, 43, 40, 34, 36, 1, 33, 27, 40, 48, 20, 32, 35, 15)","(76, 41, 98, 87, 6, 30, 48, 86, 81, 66, 74, 2, 67, 56, 77, 98, 38, 65, 68, 29)",584,611,True,0.044189852700491
241,similar_ratio,20,224,"(45, 7, 45, 5, 42, 11, 18, 47, 1, 40, 33, 15, 11, 39, 10, 10, 44, 16, 4, 6)","(90, 14, 93, 10, 87, 22, 37, 91, 2, 78, 69, 30, 23, 79, 20, 20, 89, 32, 8, 11)",456,460,True,0.008695652173913044
242,similar_ratio,20,282,"(22, 34, 40, 46, 1, 35, 39, 3, 21, 22, 1, 30, 22, 49, 15, 49, 9, 50, 35, 42)","(42, 71, 80, 95, 2, 68, 80, 6, 44, 43, 2, 60, 43, 95, 29, 99, 19, 105, 71, 82)",575,581,True,0.010327022375215147
243,similar_ratio,20,240,"(34, 4, 20, 8, 24, 37, 14, 37, 4, 42, 4, 48, 7, 45, 42, 7, 12, 40, 10, 42)","(67, 8, 39, 15, 49, 75, 28, 75, 8, 82, 8, 93, 14, 87, 81, 14, 25, 77, 20, 83)",474,481,True,0.014553014553014554
244,similar_ratio,20,258,"(49, 44, 38, 23, 47, 22, 18, 9, 28, 23, 23, 7, 30, 5, 36, 33, 16, 22, 30, 14)","(101, 87, 76, 44, 91, 43, 36, 17, 54, 44, 46, 14, 58, 10, 73, 69, 32, 43, 63, 29)",517,525,True,0.015238095238095238
245,similar_ratio,20,274,"(9, 5, 48, 41, 3, 17, 31, 46, 26, 3, 40, 44, 10, 36, 44, 13, 41, 1, 42, 47)","(18, 10, 101, 82, 6, 36, 63, 90, 50, 6, 77, 91, 20, 69, 89, 26, 79, 2, 80, 93)",550,559,True,0.016100178890876567
246,similar_ratio,20,282,"(4, 47, 47, 37, 36, 47, 45, 14, 44, 9, 2, 46, 29, 35, 33, 29, 32, 9, 10, 10)","(8, 93, 93, 72, 74, 90, 94, 28, 86, 17, 4, 88, 60, 68, 66, 60, 64, 19, 19, 21)",570,574,True,0.006968641114982578
247,similar_ratio,20,283,"(30, 23, 50, 40, 28, 13, 42, 49, 46, 36, 14, 35, 7, 29, 7, 43, 4, 24, 3, 43)","(59, 48, 105, 79, 53, 25, 82, 102, 91, 69, 29, 71, 14, 61, 14, 85, 8, 49, 6, 85)",566,581,True,0.025817555938037865
248,similar_ratio,20,272,"(27, 31, 45, 7, 38, 32, 27, 7, 32, 32, 16, 29, 43, 40, 30, 37, 1, 31, 36, 3)","(55, 63, 90, 14, 77, 63, 55, 14, 64, 65, 31, 58, 84, 81, 58, 73, 2, 60, 75, 6)",538,552,True,0.025362318840579712
249,similar_ratio,20,278,"(18, 39, 39, 40, 32, 35, 50, 27, 23, 33, 29, 16, 23, 36, 13, 32, 5, 22, 40, 5)","(36, 76, 81, 81, 66, 68, 99, 56, 46, 67, 60, 31, 45, 71, 27, 67, 10, 45, 76, 10)",570,571,True,0.0017513134851138354
250,similar_ratio,20,270,"(25, 11, 5, 36, 11, 27, 28, 35, 42, 48, 12, 13, 18, 37, 48, 30, 16, 38, 40, 21)","(50, 22, 10, 70, 23, 53, 56, 71, 87, 93, 24, 27, 35, 77, 95, 61, 32, 76, 78, 42)",540,550,True,0.01818181818181818
251,similar_ratio,20,237,"(29, 47, 30, 46, 17, 30, 33, 11, 39, 8, 10, 16, 49, 14, 13, 11, 13, 45, 8, 5)","(59, 95, 58, 92, 33, 59, 67, 23, 80, 16, 20, 32, 102, 27, 26, 21, 27, 87, 16, 10)",485,485,False,0.0
252,similar_ratio,20,314,"(50, 44, 10, 22, 32, 50, 50, 42, 47, 47, 18, 18, 38, 24, 18, 45, 16, 7, 14, 35)","(101, 86, 21, 43, 62, 102, 101, 84, 97, 92, 35, 37, 72, 49, 38, 91, 33, 13, 27, 67)",639,639,False,0.0
253,similar_ratio,20,235,"(35, 27, 42, 15, 29, 18, 47, 2, 14, 27, 17, 6, 19, 44, 30, 38, 11, 18, 12, 19)","(70, 56, 85, 29, 55, 36, 94, 4, 27, 55, 34, 12, 39, 92, 61, 78, 21, 36, 23, 39)",472,482,True,0.02074688796680498
254,similar_ratio,20,233,"(24, 27, 14, 33, 21, 44, 12, 5, 16, 41, 19, 22, 3, 7, 41, 24, 16, 46, 39, 12)","(48, 55, 27, 67, 43, 89, 24, 10, 33, 83, 37, 45, 6, 14, 84, 47, 32, 91, 81, 23)",472,476,True,0.008403361344537815
255,similar_ratio,20,224,"(4, 41, 3, 24, 9, 35, 25, 38, 12, 30, 5, 23, 19, 13, 22, 26, 14, 42, 14, 50)","(8, 84, 6, 49, 18, 70, 52, 76, 25, 59, 10, 47, 39, 26, 44, 50, 27, 83, 28, 99)",434,456,True,0.04824561403508772
256,similar_ratio,20,264,"(32, 24, 3, 28, 33, 43, 21, 39, 35, 11, 4, 30, 48, 50, 37, 2, 1, 28, 29, 31)","(63, 47, 6, 55, 64, 84, 44, 75, 69, 22, 8, 63, 99, 97, 71, 4, 2, 55, 57, 64)",501,534,True,0.06179775280898876
257,similar_ratio,20,240,"(21, 18, 34, 40, 47, 40, 16, 40, 12, 2, 11, 30, 8, 11, 48, 44, 9, 33, 7, 9)","(42, 36, 66, 83, 94, 77, 32, 80, 25, 4, 21, 61, 15, 23, 96, 86, 19, 67, 15, 17)",486,488,True,0.004098360655737705
258,similar_ratio,20,282,"(42, 10, 28, 43, 38, 23, 19, 12, 13, 47, 6, 14, 28, 36, 50, 7, 50, 35, 20, 43)","(87, 21, 54, 84, 72, 45, 39, 25, 27, 99, 12, 28, 59, 70, 101, 15, 98, 71, 39, 87)",570,581,True,0.0189328743545611
259,similar_ratio,20,194,"(3, 6, 32, 16, 50, 24, 13, 9, 7, 38, 32, 13, 31, 5, 25, 33, 14, 25, 4, 7)","(6, 12, 65, 33, 95, 49, 26, 17, 14, 77, 61, 27, 63, 10, 52, 63, 27, 51, 8, 14)",394,396,True,0.005050505050505051
260,similar_ratio,20,262,"(14, 27, 31, 4, 18, 5, 5, 42, 50, 46, 35, 40, 24, 41, 25, 24, 47, 1, 42, 4)","(27, 54, 60, 8, 37, 10, 10, 82, 96, 90, 71, 81, 50, 85, 52, 49, 97, 2, 82, 8)",532,538,True,0.011152416356877323
261,similar_ratio,20,234,"(28, 2, 3, 45, 12, 17, 28, 12, 28, 6, 45, 2, 46, 45, 3, 50, 11, 47, 11, 27)","(59, 4, 6, 91, 25, 34, 55, 24, 54, 12, 86, 4, 92, 90, 6, 98, 22, 95, 22, 52)",474,474,False,0.0
262,similar_ratio,20,240,"(21, 27, 24, 15, 45, 15, 11, 35, 37, 50, 9, 34, 5, 19, 29, 39, 20, 15, 19, 10)","(43, 54, 50, 31, 91, 31, 21, 72, 77, 98, 18, 68, 10, 39, 58, 81, 40, 30, 37, 20)",488,494,True,0.012145748987854251
263,similar_ratio,20,306,"(48, 49, 28, 50, 17, 29, 1, 43, 40, 50, 36, 42, 48, 9, 20, 16, 22, 12, 12, 39)","(100, 103, 55, 99, 33, 60, 2, 84, 81, 104, 69, 87, 94, 17, 41, 31, 46, 25, 25, 74)",626,633,True,0.011058451816745656
264,similar_ratio,20,238,"(40, 19, 34, 15, 49, 21, 6, 24, 29, 50, 25, 10, 28, 21, 5, 13, 39, 17, 14, 17)","(82, 38, 66, 31, 93, 43, 12, 48, 55, 105, 49, 19, 53, 40, 10, 26, 77, 35, 28, 35)",484,486,True,0.00411522633744856
265,similar_ratio,20,221,"(26, 21, 21, 15, 18, 15, 3, 11, 15, 31, 19, 37, 15, 34, 29, 22, 37, 8, 25, 40)","(52, 42, 41, 31, 37, 31, 6, 22, 29, 62, 36, 74, 29, 68, 59, 42, 73, 16, 51, 79)",438,447,True,0.020134228187919462
266,similar_ratio,20,236,"(5, 44, 48, 25, 4, 7, 34, 37, 13, 3, 11, 42, 10, 35, 26, 28, 3, 40, 9, 49)","(10, 84, 93, 50, 8, 13, 70, 77, 25, 6, 22, 88, 20, 69, 53, 58, 6, 79, 18, 103)",479,489,True,0.02044989775051125
267,similar_ratio,20,185,"(13, 22, 1, 3, 15, 1, 3, 45, 30, 21, 5, 43, 8, 30, 15, 34, 31, 27, 21, 2)","(25, 46, 2, 6, 30, 2, 6, 93, 59, 43, 10, 87, 17, 61, 31, 68, 61, 52, 40, 4)",380,380,False,0.0
268,similar_ratio,20,262,"(49, 36, 27, 47, 37, 18, 1, 15, 14, 26, 17, 36, 24, 15, 24, 35, 19, 26, 14, 45)","(102, 71, 56, 91, 76, 35, 2, 30, 27, 50, 36, 75, 46, 29, 47, 72, 38, 50, 28, 92)",541,541,False,0.0
269,similar_ratio,20,225,"(3, 5, 40, 13, 44, 5, 41, 24, 1, 29, 41, 17, 19, 13, 6, 32, 23, 46, 15, 33)","(6, 10, 78, 26, 88, 10, 79, 47, 2, 58, 79, 32, 39, 27, 12, 62, 48, 88, 29, 64)",451,451,False,0.0
270,similar_ratio,20,266,"(12, 6, 20, 42, 3, 31, 18, 42, 17, 28, 40, 37, 37, 48, 1, 48, 38, 21, 11, 32)","(24, 12, 38, 87, 6, 62, 37, 84, 36, 55, 77, 74, 71, 94, 2, 98, 73, 43, 23, 65)",533,543,True,0.01841620626151013
271,similar_ratio,20,214,"(31, 22, 24, 43, 7, 27, 27, 8, 23, 6, 10, 31, 31, 3, 10, 6, 46, 47, 14, 13)","(63, 45, 48, 86, 13, 52, 55, 17, 47, 12, 20, 59, 61, 6, 20, 13, 89, 98, 28, 27)",431,439,True,0.018223234624145785
272,similar_ratio,20,249,"(31, 42, 22, 45, 35, 33, 11, 2, 23, 16, 15, 36, 42, 9, 30, 27, 39, 6, 12, 22)","(61, 87, 43, 91, 71, 69, 22, 4, 44, 32, 30, 73, 86, 18, 60, 52, 75, 12, 24, 44)",503,509,True,0.011787819253438114
273,similar_ratio,20,298,"(13, 38, 47, 19, 6, 34, 42, 45, 20, 47, 24, 44, 38, 19, 10, 38, 46, 19, 27, 20)","(26, 74, 95, 37, 12, 65, 83, 93, 42, 93, 47, 85, 76, 40, 20, 77, 88, 37, 52, 42)",606,606,False,0.0
274,similar_ratio,20,248,"(10, 27, 14, 18, 50, 14, 26, 2, 24, 38, 18, 45, 23, 49, 18, 36, 26, 6, 2, 49)","(20, 52, 27, 35, 101, 27, 52, 4, 48, 80, 37, 86, 45, 97, 37, 73, 52, 12, 4, 100)",504,505,True,0.0019801980198019802
275,similar_ratio,20,296,"(49, 8, 24, 21, 22, 9, 23, 37, 28, 45, 14, 45, 34, 21, 43, 26, 43, 31, 45, 24)","(101, 16, 48, 41, 45, 18, 46, 74, 58, 92, 28, 91, 67, 41, 89, 53, 90, 64, 90, 50)",605,610,True,0.00819672131147541
276,similar_ratio,20,258,"(24, 49, 50, 18, 25, 32, 21, 2, 22, 28, 3, 25, 30, 17, 17, 40, 5, 38, 44, 26)","(46, 101, 98, 34, 48, 62, 41, 4, 43, 57, 6, 50, 63, 33, 35, 79, 10, 77, 86, 51)",523,523,False,0.0
277,similar_ratio,20,242,"(6, 14, 11, 38, 31, 38, 33, 16, 20, 5, 30, 14, 10, 33, 44, 26, 19, 43, 25, 27)","(13, 28, 22, 73, 61, 77, 64, 33, 41, 10, 60, 28, 19, 64, 84, 53, 38, 86, 48, 52)",489,489,False,0.0
278,similar_ratio,20,294,"(19, 3, 44, 15, 16, 50, 25, 6, 43, 16, 39, 33, 43, 48, 18, 35, 31, 33, 42, 29)","(38, 6, 88, 30, 31, 99, 52, 12, 89, 32, 79, 65, 83, 93, 38, 70, 59, 69, 80, 57)",598,598,False,0.0
279,similar_ratio,20,236,"(27, 4, 12, 20, 14, 7, 26, 12, 46, 43, 31, 11, 46, 38, 23, 4, 38, 30, 27, 13)","(53, 8, 24, 40, 28, 14, 51, 24, 94, 88, 65, 22, 96, 77, 45, 8, 78, 59, 55, 25)",484,485,True,0.002061855670103093
280,similar_ratio,20,304,"(20, 48, 41, 29, 36, 2, 42, 39, 49, 15, 25, 42, 46, 18, 35, 48, 7, 29, 10, 27)","(40, 100, 85, 58, 74, 4, 80, 79, 98, 30, 52, 87, 91, 37, 69, 97, 14, 59, 21, 56)",615,627,True,0.019138755980861243
281,similar_ratio,20,260,"(2, 8, 33, 49, 36, 34, 5, 40, 9, 7, 4, 28, 34, 42, 8, 34, 30, 32, 46, 40)","(4, 16, 68, 102, 74, 66, 10, 82, 19, 14, 8, 58, 71, 80, 16, 69, 57, 62, 92, 78)",526,536,True,0.018656716417910446
282,similar_ratio,20,257,"(43, 43, 44, 21, 4, 37, 31, 29, 47, 9, 19, 22, 22, 16, 27, 31, 15, 6, 15, 33)","(82, 86, 87, 41, 8, 74, 63, 59, 95, 18, 37, 45, 43, 31, 57, 64, 30, 12, 30, 64)",507,522,True,0.028735632183908046
283,similar_ratio,20,264,"(47, 34, 30, 41, 15, 10, 37, 49, 12, 27, 31, 33, 13, 36, 13, 32, 8, 13, 12, 35)","(89, 71, 63, 81, 31, 21, 72, 93, 24, 54, 60, 65, 25, 75, 25, 62, 16, 25, 24, 67)",525,535,True,0.018691588785046728
284,similar_ratio,20,238,"(3, 24, 30, 33, 31, 5, 9, 40, 15, 33, 10, 25, 22, 30, 24, 23, 33, 1, 42, 43)","(6, 46, 59, 68, 60, 10, 17, 82, 31, 68, 21, 52, 45, 57, 50, 45, 67, 2, 88, 87)",478,492,True,0.028455284552845527
285,similar_ratio,20,254,"(38, 37, 6, 26, 4, 10, 46, 18, 1, 48, 21, 49, 3, 32, 47, 13, 7, 25, 47, 30)","(74, 75, 12, 54, 8, 21, 93, 36, 2, 100, 43, 95, 6, 64, 93, 27, 14, 50, 95, 62)",517,521,True,0.007677543186180422
286,similar_ratio,20,292,"(32, 45, 46, 28, 35, 48, 49, 25, 8, 16, 35, 8, 2, 41, 2, 39, 37, 23, 39, 27)","(61, 86, 91, 58, 71, 99, 94, 52, 16, 32, 71, 15, 4, 78, 4, 77, 77, 47, 79, 54)",593,597,True,0.006700167504187605
287,similar_ratio,20,268,"(36, 17, 11, 37, 2, 22, 26, 3, 49, 46, 47, 12, 25, 50, 29, 33, 11, 22, 34, 24)","(69, 33, 22, 74, 4, 43, 53, 6, 96, 95, 91, 24, 48, 100, 59, 66, 23, 44, 67, 47)",526,542,True,0.02952029520295203
288,similar_ratio,20,284,"(19, 48, 4, 41, 30, 49, 31, 45, 38, 8, 24, 26, 24, 31, 43, 10, 14, 36, 3, 45)","(40, 96, 8, 84, 61, 98, 60, 93, 78, 17, 47, 54, 50, 62, 85, 19, 28, 73, 6, 90)",583,584,True,0.0017123287671232876
289,similar_ratio,20,204,"(49, 44, 29, 2, 25, 27, 8, 39, 27, 47, 11, 3, 9, 1, 5, 15, 3, 35, 11, 18)","(96, 85, 55, 4, 52, 54, 16, 80, 56, 96, 21, 6, 18, 2, 10, 29, 6, 72, 22, 36)",416,418,True,0.004784688995215311
290,similar_ratio,20,286,"(35, 32, 9, 37, 4, 45, 35, 23, 2, 32, 9, 37, 48, 15, 42, 34, 39, 12, 36, 47)","(73, 65, 18, 74, 8, 93, 72, 46, 4, 67, 19, 76, 99, 30, 82, 70, 77, 24, 71, 94)",591,591,False,0.0
291,similar_ratio,20,219,"(43, 41, 6, 43, 8, 18, 14, 44, 17, 7, 48, 14, 47, 6, 5, 11, 18, 1, 35, 12)","(86, 86, 12, 86, 16, 37, 27, 90, 33, 14, 99, 27, 99, 13, 10, 23, 37, 2, 71, 23)",448,454,True,0.013215859030837005
292,similar_ratio,20,250,"(50, 19, 21, 36, 21, 13, 27, 2, 37, 31, 15, 29, 47, 15, 10, 37, 11, 18, 36, 25)","(96, 37, 41, 73, 41, 27, 55, 4, 77, 65, 30, 58, 95, 29, 19, 72, 22, 37, 74, 52)",513,513,False,0.0
293,similar_ratio,20,244,"(31, 15, 27, 21, 50, 14, 15, 7, 46, 3, 28, 28, 40, 14, 26, 38, 9, 50, 4, 23)","(62, 30, 52, 42, 104, 27, 31, 14, 92, 6, 54, 54, 79, 29, 50, 73, 19, 102, 8, 44)",474,497,True,0.04627766599597585
294,similar_ratio,20,242,"(12, 13, 6, 39, 26, 42, 16, 23, 23, 37, 18, 30, 11, 36, 25, 9, 46, 43, 16, 14)","(23, 27, 12, 79, 51, 84, 32, 45, 46, 77, 35, 60, 21, 75, 49, 18, 90, 86, 31, 28)",492,492,False,0.0
295,similar_ratio,20,191,"(19, 31, 38, 5, 17, 4, 15, 17, 5, 15, 12, 2, 44, 18, 8, 7, 49, 30, 15, 31)","(39, 61, 77, 10, 33, 8, 31, 34, 10, 30, 24, 4, 85, 35, 17, 14, 94, 59, 29, 61)",359,384,True,0.06510416666666667
296,similar_ratio,20,247,"(5, 17, 44, 37, 11, 3, 11, 15, 1, 36, 50, 16, 12, 40, 27, 41, 13, 35, 37, 43)","(10, 34, 84, 73, 23, 6, 23, 31, 2, 71, 104, 33, 23, 80, 53, 82, 26, 68, 74, 86)",477,502,True,0.049800796812749
297,similar_ratio,20,274,"(34, 26, 21, 7, 11, 19, 46, 32, 36, 38, 46, 13, 28, 15, 41, 40, 21, 28, 17, 30)","(67, 50, 43, 14, 22, 38, 96, 63, 71, 78, 91, 25, 56, 30, 85, 82, 42, 56, 35, 59)",549,561,True,0.0213903743315508
298,similar_ratio,20,290,"(14, 34, 12, 30, 30, 36, 18, 29, 31, 28, 43, 19, 42, 50, 40, 43, 21, 39, 11, 9)","(28, 66, 24, 60, 61, 74, 35, 56, 62, 56, 87, 36, 85, 95, 83, 88, 41, 79, 22, 18)",585,590,True,0.00847457627118644
299,similar_ratio,20,262,"(24, 13, 34, 44, 20, 39, 44, 6, 31, 22, 27, 21, 45, 26, 26, 13, 24, 3, 50, 13)","(48, 25, 70, 91, 42, 80, 84, 12, 61, 46, 54, 43, 94, 54, 54, 27, 50, 6, 96, 25)",540,544,True,0.007352941176470588
300,similar_ratio,20,241,"(39, 1, 34, 28, 11, 28, 37, 16, 39, 33, 4, 19, 41, 33, 23, 6, 25, 50, 3, 12)","(77, 2, 70, 56, 21, 55, 71, 33, 78, 69, 8, 37, 82, 65, 44, 12, 49, 103, 6, 25)",483,491,True,0.016293279022403257
301,similar_ratio,20,246,"(26, 32, 42, 43, 8, 16, 9, 29, 46, 20, 43, 12, 36, 31, 48, 2, 2, 5, 19, 22)","(53, 64, 82, 87, 17, 32, 17, 61, 96, 38, 89, 23, 74, 60, 99, 4, 4, 10, 37, 43)",507,508,True,0.001968503937007874
302,similar_ratio,20,300,"(36, 36, 13, 25, 33, 26, 42, 43, 41, 9, 4, 36, 24, 25, 31, 46, 29, 42, 9, 49)","(72, 71, 27, 49, 69, 51, 81, 86, 80, 18, 8, 69, 50, 52, 61, 96, 57, 82, 17, 96)",610,610,False,0.0
303,similar_ratio,20,236,"(3, 48, 37, 17, 26, 31, 6, 35, 3, 8, 9, 1, 44, 46, 15, 10, 38, 7, 46, 42)","(6, 93, 77, 34, 50, 64, 12, 72, 6, 16, 18, 2, 87, 96, 29, 19, 74, 14, 94, 88)",487,487,False,0.0
304,similar_ratio,20,208,"(9, 33, 29, 43, 16, 15, 4, 17, 6, 9, 25, 24, 14, 49, 21, 18, 34, 29, 7, 14)","(17, 68, 55, 88, 32, 31, 8, 35, 12, 17, 50, 50, 27, 99, 40, 36, 67, 60, 14, 27)",420,426,True,0.014084507042253521
305,similar_ratio,20,245,"(12, 26, 19, 46, 40, 31, 45, 12, 45, 40, 17, 16, 10, 37, 3, 18, 16, 10, 42, 5)","(24, 53, 38, 95, 77, 62, 87, 25, 92, 80, 35, 31, 21, 74, 6, 37, 32, 20, 84, 10)",498,500,True,0.004
306,similar_ratio,20,295,"(28, 13, 40, 47, 44, 50, 39, 4, 23, 44, 39, 17, 27, 27, 17, 4, 49, 22, 18, 38)","(58, 25, 78, 97, 90, 101, 81, 8, 44, 89, 78, 36, 52, 52, 35, 8, 99, 43, 35, 79)",606,606,False,0.0
307,similar_ratio,20,250,"(41, 49, 34, 18, 25, 14, 7, 49, 20, 46, 3, 43, 16, 11, 11, 23, 7, 2, 31, 49)","(82, 100, 68, 34, 52, 28, 14, 97, 41, 94, 6, 84, 31, 22, 22, 47, 13, 4, 64, 94)",508,510,True,0.00392156862745098
308,similar_ratio,20,251,"(12, 26, 33, 28, 48, 37, 12, 6, 4, 41, 41, 40, 35, 30, 3, 26, 26, 18, 14, 22)","(23, 51, 64, 55, 100, 73, 23, 12, 8, 83, 82, 79, 73, 62, 6, 51, 52, 37, 28, 44)",491,512,True,0.041015625
309,similar_ratio,20,280,"(5, 9, 16, 47, 32, 42, 27, 15, 44, 40, 50, 48, 2, 16, 42, 33, 8, 30, 44, 11)","(10, 17, 31, 96, 61, 88, 51, 29, 90, 76, 103, 92, 4, 33, 87, 64, 15, 59, 87, 23)",565,574,True,0.0156794425087108
310,similar_ratio,20,287,"(36, 43, 19, 34, 23, 28, 13, 20, 21, 42, 24, 38, 43, 20, 49, 19, 6, 27, 31, 38)","(69, 84, 40, 70, 45, 58, 25, 41, 41, 85, 49, 79, 83, 42, 97, 38, 12, 52, 61, 78)",580,588,True,0.013605442176870748
311,similar_ratio,20,202,"(17, 5, 31, 10, 3, 15, 20, 10, 47, 19, 5, 39, 24, 30, 3, 8, 48, 2, 37, 30)","(33, 10, 65, 20, 6, 31, 38, 20, 98, 40, 10, 82, 47, 62, 6, 16, 101, 4, 76, 58)",423,423,False,0.0
312,similar_ratio,20,241,"(42, 25, 10, 15, 44, 8, 45, 10, 18, 49, 47, 4, 18, 7, 14, 8, 35, 29, 41, 13)","(81, 48, 20, 29, 91, 17, 93, 19, 37, 100, 91, 8, 35, 14, 27, 16, 69, 57, 85, 27)",492,495,True,0.006060606060606061
313,similar_ratio,20,230,"(37, 43, 2, 9, 22, 29, 31, 48, 15, 1, 13, 27, 22, 3, 32, 48, 25, 6, 15, 33)","(72, 85, 4, 17, 42, 61, 62, 92, 29, 2, 27, 52, 46, 6, 66, 99, 48, 12, 29, 64)",470,470,False,0.0
314,similar_ratio,20,235,"(13, 12, 41, 26, 35, 4, 12, 16, 16, 4, 23, 21, 37, 40, 26, 41, 31, 29, 22, 21)","(26, 23, 80, 50, 73, 8, 23, 33, 32, 8, 45, 42, 76, 79, 52, 82, 59, 61, 44, 42)",478,479,True,0.0020876826722338203
315,similar_ratio,20,238,"(27, 22, 38, 6, 17, 17, 2, 33, 33, 50, 42, 40, 27, 31, 42, 15, 13, 8, 1, 11)","(55, 42, 77, 12, 33, 33, 4, 64, 69, 96, 82, 79, 53, 62, 82, 29, 26, 17, 2, 21)",477,479,True,0.0041753653444676405
316,similar_ratio,20,225,"(2, 1, 1, 15, 49, 34, 33, 15, 10, 13, 45, 47, 28, 3, 37, 1, 34, 35, 40, 7)","(4, 2, 2, 29, 93, 65, 67, 29, 21, 26, 90, 94, 57, 6, 75, 2, 67, 70, 82, 15)",449,456,True,0.015350877192982455
317,similar_ratio,20,244,"(30, 49, 13, 29, 29, 22, 27, 23, 8, 33, 24, 13, 2, 19, 50, 50, 6, 11, 32, 17)","(57, 97, 25, 59, 59, 43, 54, 48, 15, 65, 46, 25, 4, 39, 105, 104, 12, 22, 64, 33)",499,502,True,0.00597609561752988
318,similar_ratio,20,280,"(45, 30, 27, 43, 42, 25, 47, 27, 1, 46, 45, 45, 1, 5, 43, 9, 15, 16, 42, 5)","(91, 59, 52, 84, 86, 49, 91, 56, 2, 88, 89, 90, 2, 10, 85, 17, 31, 31, 80, 10)",552,563,True,0.019538188277087035
319,similar_ratio,20,273,"(12, 3, 35, 39, 5, 48, 23, 38, 39, 48, 21, 38, 22, 32, 32, 17, 4, 30, 47, 13)","(25, 6, 72, 77, 10, 94, 47, 78, 77, 99, 44, 78, 42, 61, 62, 34, 8, 59, 93, 26)",527,557,True,0.05385996409335727
320,similar_ratio,20,278,"(29, 6, 21, 18, 33, 49, 40, 49, 11, 16, 2, 48, 41, 36, 24, 3, 27, 37, 41, 25)","(58, 12, 40, 35, 67, 97, 78, 98, 22, 32, 4, 98, 80, 73, 48, 6, 57, 74, 82, 50)",562,563,True,0.0017761989342806395
321,similar_ratio,20,270,"(18, 24, 29, 47, 39, 50, 28, 1, 17, 3, 32, 6, 24, 42, 22, 29, 44, 13, 36, 35)","(36, 48, 57, 99, 78, 104, 56, 2, 36, 6, 62, 12, 49, 87, 42, 59, 91, 27, 71, 67)",560,560,False,0.0
322,similar_ratio,20,336,"(46, 27, 16, 37, 12, 47, 15, 41, 36, 47, 41, 21, 29, 25, 49, 38, 50, 41, 39, 15)","(95, 52, 31, 71, 24, 97, 31, 80, 71, 94, 81, 44, 56, 49, 99, 78, 96, 84, 74, 31)",677,685,True,0.01167883211678832
323,similar_ratio,20,266,"(47, 8, 20, 43, 29, 21, 27, 32, 17, 24, 27, 8, 2, 37, 39, 10, 44, 7, 40, 50)","(98, 15, 38, 89, 61, 42, 53, 61, 34, 46, 56, 15, 4, 74, 77, 20, 92, 14, 77, 99)",540,547,True,0.012797074954296161
324,similar_ratio,20,284,"(38, 46, 35, 22, 17, 14, 23, 45, 19, 13, 30, 30, 46, 11, 4, 32, 40, 39, 49, 14)","(73, 92, 69, 42, 34, 28, 44, 89, 38, 27, 61, 58, 90, 22, 8, 67, 76, 81, 97, 27)",555,574,True,0.033101045296167246
325,similar_ratio,20,238,"(36, 37, 47, 11, 16, 44, 39, 40, 6, 9, 13, 13, 42, 13, 4, 23, 33, 6, 3, 41)","(75, 71, 95, 22, 31, 91, 75, 76, 13, 18, 26, 25, 84, 26, 8, 48, 66, 12, 6, 84)",486,488,True,0.004098360655737705
326,similar_ratio,20,313,"(7, 3, 26, 42, 17, 37, 24, 49, 47, 20, 36, 31, 30, 29, 48, 36, 32, 50, 33, 29)","(14, 6, 50, 81, 33, 72, 46, 101, 97, 39, 69, 59, 62, 59, 95, 70, 62, 97, 64, 56)",615,628,True,0.020700636942675158
327,similar_ratio,20,203,"(4, 29, 49, 10, 32, 8, 8, 4, 44, 14, 3, 13, 38, 13, 25, 15, 30, 4, 14, 49)","(8, 57, 100, 19, 65, 15, 16, 8, 85, 28, 6, 26, 75, 26, 50, 29, 62, 8, 29, 99)",401,413,True,0.029055690072639227
328,similar_ratio,20,288,"(42, 21, 49, 32, 47, 13, 50, 21, 46, 44, 27, 8, 39, 12, 46, 7, 4, 37, 8, 22)","(84, 42, 94, 65, 97, 26, 105, 43, 90, 85, 52, 16, 79, 23, 88, 13, 8, 73, 16, 46)",587,587,False,0.0
329,similar_ratio,20,246,"(31, 22, 18, 5, 34, 40, 13, 29, 7, 13, 9, 16, 23, 23, 35, 32, 34, 33, 47, 28)","(61, 43, 35, 10, 68, 77, 26, 56, 14, 25, 18, 31, 44, 46, 73, 63, 67, 64, 90, 58)",486,494,True,0.016194331983805668
330,similar_ratio,20,264,"(40, 4, 2, 33, 48, 16, 6, 28, 33, 37, 36, 26, 48, 11, 43, 33, 36, 30, 17, 1)","(77, 8, 4, 65, 97, 31, 13, 55, 63, 71, 69, 53, 99, 22, 86, 69, 73, 61, 33, 2)",534,538,True,0.007434944237918215
331,similar_ratio,20,364,"(47, 11, 41, 31, 43, 47, 48, 43, 50, 40, 28, 34, 50, 27, 43, 10, 40, 6, 41, 47)","(92, 21, 79, 62, 85, 97, 95, 89, 103, 79, 56, 70, 98, 54, 84, 20, 81, 12, 86, 92)",730,743,True,0.017496635262449527
332,similar_ratio,20,312,"(16, 49, 45, 12, 46, 1, 12, 33, 9, 25, 31, 35, 45, 42, 32, 48, 44, 40, 23, 37)","(32, 99, 91, 23, 92, 2, 24, 68, 18, 48, 65, 68, 94, 87, 67, 93, 87, 80, 45, 71)",629,640,True,0.0171875
333,similar_ratio,20,212,"(36, 14, 6, 35, 17, 22, 16, 6, 17, 31, 50, 17, 15, 18, 12, 47, 9, 4, 43, 10)","(71, 29, 12, 69, 33, 44, 33, 12, 35, 63, 105, 34, 30, 34, 24, 95, 17, 8, 85, 20)",428,434,True,0.013824884792626729
334,similar_ratio,20,210,"(16, 25, 24, 24, 14, 17, 28, 4, 14, 6, 10, 42, 39, 34, 31, 13, 10, 48, 14, 8)","(32, 50, 49, 49, 27, 35, 58, 8, 27, 12, 21, 82, 79, 66, 62, 27, 21, 101, 29, 15)",430,434,True,0.009216589861751152
335,similar_ratio,20,244,"(10, 29, 4, 41, 2, 28, 23, 22, 38, 10, 31, 29, 9, 7, 19, 44, 45, 10, 43, 45)","(19, 58, 8, 83, 4, 57, 48, 44, 74, 21, 60, 58, 17, 14, 37, 90, 94, 19, 85, 91)",496,499,True,0.006012024048096192
336,similar_ratio,20,248,"(1, 35, 10, 48, 30, 32, 5, 6, 37, 12, 41, 22, 18, 41, 14, 29, 14, 26, 47, 29)","(2, 73, 20, 100, 61, 64, 10, 12, 76, 25, 86, 46, 36, 78, 28, 58, 28, 52, 95, 60)",510,514,True,0.007782101167315175
337,similar_ratio,20,260,"(13, 34, 1, 24, 29, 41, 46, 19, 2, 38, 12, 43, 32, 29, 12, 36, 32, 36, 32, 8)","(26, 67, 2, 47, 55, 85, 88, 36, 4, 73, 24, 86, 62, 56, 24, 73, 64, 70, 62, 17)",519,522,True,0.005747126436781609
338,similar_ratio,20,280,"(8, 30, 45, 48, 30, 26, 50, 40, 13, 44, 9, 50, 29, 15, 1, 31, 13, 12, 27, 38)","(16, 60, 91, 94, 63, 51, 97, 77, 26, 84, 17, 97, 57, 31, 2, 64, 25, 24, 53, 77)",564,565,True,0.0017699115044247787
339,similar_ratio,20,252,"(10, 41, 3, 48, 38, 4, 32, 6, 25, 5, 22, 32, 41, 34, 13, 27, 19, 15, 46, 43)","(21, 79, 6, 100, 75, 8, 66, 12, 48, 10, 43, 66, 82, 71, 25, 52, 39, 31, 89, 89)",519,520,True,0.0019230769230769232
340,similar_ratio,20,194,"(26, 34, 35, 18, 15, 36, 10, 30, 18, 1, 3, 21, 17, 10, 11, 42, 35, 10, 16, 1)","(52, 70, 67, 35, 31, 70, 20, 62, 35, 2, 6, 40, 33, 20, 23, 85, 70, 19, 33, 2)",386,396,True,0.025252525252525252
341,similar_ratio,20,275,"(38, 10, 3, 17, 17, 29, 15, 47, 26, 40, 43, 42, 33, 6, 1, 19, 39, 31, 48, 46)","(74, 21, 6, 34, 35, 57, 31, 98, 50, 82, 87, 80, 63, 12, 2, 40, 80, 63, 91, 90)",557,564,True,0.012411347517730497
342,similar_ratio,20,202,"(8, 5, 31, 6, 34, 37, 34, 21, 3, 9, 7, 12, 49, 20, 42, 9, 17, 24, 16, 20)","(16, 10, 65, 13, 67, 71, 69, 43, 6, 18, 15, 24, 103, 41, 85, 17, 34, 48, 33, 39)",414,417,True,0.007194244604316547
343,similar_ratio,20,188,"(13, 11, 6, 21, 17, 12, 9, 6, 49, 31, 27, 41, 22, 3, 9, 4, 18, 5, 47, 25)","(26, 22, 13, 42, 33, 25, 17, 12, 98, 62, 56, 82, 45, 6, 18, 8, 35, 10, 96, 52)",383,385,True,0.005194805194805195
344,similar_ratio,20,296,"(25, 19, 34, 44, 21, 28, 17, 28, 15, 48, 27, 8, 39, 39, 46, 7, 34, 46, 29, 37)","(49, 39, 71, 91, 41, 57, 33, 56, 29, 93, 55, 16, 77, 80, 96, 14, 65, 88, 56, 77)",596,609,True,0.021346469622331693
345,similar_ratio,20,258,"(50, 11, 7, 45, 10, 26, 19, 22, 40, 22, 20, 29, 41, 17, 29, 30, 4, 46, 6, 41)","(98, 23, 14, 94, 21, 53, 36, 42, 79, 42, 40, 59, 79, 34, 56, 61, 8, 94, 12, 83)",522,528,True,0.011363636363636364
346,similar_ratio,20,239,"(36, 34, 21, 36, 10, 6, 28, 22, 10, 26, 25, 33, 29, 36, 44, 7, 4, 21, 17, 33)","(70, 65, 42, 72, 20, 13, 56, 43, 20, 53, 50, 69, 60, 72, 85, 14, 8, 42, 33, 67)",486,486,False,0.0
347,similar_ratio,20,256,"(23, 48, 32, 16, 17, 4, 1, 2, 22, 35, 34, 42, 28, 28, 48, 20, 31, 39, 14, 28)","(46, 100, 62, 33, 33, 8, 2, 4, 44, 67, 67, 87, 57, 55, 94, 39, 63, 79, 28, 54)",523,523,False,0.0
348,similar_ratio,20,230,"(21, 12, 30, 6, 13, 1, 21, 23, 36, 7, 15, 30, 16, 30, 45, 13, 36, 12, 50, 44)","(43, 23, 62, 12, 27, 2, 43, 44, 72, 14, 31, 63, 33, 62, 94, 26, 74, 25, 103, 84)",473,477,True,0.008385744234800839
349,similar_ratio,20,236,"(27, 19, 37, 19, 34, 21, 9, 33, 17, 8, 24, 23, 27, 46, 7, 5, 4, 33, 37, 43)","(54, 39, 72, 37, 65, 40, 18, 65, 35, 16, 50, 46, 55, 92, 14, 10, 8, 66, 77, 85)",459,480,True,0.04375
350,similar_ratio,20,290,"(24, 26, 21, 17, 12, 32, 10, 16, 13, 25, 45, 31, 32, 44, 48, 35, 39, 42, 22, 45)","(49, 54, 43, 35, 25, 65, 20, 34, 25, 48, 94, 63, 64, 88, 98, 69, 75, 82, 43, 94)",589,597,True,0.01340033500837521
351,similar_ratio,20,256,"(40, 21, 21, 19, 25, 30, 18, 43, 48, 50, 23, 36, 6, 18, 14, 40, 11, 8, 14, 27)","(81, 43, 44, 38, 49, 62, 37, 87, 94, 103, 48, 72, 12, 36, 27, 78, 22, 17, 29, 53)",514,526,True,0.022813688212927757
352,similar_ratio,20,208,"(19, 5, 18, 13, 14, 46, 5, 12, 27, 4, 20, 43, 4, 11, 18, 39, 42, 47, 19, 10)","(37, 10, 35, 26, 28, 94, 10, 25, 56, 8, 42, 86, 8, 22, 38, 75, 87, 92, 39, 20)",427,429,True,0.004662004662004662
353,similar_ratio,20,275,"(7, 47, 32, 7, 31, 44, 38, 14, 6, 23, 25, 10, 18, 28, 34, 43, 9, 36, 49, 49)","(13, 90, 63, 14, 61, 87, 80, 28, 12, 47, 48, 20, 35, 56, 66, 85, 18, 72, 93, 95)",532,552,True,0.036231884057971016
354,similar_ratio,20,288,"(14, 43, 49, 10, 20, 41, 28, 19, 19, 31, 38, 45, 32, 16, 31, 35, 11, 40, 15, 39)","(27, 83, 101, 19, 42, 83, 56, 39, 38, 60, 79, 89, 65, 33, 61, 72, 23, 76, 31, 78)",587,591,True,0.00676818950930626
355,similar_ratio,20,231,"(11, 25, 4, 39, 7, 14, 46, 39, 39, 39, 32, 32, 5, 40, 19, 1, 48, 3, 1, 18)","(21, 49, 8, 78, 13, 28, 92, 78, 81, 77, 63, 63, 10, 76, 38, 2, 97, 6, 2, 37)",462,467,True,0.010706638115631691
356,similar_ratio,20,272,"(42, 17, 40, 36, 36, 28, 41, 23, 31, 17, 46, 11, 31, 6, 1, 23, 30, 47, 35, 2)","(80, 34, 80, 71, 71, 56, 81, 46, 61, 34, 95, 23, 59, 12, 2, 47, 61, 92, 70, 4)",494,550,True,0.10181818181818182
357,similar_ratio,20,208,"(12, 45, 16, 35, 26, 11, 23, 31, 19, 27, 6, 6, 41, 37, 37, 29, 9, 1, 5, 1)","(24, 86, 31, 72, 53, 22, 45, 63, 38, 55, 12, 12, 83, 71, 76, 56, 18, 2, 10, 2)",424,424,False,0.0
358,similar_ratio,20,210,"(49, 14, 20, 2, 10, 4, 29, 11, 39, 9, 32, 12, 45, 7, 46, 19, 15, 29, 4, 24)","(103, 28, 42, 4, 20, 8, 57, 22, 79, 17, 64, 25, 94, 14, 92, 37, 29, 55, 8, 46)",433,433,False,0.0
359,similar_ratio,20,252,"(6, 26, 37, 27, 33, 7, 3, 41, 4, 30, 38, 35, 25, 36, 44, 24, 25, 14, 45, 4)","(13, 52, 72, 56, 63, 15, 6, 85, 8, 58, 79, 71, 49, 74, 87, 49, 48, 29, 93, 8)",515,521,True,0.011516314779270634
360,similar_ratio,20,247,"(15, 43, 14, 36, 6, 16, 8, 21, 35, 40, 31, 42, 24, 21, 49, 46, 28, 8, 10, 1)","(29, 82, 28, 75, 13, 31, 16, 42, 71, 79, 61, 81, 47, 44, 94, 89, 56, 16, 20, 2)",493,498,True,0.010040160642570281
361,similar_ratio,20,263,"(40, 50, 29, 28, 9, 40, 40, 25, 20, 30, 5, 4, 12, 31, 20, 32, 14, 47, 41, 9)","(77, 99, 60, 57, 18, 83, 84, 50, 40, 60, 10, 8, 25, 62, 41, 64, 29, 91, 81, 17)",522,539,True,0.03153988868274583
362,similar_ratio,20,305,"(50, 34, 24, 33, 39, 41, 50, 17, 38, 15, 37, 3, 48, 11, 38, 44, 25, 16, 3, 44)","(105, 69, 50, 67, 78, 86, 98, 34, 77, 30, 72, 6, 101, 22, 78, 84, 52, 34, 6, 85)",619,633,True,0.022116903633491312
363,similar_ratio,20,306,"(50, 3, 20, 34, 27, 27, 47, 14, 8, 30, 43, 35, 28, 44, 39, 22, 17, 48, 25, 50)","(97, 6, 38, 70, 52, 52, 92, 27, 16, 58, 83, 73, 58, 87, 74, 44, 34, 97, 48, 96)",604,615,True,0.01788617886178862
364,similar_ratio,20,202,"(1, 1, 12, 10, 42, 45, 49, 3, 18, 10, 14, 35, 29, 11, 4, 46, 28, 28, 12, 7)","(2, 2, 24, 20, 85, 92, 100, 6, 35, 19, 28, 69, 61, 21, 8, 94, 59, 57, 24, 15)",412,416,True,0.009615384615384616
365,similar_ratio,20,257,"(44, 46, 19, 33, 25, 12, 49, 1, 39, 9, 48, 13, 42, 14, 21, 1, 22, 17, 50, 9)","(86, 94, 38, 65, 51, 23, 94, 2, 81, 18, 92, 25, 82, 29, 42, 2, 46, 33, 101, 18)",522,523,True,0.0019120458891013384
366,similar_ratio,20,182,"(5, 50, 34, 25, 11, 7, 29, 5, 11, 15, 6, 6, 16, 32, 15, 24, 8, 30, 21, 13)","(10, 96, 67, 49, 22, 14, 59, 10, 23, 29, 12, 11, 33, 67, 30, 47, 15, 57, 42, 25)",369,369,False,0.0
367,similar_ratio,20,208,"(3, 45, 2, 23, 1, 26, 45, 2, 2, 30, 19, 25, 48, 7, 46, 16, 33, 13, 20, 11)","(6, 94, 4, 48, 2, 52, 91, 4, 4, 61, 40, 48, 94, 13, 96, 34, 67, 26, 40, 22)",419,431,True,0.027842227378190254
368,similar_ratio,20,253,"(31, 3, 49, 40, 36, 22, 8, 48, 22, 44, 1, 16, 9, 13, 31, 17, 4, 32, 44, 36)","(63, 6, 94, 81, 70, 44, 17, 99, 45, 87, 2, 33, 17, 26, 61, 35, 8, 66, 90, 76)",521,521,False,0.0
369,similar_ratio,20,273,"(50, 50, 46, 3, 14, 39, 36, 5, 11, 47, 36, 42, 3, 32, 16, 15, 26, 31, 27, 17)","(99, 104, 90, 6, 28, 82, 72, 10, 22, 90, 74, 82, 6, 61, 34, 29, 54, 62, 55, 33)",547,560,True,0.023214285714285715
370,similar_ratio,20,256,"(8, 50, 34, 6, 39, 48, 1, 4, 39, 43, 21, 5, 20, 44, 15, 17, 10, 24, 42, 43)","(16, 98, 66, 12, 75, 100, 2, 8, 79, 86, 41, 10, 40, 89, 31, 34, 20, 46, 86, 87)",520,522,True,0.0038314176245210726
371,similar_ratio,20,274,"(20, 27, 7, 21, 49, 40, 14, 48, 38, 9, 49, 31, 38, 16, 5, 15, 42, 40, 9, 30)","(40, 55, 15, 43, 94, 84, 29, 100, 72, 18, 102, 64, 76, 31, 10, 31, 84, 79, 18, 61)",563,566,True,0.00530035335689046
372,similar_ratio,20,232,"(8, 48, 6, 46, 28, 48, 9, 20, 4, 20, 14, 24, 19, 48, 3, 18, 17, 30, 40, 13)","(16, 95, 12, 96, 57, 93, 19, 39, 8, 39, 28, 49, 39, 100, 6, 36, 33, 62, 82, 27)",480,480,False,0.0
373,similar_ratio,20,246,"(3, 43, 8, 16, 21, 28, 43, 30, 41, 2, 41, 41, 41, 11, 23, 6, 24, 24, 29, 17)","(6, 88, 16, 32, 44, 57, 86, 57, 81, 4, 79, 79, 85, 21, 45, 12, 50, 49, 61, 34)",504,506,True,0.003952569169960474
374,similar_ratio,20,276,"(22, 33, 9, 47, 33, 49, 47, 27, 41, 20, 50, 12, 32, 34, 49, 18, 1, 13, 2, 12)","(42, 68, 17, 96, 66, 98, 92, 54, 81, 40, 100, 24, 65, 68, 100, 35, 2, 25, 4, 24)",553,559,True,0.01073345259391771
375,similar_ratio,20,216,"(15, 45, 50, 12, 12, 28, 43, 12, 26, 1, 20, 6, 15, 5, 35, 11, 27, 33, 9, 27)","(30, 89, 105, 24, 24, 55, 88, 25, 50, 2, 39, 12, 29, 10, 67, 22, 55, 64, 18, 56)",431,443,True,0.02708803611738149
376,similar_ratio,20,242,"(44, 26, 11, 7, 12, 29, 20, 47, 4, 6, 12, 45, 12, 23, 49, 29, 43, 13, 3, 50)","(90, 52, 22, 14, 24, 57, 41, 96, 8, 12, 23, 93, 23, 47, 101, 60, 84, 26, 6, 103)",496,497,True,0.002012072434607646
377,similar_ratio,20,277,"(16, 46, 6, 49, 16, 41, 35, 33, 18, 10, 1, 21, 49, 45, 29, 3, 47, 13, 49, 27)","(32, 96, 12, 93, 31, 79, 69, 65, 38, 20, 2, 43, 98, 93, 60, 6, 92, 26, 99, 56)",557,569,True,0.0210896309314587
378,similar_ratio,20,250,"(2, 26, 10, 29, 2, 10, 22, 39, 31, 5, 18, 26, 46, 33, 47, 16, 47, 39, 43, 8)","(4, 53, 21, 58, 4, 19, 45, 79, 59, 10, 37, 53, 96, 66, 91, 32, 94, 78, 85, 16)",508,510,True,0.00392156862745098
379,similar_ratio,20,293,"(2, 33, 44, 21, 37, 48, 41, 8, 35, 19, 18, 23, 48, 42, 8, 24, 16, 38, 38, 43)","(4, 68, 89, 43, 78, 99, 86, 16, 67, 40, 36, 48, 99, 87, 16, 47, 31, 79, 75, 86)",605,609,True,0.006568144499178982
380,similar_ratio,20,287,"(9, 37, 29, 38, 40, 30, 40, 18, 40, 46, 35, 40, 41, 9, 30, 8, 23, 3, 50, 8)","(18, 73, 56, 78, 80, 61, 78, 36, 82, 96, 73, 78, 81, 17, 61, 15, 45, 6, 98, 16)",585,586,True,0.0017064846416382253
381,similar_ratio,20,265,"(31, 37, 7, 14, 40, 39, 15, 15, 30, 2, 27, 38, 1, 28, 26, 35, 42, 47, 13, 43)","(62, 71, 14, 29, 81, 76, 30, 31, 58, 4, 55, 79, 2, 57, 52, 69, 87, 90, 27, 82)",528,542,True,0.025830258302583026
382,similar_ratio,20,254,"(4, 22, 49, 38, 32, 37, 22, 46, 29, 41, 28, 37, 12, 15, 9, 21, 3, 33, 23, 7)","(8, 43, 94, 78, 66, 72, 43, 88, 56, 84, 55, 75, 24, 29, 17, 42, 6, 66, 44, 15)",507,514,True,0.013618677042801557
383,similar_ratio,20,253,"(34, 26, 31, 42, 20, 6, 18, 8, 20, 39, 30, 38, 32, 37, 12, 17, 13, 47, 24, 12)","(70, 50, 60, 88, 41, 12, 36, 16, 41, 76, 59, 77, 61, 75, 23, 35, 25, 90, 50, 25)",514,519,True,0.009633911368015413
384,similar_ratio,20,255,"(42, 4, 48, 2, 24, 16, 36, 19, 26, 19, 38, 38, 26, 32, 28, 26, 13, 12, 32, 29)","(87, 8, 99, 4, 47, 31, 70, 36, 52, 39, 78, 77, 54, 66, 56, 51, 25, 25, 66, 58)",526,526,False,0.0
385,similar_ratio,20,251,"(5, 26, 2, 14, 24, 10, 49, 27, 11, 45, 18, 46, 46, 1, 38, 19, 25, 34, 44, 18)","(10, 52, 4, 28, 48, 21, 101, 56, 21, 87, 34, 94, 90, 2, 73, 38, 49, 68, 92, 37)",497,515,True,0.03495145631067961
386,similar_ratio,20,232,"(40, 26, 27, 34, 16, 17, 16, 41, 22, 28, 46, 2, 40, 13, 15, 8, 34, 5, 12, 22)","(78, 52, 52, 65, 31, 35, 33, 80, 42, 54, 93, 4, 77, 25, 30, 17, 66, 10, 25, 43)",453,464,True,0.023706896551724137
387,similar_ratio,20,210,"(29, 12, 13, 33, 8, 15, 16, 19, 16, 50, 31, 2, 7, 36, 8, 10, 12, 16, 40, 46)","(56, 25, 26, 68, 16, 29, 32, 36, 33, 101, 64, 4, 14, 75, 15, 20, 23, 31, 78, 90)",426,430,True,0.009302325581395349
388,similar_ratio,20,252,"(24, 44, 12, 29, 24, 13, 41, 5, 49, 47, 18, 22, 25, 5, 9, 16, 8, 47, 35, 31)","(47, 91, 24, 56, 47, 27, 83, 10, 96, 92, 38, 43, 48, 10, 19, 33, 15, 92, 70, 59)",501,510,True,0.01764705882352941
389,similar_ratio,20,242,"(43, 23, 27, 16, 25, 13, 5, 4, 48, 30, 44, 1, 10, 38, 16, 48, 1, 50, 10, 31)","(90, 46, 54, 32, 48, 27, 10, 8, 100, 58, 90, 2, 20, 75, 33, 95, 2, 99, 19, 63)",495,497,True,0.004024144869215292
390,similar_ratio,20,249,"(37, 33, 35, 33, 14, 41, 44, 23, 6, 5, 31, 13, 5, 7, 13, 21, 42, 34, 15, 46)","(75, 69, 73, 66, 29, 80, 88, 44, 12, 10, 64, 25, 10, 14, 25, 43, 81, 67, 31, 96)",512,514,True,0.0038910505836575876
391,similar_ratio,20,276,"(32, 46, 43, 11, 3, 39, 16, 47, 15, 8, 27, 18, 42, 27, 38, 23, 26, 40, 33, 18)","(62, 93, 89, 23, 6, 80, 31, 93, 30, 16, 56, 36, 81, 54, 73, 48, 52, 82, 66, 36)",559,565,True,0.010619469026548672
392,similar_ratio,20,262,"(40, 30, 47, 14, 21, 5, 20, 42, 41, 9, 5, 8, 21, 45, 8, 49, 12, 13, 46, 47)","(83, 61, 98, 28, 41, 10, 41, 82, 83, 17, 10, 16, 42, 86, 15, 102, 24, 26, 89, 98)",531,541,True,0.018484288354898338
393,similar_ratio,20,257,"(24, 1, 27, 9, 16, 5, 16, 36, 40, 30, 25, 39, 31, 10, 33, 44, 32, 35, 29, 32)","(47, 2, 54, 17, 33, 10, 32, 70, 81, 60, 48, 79, 63, 20, 66, 86, 64, 72, 56, 64)",506,520,True,0.026923076923076925
394,similar_ratio,20,249,"(16, 45, 5, 13, 46, 14, 30, 6, 47, 13, 40, 15, 27, 39, 5, 42, 1, 41, 23, 30)","(31, 87, 10, 25, 91, 29, 60, 12, 94, 25, 76, 31, 56, 79, 10, 83, 2, 86, 45, 59)",500,506,True,0.011857707509881422
395,similar_ratio,20,252,"(24, 9, 43, 40, 5, 24, 27, 20, 35, 15, 11, 49, 9, 44, 25, 39, 17, 14, 11, 42)","(47, 19, 87, 77, 10, 50, 52, 40, 69, 31, 22, 96, 19, 90, 49, 78, 34, 28, 21, 88)",511,515,True,0.007766990291262136
396,similar_ratio,20,232,"(4, 17, 10, 6, 33, 26, 27, 24, 11, 21, 4, 45, 19, 49, 23, 18, 39, 14, 43, 32)","(8, 34, 20, 12, 65, 54, 56, 50, 22, 43, 8, 90, 39, 96, 44, 37, 76, 28, 82, 63)",473,473,False,0.0
397,similar_ratio,20,254,"(8, 30, 1, 38, 16, 26, 21, 34, 33, 43, 22, 42, 49, 19, 30, 44, 21, 16, 13, 2)","(15, 62, 2, 78, 33, 50, 43, 71, 65, 82, 44, 86, 97, 38, 62, 84, 42, 31, 27, 4)",512,521,True,0.01727447216890595
398,similar_ratio,20,296,"(26, 39, 30, 42, 31, 23, 27, 22, 8, 38, 20, 14, 41, 26, 43, 38, 32, 50, 1, 42)","(52, 78, 61, 80, 62, 44, 53, 46, 16, 73, 41, 29, 82, 52, 89, 79, 64, 100, 2, 82)",599,603,True,0.006633499170812604
399,similar_ratio,20,249,"(3, 40, 15, 44, 4, 16, 35, 32, 12, 45, 23, 2, 7, 27, 49, 8, 41, 44, 45, 6)","(6, 76, 29, 84, 8, 32, 72, 61, 25, 90, 47, 4, 14, 53, 97, 16, 80, 84, 92, 12)",500,503,True,0.005964214711729622
400,similar_ratio,20,214,"(20, 6, 50, 27, 28, 19, 43, 10, 47, 16, 1, 40, 15, 6, 5, 5, 37, 41, 4, 9)","(40, 12, 103, 56, 56, 38, 89, 21, 99, 32, 2, 78, 29, 12, 10, 10, 78, 78, 8, 18)",446,446,False,0.0
401,similar_ratio,20,264,"(32, 18, 26, 21, 43, 8, 44, 49, 7, 1, 32, 5, 43, 19, 15, 26, 30, 43, 26, 39)","(61, 37, 52, 41, 85, 17, 89, 96, 14, 2, 67, 10, 83, 38, 31, 50, 59, 84, 54, 77)",496,535,True,0.07289719626168224
402,similar_ratio,20,328,"(32, 42, 20, 27, 41, 47, 50, 31, 12, 45, 7, 50, 1, 19, 44, 38, 48, 21, 44, 36)","(61, 83, 40, 54, 83, 91, 100, 60, 25, 88, 14, 101, 2, 38, 87, 73, 91, 41, 88, 70)",632,657,True,0.0380517503805175
403,similar_ratio,20,234,"(16, 3, 18, 47, 10, 36, 48, 24, 45, 8, 10, 10, 13, 40, 48, 2, 49, 28, 1, 11)","(32, 6, 38, 96, 21, 74, 98, 48, 93, 16, 21, 20, 27, 81, 95, 4, 98, 57, 2, 23)",482,482,False,0.0
404,similar_ratio,20,246,"(6, 1, 44, 22, 7, 42, 31, 1, 38, 43, 10, 47, 27, 36, 22, 35, 5, 7, 29, 39)","(13, 2, 89, 42, 13, 85, 59, 2, 80, 83, 21, 91, 55, 69, 46, 71, 10, 14, 60, 75)",501,504,True,0.005952380952380952
405,similar_ratio,20,245,"(3, 46, 7, 40, 36, 26, 20, 13, 1, 29, 19, 31, 46, 25, 35, 4, 26, 6, 27, 50)","(6, 94, 14, 81, 69, 54, 39, 26, 2, 58, 37, 64, 93, 50, 73, 8, 54, 12, 53, 101)",488,502,True,0.027888446215139442
406,similar_ratio,20,254,"(27, 26, 41, 3, 20, 28, 40, 5, 42, 14, 6, 33, 19, 10, 31, 26, 44, 30, 49, 15)","(56, 52, 79, 6, 38, 59, 79, 10, 85, 27, 12, 68, 39, 21, 61, 53, 90, 58, 99, 30)",499,521,True,0.04222648752399232
407,similar_ratio,20,268,"(43, 19, 24, 30, 33, 25, 3, 33, 14, 27, 13, 49, 42, 43, 17, 24, 7, 39, 12, 40)","(89, 38, 49, 61, 65, 50, 6, 64, 28, 52, 25, 102, 87, 90, 33, 48, 14, 81, 24, 80)",542,554,True,0.021660649819494584
408,similar_ratio,20,226,"(46, 36, 37, 33, 5, 30, 38, 7, 17, 9, 10, 12, 31, 15, 40, 31, 31, 2, 17, 5)","(91, 70, 71, 64, 10, 60, 77, 14, 33, 19, 19, 23, 59, 31, 78, 64, 64, 4, 35, 10)",458,459,True,0.002178649237472767
409,similar_ratio,20,217,"(34, 10, 27, 28, 45, 6, 13, 10, 9, 31, 49, 40, 13, 23, 3, 27, 12, 18, 15, 21)","(68, 20, 55, 58, 87, 12, 25, 20, 17, 59, 99, 76, 27, 48, 6, 52, 24, 36, 29, 42)",437,441,True,0.009070294784580499
410,similar_ratio,20,258,"(10, 20, 22, 20, 30, 11, 4, 15, 44, 35, 36, 46, 12, 26, 48, 6, 37, 27, 19, 48)","(20, 38, 42, 41, 58, 21, 8, 31, 88, 68, 75, 94, 25, 52, 100, 12, 75, 52, 37, 96)",521,529,True,0.015122873345935728
411,similar_ratio,20,274,"(14, 13, 15, 31, 14, 48, 44, 34, 47, 5, 39, 46, 21, 4, 38, 13, 1, 46, 34, 40)","(27, 26, 31, 61, 29, 100, 88, 70, 98, 10, 78, 90, 42, 8, 75, 26, 2, 94, 66, 78)",556,562,True,0.010676156583629894
412,similar_ratio,20,214,"(19, 4, 13, 13, 30, 5, 12, 33, 17, 50, 29, 22, 35, 8, 28, 45, 3, 10, 25, 27)","(39, 8, 25, 26, 60, 10, 24, 64, 33, 100, 60, 44, 68, 16, 57, 93, 6, 20, 52, 55)",430,438,True,0.0182648401826484
413,similar_ratio,20,306,"(49, 30, 36, 19, 36, 29, 35, 20, 37, 49, 13, 45, 10, 21, 30, 21, 19, 50, 41, 22)","(99, 58, 73, 37, 69, 57, 70, 41, 71, 102, 27, 88, 21, 44, 59, 42, 37, 104, 78, 42)",623,624,True,0.0016025641025641025
414,similar_ratio,20,236,"(28, 39, 15, 19, 17, 46, 9, 25, 9, 11, 20, 29, 41, 43, 18, 27, 37, 12, 18, 10)","(58, 80, 30, 36, 35, 94, 18, 52, 18, 21, 38, 56, 78, 87, 35, 53, 75, 25, 37, 21)",477,484,True,0.014462809917355372
415,similar_ratio,20,236,"(50, 18, 36, 9, 36, 30, 6, 2, 5, 6, 29, 26, 43, 9, 23, 47, 30, 20, 43, 3)","(98, 35, 75, 17, 69, 58, 12, 4, 10, 12, 57, 51, 85, 19, 46, 96, 58, 40, 90, 6)",467,481,True,0.029106029106029108
416,similar_ratio,20,264,"(17, 33, 43, 38, 21, 46, 42, 3, 22, 50, 14, 29, 25, 1, 19, 37, 23, 21, 11, 32)","(35, 67, 90, 74, 44, 91, 85, 6, 45, 95, 28, 56, 51, 2, 38, 76, 47, 42, 22, 65)",528,542,True,0.025830258302583026
417,similar_ratio,20,310,"(39, 47, 48, 43, 23, 30, 25, 21, 17, 17, 27, 31, 39, 45, 33, 17, 10, 47, 39, 23)","(80, 90, 95, 89, 44, 57, 48, 42, 33, 32, 56, 62, 79, 94, 68, 35, 19, 94, 76, 44)",624,632,True,0.012658227848101266
418,similar_ratio,20,222,"(21, 20, 44, 18, 3, 21, 38, 41, 41, 8, 6, 30, 5, 4, 10, 45, 18, 16, 26, 28)","(41, 39, 88, 37, 6, 43, 74, 85, 81, 15, 12, 63, 10, 8, 19, 93, 37, 33, 53, 55)",458,458,False,0.0
419,similar_ratio,20,225,"(40, 9, 19, 34, 1, 34, 30, 3, 1, 29, 27, 22, 49, 42, 1, 19, 32, 38, 1, 19)","(81, 17, 37, 65, 2, 66, 59, 6, 2, 57, 54, 45, 102, 83, 2, 39, 65, 80, 2, 38)",443,462,True,0.04112554112554113
420,similar_ratio,20,217,"(2, 24, 7, 44, 2, 32, 2, 40, 22, 18, 22, 10, 17, 31, 16, 26, 6, 44, 36, 33)","(4, 47, 14, 89, 4, 67, 4, 77, 46, 35, 43, 20, 34, 63, 32, 54, 12, 84, 75, 64)",440,446,True,0.013452914798206279
421,similar_ratio,20,239,"(42, 17, 32, 18, 29, 16, 8, 47, 50, 12, 34, 21, 3, 28, 14, 33, 6, 12, 24, 32)","(85, 35, 65, 35, 57, 32, 16, 90, 100, 25, 67, 41, 6, 56, 27, 64, 12, 25, 48, 63)",457,483,True,0.053830227743271224
422,similar_ratio,20,202,"(25, 21, 39, 13, 3, 18, 10, 24, 40, 49, 9, 28, 18, 2, 1, 27, 22, 5, 33, 18)","(49, 44, 75, 25, 6, 37, 19, 48, 79, 95, 17, 55, 35, 4, 2, 52, 44, 10, 68, 34)",397,406,True,0.022167487684729065
423,similar_ratio,20,284,"(21, 41, 47, 33, 21, 39, 49, 19, 48, 37, 24, 7, 8, 46, 5, 39, 7, 39, 11, 28)","(41, 84, 96, 66, 42, 78, 100, 39, 92, 75, 50, 14, 16, 88, 10, 75, 14, 77, 21, 55)",576,578,True,0.0034602076124567475
424,similar_ratio,20,264,"(36, 44, 4, 42, 15, 1, 48, 35, 13, 15, 18, 29, 25, 47, 15, 33, 23, 28, 41, 17)","(72, 90, 8, 83, 31, 2, 95, 68, 25, 30, 35, 60, 51, 94, 30, 67, 47, 57, 82, 35)",520,537,True,0.03165735567970205
425,similar_ratio,20,292,"(27, 23, 48, 36, 48, 39, 27, 36, 13, 49, 7, 4, 46, 32, 19, 12, 24, 32, 27, 35)","(52, 44, 97, 70, 99, 79, 56, 69, 26, 100, 14, 8, 94, 62, 37, 24, 48, 66, 52, 72)",592,598,True,0.010033444816053512
426,similar_ratio,20,207,"(11, 48, 13, 8, 43, 22, 40, 26, 20, 23, 6, 18, 19, 2, 48, 15, 22, 21, 6, 3)","(22, 95, 27, 16, 86, 46, 81, 53, 39, 45, 12, 37, 38, 4, 95, 30, 43, 44, 12, 6)",422,422,False,0.0
427,similar_ratio,20,274,"(11, 32, 3, 6, 1, 46, 22, 21, 43, 48, 43, 26, 41, 39, 19, 29, 42, 7, 24, 45)","(22, 66, 6, 12, 2, 92, 44, 42, 85, 91, 83, 52, 79, 79, 37, 56, 88, 14, 49, 91)",551,557,True,0.010771992818671455
428,similar_ratio,20,252,"(17, 34, 39, 17, 17, 5, 25, 1, 37, 28, 36, 13, 19, 49, 5, 46, 42, 34, 33, 6)","(35, 68, 76, 34, 34, 10, 51, 2, 76, 55, 70, 27, 40, 103, 10, 95, 84, 69, 69, 12)",518,521,True,0.005758157389635317
429,similar_ratio,20,215,"(39, 2, 15, 12, 26, 36, 3, 20, 12, 4, 23, 42, 4, 37, 26, 40, 32, 10, 42, 5)","(81, 4, 30, 23, 52, 72, 6, 40, 25, 8, 44, 81, 8, 77, 52, 79, 64, 20, 85, 10)",432,438,True,0.0136986301369863
430,similar_ratio,20,258,"(18, 2, 14, 50, 20, 13, 37, 26, 10, 47, 16, 19, 11, 40, 41, 42, 36, 43, 21, 9)","(37, 4, 28, 103, 39, 27, 77, 52, 19, 92, 33, 37, 22, 83, 79, 84, 72, 88, 43, 19)",514,532,True,0.03383458646616541
431,similar_ratio,20,262,"(19, 46, 1, 41, 34, 28, 23, 19, 49, 46, 10, 11, 12, 30, 36, 48, 17, 33, 19, 3)","(39, 95, 2, 79, 70, 56, 44, 38, 94, 94, 20, 22, 25, 59, 73, 93, 35, 65, 40, 6)",535,537,True,0.0037243947858473
432,similar_ratio,20,252,"(38, 32, 25, 12, 34, 43, 1, 22, 46, 14, 30, 20, 33, 44, 25, 8, 8, 22, 20, 26)","(77, 61, 50, 23, 69, 86, 2, 45, 92, 28, 58, 38, 65, 86, 51, 17, 17, 46, 40, 53)",513,513,False,0.0
433,similar_ratio,20,259,"(13, 5, 40, 20, 44, 15, 28, 21, 47, 7, 9, 39, 49, 7, 14, 38, 50, 25, 4, 43)","(26, 10, 79, 42, 85, 30, 57, 43, 90, 15, 18, 79, 99, 14, 27, 74, 100, 50, 8, 90)",523,529,True,0.011342155009451797
434,similar_ratio,20,242,"(24, 13, 19, 30, 22, 36, 3, 7, 7, 31, 3, 42, 3, 39, 19, 33, 20, 47, 41, 44)","(46, 26, 36, 61, 42, 69, 6, 14, 14, 65, 6, 82, 6, 75, 39, 68, 41, 92, 82, 92)",484,494,True,0.020242914979757085
435,similar_ratio,20,272,"(13, 20, 40, 45, 35, 9, 36, 5, 42, 16, 35, 41, 29, 49, 7, 37, 37, 3, 19, 27)","(26, 38, 82, 90, 73, 17, 71, 10, 87, 32, 71, 84, 58, 103, 14, 72, 73, 6, 37, 55)",561,561,False,0.0
436,similar_ratio,20,284,"(25, 26, 24, 42, 46, 50, 29, 4, 1, 33, 31, 38, 43, 28, 24, 25, 6, 6, 49, 39)","(50, 51, 47, 81, 93, 95, 59, 8, 2, 69, 61, 74, 84, 56, 49, 52, 12, 12, 100, 78)",562,578,True,0.02768166089965398
437,similar_ratio,20,267,"(34, 2, 38, 29, 49, 24, 18, 28, 39, 36, 23, 12, 1, 33, 41, 21, 36, 4, 18, 48)","(67, 4, 80, 59, 98, 49, 35, 55, 79, 69, 47, 23, 2, 68, 82, 42, 72, 8, 35, 99)",537,546,True,0.016483516483516484
438,similar_ratio,20,202,"(14, 33, 48, 35, 4, 9, 15, 17, 10, 12, 22, 9, 5, 29, 10, 2, 24, 37, 32, 36)","(28, 68, 100, 71, 8, 18, 29, 35, 19, 25, 44, 18, 10, 57, 20, 4, 47, 76, 63, 69)",415,415,False,0.0
439,similar_ratio,20,308,"(26, 27, 28, 39, 31, 42, 29, 20, 9, 44, 6, 50, 21, 45, 41, 11, 50, 42, 47, 8)","(51, 53, 58, 81, 63, 82, 59, 40, 19, 84, 12, 95, 41, 90, 84, 22, 103, 86, 93, 16)",627,631,True,0.006339144215530904
440,similar_ratio,20,238,"(8, 20, 15, 4, 41, 39, 9, 26, 27, 7, 9, 35, 23, 29, 41, 25, 45, 28, 3, 43)","(16, 42, 29, 8, 83, 77, 18, 50, 53, 14, 18, 72, 46, 59, 86, 50, 90, 59, 6, 88)",489,490,True,0.0020408163265306124
441,similar_ratio,20,252,"(12, 26, 40, 50, 29, 20, 1, 7, 38, 9, 5, 24, 49, 10, 48, 38, 50, 12, 3, 34)","(25, 53, 77, 103, 59, 40, 2, 14, 78, 18, 10, 50, 93, 20, 94, 76, 97, 25, 6, 71)",516,518,True,0.003861003861003861
442,similar_ratio,20,270,"(24, 40, 28, 25, 49, 45, 26, 22, 29, 48, 13, 44, 10, 5, 37, 13, 27, 42, 1, 12)","(49, 80, 56, 48, 101, 88, 50, 43, 60, 95, 27, 87, 19, 10, 73, 26, 55, 84, 2, 24)",548,548,False,0.0
443,similar_ratio,20,288,"(49, 41, 18, 7, 1, 46, 35, 8, 30, 16, 28, 38, 29, 23, 43, 27, 31, 37, 49, 19)","(94, 83, 35, 14, 2, 93, 70, 16, 63, 33, 58, 76, 55, 48, 84, 56, 59, 70, 99, 36)",565,588,True,0.0391156462585034
444,similar_ratio,20,250,"(20, 20, 20, 41, 35, 5, 14, 46, 1, 8, 37, 48, 33, 22, 14, 23, 22, 20, 43, 27)","(39, 40, 41, 85, 69, 10, 28, 93, 2, 16, 70, 97, 64, 45, 29, 46, 43, 41, 88, 55)",505,511,True,0.011741682974559686
445,similar_ratio,20,273,"(36, 6, 17, 48, 10, 50, 28, 17, 32, 38, 20, 40, 39, 28, 20, 21, 35, 12, 48, 1)","(71, 12, 34, 99, 21, 103, 58, 34, 62, 73, 40, 81, 81, 57, 40, 40, 73, 24, 93, 2)",562,562,False,0.0
446,similar_ratio,20,224,"(31, 44, 42, 9, 40, 25, 15, 12, 9, 7, 18, 29, 48, 3, 24, 14, 14, 1, 15, 47)","(64, 89, 82, 18, 78, 48, 29, 25, 19, 14, 34, 58, 100, 6, 49, 27, 28, 2, 30, 92)",444,458,True,0.03056768558951965
447,similar_ratio,20,244,"(27, 1, 27, 9, 25, 50, 6, 36, 13, 3, 39, 17, 46, 1, 39, 36, 46, 15, 28, 25)","(55, 2, 56, 18, 48, 104, 12, 75, 27, 6, 75, 33, 91, 2, 75, 74, 94, 31, 56, 50)",501,503,True,0.003976143141153081
448,similar_ratio,20,242,"(18, 19, 38, 28, 8, 13, 33, 46, 31, 36, 23, 23, 8, 39, 4, 1, 13, 44, 45, 14)","(35, 37, 76, 58, 17, 27, 65, 91, 65, 70, 46, 47, 16, 80, 8, 2, 26, 88, 91, 27)",487,495,True,0.01616161616161616
449,similar_ratio,20,280,"(13, 46, 44, 14, 42, 29, 35, 28, 46, 25, 19, 47, 7, 9, 32, 32, 36, 23, 17, 16)","(25, 91, 89, 28, 83, 59, 67, 54, 95, 49, 40, 92, 14, 18, 63, 61, 75, 46, 34, 31)",561,568,True,0.01232394366197183
450,similar_ratio,20,162,"(7, 41, 4, 38, 4, 16, 39, 6, 9, 18, 1, 10, 14, 32, 8, 12, 4, 13, 1, 46)","(14, 79, 8, 76, 8, 32, 79, 12, 18, 35, 2, 19, 28, 66, 16, 25, 8, 26, 2, 91)",324,328,True,0.012195121951219513
451,similar_ratio,20,256,"(3, 31, 3, 50, 22, 11, 32, 14, 32, 15, 12, 49, 35, 24, 40, 33, 35, 12, 36, 24)","(6, 63, 6, 96, 43, 22, 61, 27, 65, 30, 24, 99, 71, 49, 77, 68, 69, 24, 69, 50)",499,520,True,0.04038461538461539
452,similar_ratio,20,281,"(22, 43, 22, 6, 13, 34, 45, 40, 4, 32, 39, 26, 26, 10, 50, 35, 49, 22, 20, 24)","(43, 88, 42, 12, 27, 70, 90, 82, 8, 62, 76, 54, 52, 20, 103, 73, 99, 45, 41, 49)",578,578,False,0.0
453,similar_ratio,20,285,"(16, 31, 25, 34, 36, 49, 46, 31, 28, 15, 6, 35, 32, 26, 21, 21, 44, 11, 41, 22)","(32, 63, 52, 67, 73, 93, 95, 63, 54, 29, 12, 67, 61, 54, 41, 43, 91, 21, 84, 44)",577,584,True,0.011986301369863013
454,similar_ratio,20,284,"(20, 35, 21, 28, 42, 10, 3, 49, 41, 14, 11, 14, 32, 14, 13, 47, 47, 42, 50, 35)","(40, 71, 43, 56, 83, 20, 6, 102, 79, 29, 22, 28, 66, 28, 26, 93, 96, 80, 99, 69)",579,579,False,0.0
455,similar_ratio,20,238,"(47, 37, 42, 12, 15, 9, 25, 11, 29, 30, 24, 2, 44, 21, 8, 11, 50, 31, 2, 26)","(90, 76, 82, 25, 29, 17, 52, 21, 58, 57, 49, 4, 91, 42, 16, 21, 105, 60, 4, 49)",480,489,True,0.018404907975460124
456,similar_ratio,20,322,"(48, 30, 42, 47, 34, 21, 49, 31, 3, 9, 47, 34, 35, 42, 45, 31, 5, 3, 45, 42)","(96, 60, 80, 97, 71, 42, 94, 63, 6, 17, 93, 69, 71, 85, 92, 64, 10, 6, 92, 87)",657,661,True,0.006051437216338881
457,similar_ratio,20,276,"(49, 22, 30, 22, 12, 14, 9, 27, 28, 40, 45, 6, 49, 34, 8, 38, 19, 15, 42, 43)","(95, 44, 61, 42, 25, 28, 18, 55, 54, 80, 92, 12, 96, 69, 17, 77, 38, 30, 85, 83)",553,561,True,0.0142602495543672
458,similar_ratio,20,253,"(5, 29, 19, 43, 46, 37, 30, 5, 2, 16, 43, 7, 22, 4, 50, 30, 31, 28, 24, 35)","(10, 55, 38, 86, 92, 75, 59, 10, 4, 31, 86, 14, 45, 8, 101, 61, 61, 56, 49, 68)",501,511,True,0.019569471624266144
459,similar_ratio,20,316,"(42, 45, 48, 29, 22, 23, 35, 49, 30, 16, 36, 2, 40, 31, 47, 13, 45, 21, 40, 18)","(86, 87, 91, 57, 43, 47, 73, 99, 58, 30, 70, 4, 77, 65, 96, 27, 90, 43, 77, 36)",630,644,True,0.021739130434782608
460,similar_ratio,20,278,"(20, 31, 26, 21, 27, 39, 30, 21, 46, 12, 8, 45, 50, 2, 17, 42, 49, 39, 12, 20)","(41, 64, 53, 40, 55, 82, 62, 43, 88, 23, 16, 92, 101, 4, 32, 88, 102, 81, 23, 39)",567,577,True,0.01733102253032929
461,similar_ratio,20,230,"(47, 5, 35, 27, 40, 28, 15, 31, 10, 21, 48, 5, 1, 17, 1, 23, 41, 25, 11, 29)","(92, 10, 71, 55, 77, 55, 29, 61, 19, 40, 95, 10, 2, 33, 2, 46, 85, 48, 23, 56)",460,463,True,0.0064794816414686825
462,similar_ratio,20,218,"(38, 25, 12, 1, 17, 46, 24, 14, 25, 24, 27, 6, 6, 17, 50, 23, 19, 20, 3, 39)","(77, 51, 23, 2, 35, 90, 49, 27, 52, 50, 51, 12, 11, 34, 102, 45, 37, 39, 6, 76)",436,445,True,0.020224719101123594
463,similar_ratio,20,250,"(14, 36, 6, 14, 5, 30, 43, 34, 25, 6, 28, 12, 26, 50, 38, 20, 22, 33, 48, 9)","(29, 75, 12, 29, 10, 62, 84, 68, 49, 12, 57, 23, 49, 102, 74, 41, 44, 67, 98, 17)",505,513,True,0.015594541910331383
464,similar_ratio,20,268,"(18, 40, 18, 22, 34, 28, 34, 29, 32, 25, 38, 6, 31, 1, 47, 12, 14, 25, 48, 34)","(35, 78, 36, 46, 71, 55, 70, 60, 61, 51, 79, 12, 63, 2, 96, 24, 28, 48, 95, 65)",550,551,True,0.0018148820326678765
465,similar_ratio,20,218,"(13, 4, 2, 36, 42, 26, 13, 16, 34, 25, 43, 11, 21, 4, 30, 40, 44, 8, 5, 20)","(27, 8, 4, 74, 88, 50, 27, 31, 69, 51, 82, 22, 43, 8, 58, 80, 88, 16, 10, 40)",447,447,False,0.0
466,similar_ratio,20,216,"(4, 13, 10, 15, 50, 23, 31, 8, 19, 7, 37, 3, 15, 32, 45, 37, 36, 3, 11, 33)","(8, 27, 21, 30, 104, 44, 62, 16, 37, 14, 74, 6, 29, 67, 91, 72, 70, 6, 22, 64)",440,442,True,0.004524886877828055
467,similar_ratio,20,232,"(17, 5, 7, 20, 27, 41, 11, 15, 22, 45, 24, 32, 2, 46, 45, 21, 29, 4, 39, 12)","(34, 10, 14, 41, 56, 79, 22, 30, 42, 86, 50, 64, 4, 95, 90, 43, 58, 8, 77, 25)",432,474,True,0.08860759493670886
468,similar_ratio,20,214,"(14, 38, 45, 25, 35, 43, 46, 7, 19, 8, 13, 24, 16, 21, 15, 7, 10, 30, 2, 10)","(28, 73, 91, 48, 70, 85, 90, 14, 37, 17, 26, 47, 31, 44, 31, 14, 20, 58, 4, 20)",426,432,True,0.013888888888888888
469,similar_ratio,20,251,"(17, 43, 42, 4, 17, 48, 16, 1, 23, 41, 29, 24, 5, 41, 28, 26, 1, 39, 25, 32)","(35, 84, 83, 8, 32, 96, 31, 2, 47, 81, 58, 47, 10, 80, 58, 52, 2, 74, 48, 65)",480,506,True,0.05138339920948617
470,similar_ratio,20,241,"(3, 12, 42, 31, 45, 26, 4, 48, 16, 34, 40, 2, 4, 34, 47, 3, 30, 35, 15, 11)","(6, 23, 87, 63, 89, 50, 8, 95, 31, 65, 77, 4, 8, 71, 91, 6, 57, 67, 30, 23)",482,487,True,0.01026694045174538
471,similar_ratio,20,241,"(44, 5, 47, 21, 35, 5, 4, 34, 45, 28, 26, 48, 14, 41, 12, 9, 16, 8, 10, 30)","(92, 10, 94, 41, 69, 10, 8, 66, 91, 58, 52, 95, 27, 81, 24, 17, 32, 16, 19, 58)",487,488,True,0.0020491803278688526
472,similar_ratio,20,194,"(10, 41, 43, 26, 10, 10, 3, 15, 8, 18, 3, 15, 5, 50, 7, 34, 32, 17, 15, 27)","(21, 82, 83, 54, 19, 20, 6, 30, 16, 36, 6, 31, 10, 102, 14, 71, 66, 33, 30, 52)",393,399,True,0.015037593984962405
473,similar_ratio,20,234,"(22, 1, 8, 20, 10, 30, 12, 30, 37, 43, 10, 9, 47, 33, 32, 15, 19, 16, 39, 36)","(43, 2, 16, 39, 21, 62, 24, 59, 74, 85, 19, 18, 92, 67, 65, 31, 37, 34, 77, 75)",471,477,True,0.012578616352201259
474,similar_ratio,20,226,"(5, 27, 9, 24, 14, 24, 3, 16, 27, 31, 43, 6, 41, 39, 14, 37, 3, 49, 26, 15)","(10, 57, 18, 50, 27, 47, 6, 33, 55, 61, 86, 12, 82, 78, 27, 72, 6, 94, 49, 30)",445,459,True,0.030501089324618737
475,similar_ratio,20,260,"(5, 41, 29, 43, 21, 7, 30, 6, 13, 48, 43, 9, 26, 47, 31, 5, 26, 49, 25, 16)","(10, 83, 60, 90, 43, 13, 58, 12, 26, 95, 83, 18, 54, 90, 62, 10, 49, 100, 49, 33)",529,532,True,0.005639097744360902
476,similar_ratio,20,298,"(32, 18, 39, 49, 46, 27, 47, 3, 9, 46, 5, 4, 42, 26, 49, 50, 43, 23, 31, 8)","(65, 38, 77, 102, 92, 53, 93, 6, 17, 89, 10, 8, 88, 51, 101, 101, 87, 44, 64, 16)",602,613,True,0.01794453507340946
477,similar_ratio,20,238,"(40, 4, 11, 27, 41, 43, 25, 19, 15, 1, 26, 9, 28, 13, 35, 48, 12, 27, 47, 6)","(79, 8, 22, 54, 79, 83, 49, 40, 29, 2, 53, 19, 59, 26, 72, 97, 23, 52, 94, 12)",464,485,True,0.04329896907216495
478,similar_ratio,20,256,"(21, 8, 19, 5, 23, 22, 49, 20, 35, 30, 38, 46, 8, 2, 20, 47, 47, 21, 25, 27)","(43, 16, 38, 10, 48, 44, 93, 42, 70, 60, 74, 91, 16, 4, 40, 91, 90, 43, 52, 53)",486,519,True,0.06358381502890173
479,similar_ratio,20,254,"(27, 33, 48, 10, 34, 12, 10, 42, 11, 41, 1, 20, 22, 39, 19, 42, 40, 5, 3, 48)","(54, 66, 98, 21, 70, 23, 19, 81, 23, 79, 2, 42, 45, 79, 39, 83, 83, 10, 6, 99)",522,523,True,0.0019120458891013384
480,similar_ratio,20,254,"(26, 44, 43, 14, 44, 6, 16, 17, 23, 21, 5, 24, 1, 45, 40, 38, 13, 23, 28, 38)","(52, 86, 88, 29, 86, 12, 31, 34, 48, 40, 10, 50, 2, 87, 82, 77, 27, 46, 56, 75)",511,519,True,0.015414258188824663
481,similar_ratio,20,214,"(44, 28, 30, 30, 8, 3, 6, 1, 26, 12, 24, 31, 29, 6, 17, 6, 47, 20, 29, 30)","(90, 57, 61, 61, 16, 6, 12, 2, 51, 25, 46, 63, 56, 12, 35, 11, 91, 40, 58, 57)",428,435,True,0.016091954022988506
482,similar_ratio,20,298,"(34, 27, 38, 43, 17, 38, 47, 24, 1, 34, 25, 28, 37, 28, 50, 6, 37, 33, 24, 24)","(69, 55, 76, 88, 33, 74, 91, 48, 2, 67, 52, 56, 71, 57, 102, 12, 75, 67, 46, 49)",601,607,True,0.009884678747940691
483,similar_ratio,20,280,"(34, 37, 6, 33, 39, 15, 6, 33, 34, 17, 49, 48, 49, 27, 7, 44, 5, 40, 30, 8)","(69, 73, 11, 69, 76, 29, 12, 66, 66, 36, 94, 99, 102, 56, 13, 91, 10, 81, 58, 17)",574,578,True,0.006920415224913495
484,similar_ratio,20,273,"(37, 21, 7, 43, 43, 6, 25, 22, 24, 35, 9, 9, 9, 25, 50, 40, 34, 15, 44, 48)","(71, 40, 14, 83, 84, 12, 50, 46, 49, 73, 18, 18, 19, 51, 95, 83, 65, 29, 84, 98)",531,557,True,0.0466786355475763
485,similar_ratio,20,198,"(9, 11, 22, 31, 47, 38, 28, 15, 16, 17, 13, 27, 34, 6, 28, 7, 28, 3, 1, 14)","(17, 22, 43, 65, 96, 73, 56, 29, 31, 35, 27, 56, 70, 13, 56, 14, 55, 6, 2, 29)",407,408,True,0.0024509803921568627
486,similar_ratio,20,230,"(12, 17, 32, 25, 1, 6, 37, 20, 16, 44, 39, 6, 30, 19, 14, 31, 14, 50, 30, 16)","(23, 33, 63, 50, 2, 12, 76, 39, 34, 90, 80, 12, 60, 39, 27, 65, 27, 104, 61, 33)",457,475,True,0.037894736842105266
487,similar_ratio,20,276,"(39, 3, 49, 15, 21, 31, 26, 6, 16, 16, 48, 36, 46, 16, 39, 27, 32, 45, 2, 39)","(77, 6, 96, 31, 43, 62, 51, 12, 31, 31, 95, 72, 88, 32, 74, 56, 61, 92, 4, 79)",540,557,True,0.03052064631956912
488,similar_ratio,20,260,"(8, 48, 34, 26, 25, 9, 41, 30, 17, 33, 20, 44, 50, 5, 18, 20, 4, 46, 13, 28)","(16, 100, 69, 51, 51, 18, 83, 61, 35, 66, 39, 86, 98, 10, 36, 38, 8, 96, 26, 56)",529,532,True,0.005639097744360902
489,similar_ratio,20,256,"(12, 33, 46, 28, 1, 24, 33, 49, 15, 6, 26, 48, 46, 9, 8, 25, 45, 5, 20, 33)","(24, 69, 95, 59, 2, 46, 69, 96, 29, 11, 55, 99, 89, 19, 15, 49, 94, 10, 38, 63)",525,531,True,0.011299435028248588
490,similar_ratio,20,279,"(48, 31, 45, 48, 41, 16, 27, 27, 46, 31, 11, 9, 6, 26, 28, 43, 20, 3, 17, 35)","(96, 65, 93, 97, 80, 32, 53, 54, 92, 60, 21, 18, 13, 54, 57, 86, 41, 6, 33, 70)",566,570,True,0.007017543859649123
491,similar_ratio,20,274,"(32, 31, 40, 35, 36, 16, 29, 31, 23, 24, 10, 38, 33, 17, 14, 14, 1, 49, 40, 34)","(66, 64, 81, 69, 74, 33, 56, 59, 46, 46, 21, 74, 63, 35, 29, 28, 2, 100, 78, 71)",541,562,True,0.037366548042704624
492,similar_ratio,20,186,"(40, 24, 2, 1, 11, 31, 6, 32, 21, 19, 16, 4, 8, 44, 45, 4, 2, 2, 21, 39)","(82, 50, 4, 2, 22, 63, 12, 62, 44, 39, 33, 8, 16, 89, 88, 8, 4, 4, 41, 82)",382,384,True,0.005208333333333333
493,similar_ratio,20,268,"(17, 20, 23, 40, 32, 17, 40, 16, 33, 46, 10, 35, 4, 39, 24, 47, 38, 6, 41, 8)","(35, 40, 46, 81, 61, 36, 78, 33, 67, 93, 20, 68, 8, 78, 49, 89, 75, 12, 83, 16)",545,545,False,0.0
494,similar_ratio,20,290,"(41, 41, 10, 42, 28, 26, 13, 42, 35, 26, 24, 16, 40, 1, 47, 9, 22, 38, 31, 48)","(83, 85, 19, 84, 55, 52, 26, 83, 70, 50, 48, 31, 82, 2, 94, 17, 45, 78, 64, 97)",588,591,True,0.005076142131979695
495,similar_ratio,20,311,"(44, 35, 37, 41, 21, 49, 35, 49, 2, 12, 18, 45, 50, 35, 49, 40, 1, 26, 14, 19)","(85, 67, 72, 81, 41, 100, 68, 99, 4, 23, 35, 92, 101, 69, 101, 80, 2, 53, 27, 40)",633,633,False,0.0
496,similar_ratio,20,300,"(47, 25, 21, 49, 46, 39, 10, 33, 21, 43, 3, 49, 36, 15, 33, 45, 20, 35, 14, 15)","(98, 48, 43, 98, 89, 80, 21, 69, 41, 88, 6, 101, 70, 31, 68, 91, 41, 71, 29, 29)",616,619,True,0.004846526655896607
497,similar_ratio,20,238,"(17, 47, 22, 16, 6, 20, 47, 7, 30, 3, 12, 10, 44, 37, 39, 14, 49, 39, 2, 14)","(34, 97, 43, 32, 12, 40, 99, 15, 59, 6, 25, 20, 85, 72, 80, 28, 101, 74, 4, 29)",492,492,False,0.0
498,similar_ratio,20,267,"(31, 16, 25, 31, 17, 44, 40, 29, 9, 50, 7, 26, 36, 16, 20, 14, 21, 49, 26, 27)","(61, 31, 48, 65, 36, 85, 82, 58, 18, 101, 15, 52, 71, 32, 38, 29, 41, 97, 51, 52)",539,542,True,0.005535055350553505
499,similar_ratio,20,275,"(8, 32, 32, 8, 17, 28, 49, 50, 12, 29, 20, 42, 10, 50, 26, 38, 9, 24, 35, 31)","(15, 63, 63, 16, 33, 57, 103, 99, 25, 60, 41, 85, 19, 100, 51, 74, 19, 49, 69, 61)",555,561,True,0.0106951871657754
500,similar_ratio,20,246,"(30, 38, 41, 25, 7, 37, 6, 22, 19, 49, 29, 24, 8, 13, 11, 22, 34, 1, 30, 47)","(63, 76, 84, 49, 14, 76, 11, 43, 36, 94, 59, 46, 17, 26, 22, 44, 65, 2, 63, 91)",502,504,True,0.003968253968253968
501,similar_ratio,20,283,"(41, 23, 21, 24, 22, 47, 24, 49, 9, 44, 9, 26, 7, 43, 37, 10, 10, 48, 50, 22)","(80, 45, 41, 46, 43, 94, 48, 97, 18, 84, 19, 51, 14, 83, 76, 20, 20, 92, 95, 46)",548,567,True,0.03350970017636684
502,similar_ratio,20,260,"(33, 41, 48, 11, 28, 3, 25, 16, 42, 43, 45, 46, 37, 3, 6, 12, 3, 38, 7, 33)","(65, 81, 98, 23, 58, 6, 50, 31, 86, 84, 90, 95, 71, 6, 12, 23, 6, 73, 14, 64)",530,530,False,0.0
503,similar_ratio,20,283,"(11, 47, 20, 42, 28, 2, 48, 30, 47, 6, 42, 49, 27, 18, 42, 32, 22, 15, 28, 10)","(21, 91, 39, 80, 57, 4, 97, 60, 90, 13, 84, 98, 54, 36, 82, 62, 42, 31, 58, 19)",556,571,True,0.02626970227670753
504,similar_ratio,20,261,"(30, 24, 49, 4, 48, 33, 37, 20, 44, 16, 33, 12, 27, 47, 19, 43, 1, 4, 5, 26)","(62, 49, 101, 8, 95, 67, 74, 38, 84, 32, 68, 25, 52, 94, 36, 88, 2, 8, 10, 52)",520,534,True,0.026217228464419477
505,similar_ratio,20,272,"(10, 20, 45, 35, 42, 27, 40, 35, 7, 22, 30, 2, 10, 49, 34, 47, 25, 19, 20, 24)","(20, 39, 90, 72, 83, 56, 79, 71, 14, 46, 58, 4, 19, 97, 70, 96, 49, 39, 42, 46)",549,557,True,0.01436265709156194
506,similar_ratio,20,270,"(49, 18, 27, 16, 45, 43, 32, 2, 25, 40, 13, 49, 14, 8, 35, 30, 7, 23, 50, 14)","(101, 36, 56, 33, 87, 85, 62, 4, 48, 77, 27, 95, 28, 16, 72, 61, 14, 44, 103, 28)",551,552,True,0.0018115942028985507
507,similar_ratio,20,254,"(31, 37, 32, 29, 42, 7, 45, 8, 11, 2, 13, 35, 19, 32, 24, 37, 23, 9, 42, 29)","(64, 77, 65, 57, 88, 14, 87, 16, 23, 4, 26, 69, 38, 63, 50, 72, 47, 17, 80, 55)",512,521,True,0.01727447216890595
508,similar_ratio,20,310,"(35, 27, 7, 43, 41, 42, 37, 37, 37, 26, 9, 46, 7, 2, 23, 33, 35, 47, 44, 42)","(72, 54, 14, 82, 82, 87, 75, 73, 76, 51, 18, 96, 14, 4, 45, 66, 69, 92, 92, 82)",602,636,True,0.05345911949685535
509,similar_ratio,20,232,"(46, 27, 11, 8, 36, 43, 25, 4, 2, 8, 28, 5, 11, 25, 29, 46, 49, 14, 43, 3)","(94, 52, 22, 16, 73, 87, 49, 8, 4, 16, 54, 10, 23, 50, 60, 93, 98, 29, 83, 6)",471,473,True,0.004228329809725159
510,similar_ratio,20,270,"(44, 19, 27, 5, 22, 41, 11, 48, 46, 16, 22, 28, 17, 6, 27, 16, 29, 42, 39, 35)","(91, 39, 52, 10, 46, 79, 22, 100, 91, 31, 44, 53, 33, 12, 55, 33, 60, 81, 78, 73)",541,555,True,0.025225225225225224
511,similar_ratio,20,252,"(7, 10, 48, 47, 9, 36, 2, 6, 43, 27, 23, 12, 48, 39, 25, 44, 5, 14, 16, 43)","(14, 19, 98, 92, 17, 75, 4, 12, 89, 54, 44, 25, 97, 79, 52, 84, 10, 28, 31, 86)",515,516,True,0.001937984496124031
512,similar_ratio,20,244,"(2, 10, 27, 40, 11, 16, 48, 36, 34, 2, 17, 7, 39, 2, 44, 46, 46, 39, 12, 10)","(4, 20, 53, 79, 21, 30, 92, 71, 67, 4, 35, 14, 79, 4, 85, 89, 92, 78, 25, 21)",476,490,True,0.02857142857142857
513,similar_ratio,20,239,"(2, 40, 28, 19, 27, 46, 45, 1, 33, 24, 44, 12, 5, 5, 32, 35, 23, 10, 31, 16)","(4, 77, 57, 37, 51, 90, 89, 2, 63, 49, 90, 23, 10, 10, 65, 70, 44, 20, 63, 33)",473,484,True,0.022727272727272728
514,similar_ratio,20,247,"(23, 42, 27, 24, 37, 21, 17, 44, 46, 24, 14, 27, 35, 7, 34, 12, 6, 12, 10, 32)","(44, 82, 54, 48, 73, 42, 32, 92, 95, 47, 27, 54, 73, 14, 69, 23, 12, 25, 20, 62)",498,505,True,0.013861386138613862
515,similar_ratio,20,180,"(11, 19, 7, 1, 18, 2, 3, 30, 22, 38, 41, 3, 15, 14, 32, 41, 18, 23, 7, 16)","(22, 40, 14, 2, 36, 4, 6, 58, 46, 77, 82, 6, 29, 29, 67, 86, 36, 47, 15, 33)",375,375,False,0.0
516,similar_ratio,20,272,"(47, 35, 37, 41, 11, 18, 10, 33, 24, 48, 29, 10, 4, 6, 20, 16, 47, 28, 29, 50)","(97, 72, 77, 82, 22, 34, 21, 68, 47, 98, 56, 20, 8, 12, 41, 32, 93, 53, 61, 104)",563,563,False,0.0
517,similar_ratio,20,268,"(28, 43, 13, 12, 32, 9, 4, 26, 44, 29, 33, 50, 42, 27, 2, 46, 28, 17, 37, 15)","(59, 85, 27, 25, 63, 18, 8, 54, 92, 57, 67, 101, 86, 53, 4, 97, 55, 34, 74, 30)",537,555,True,0.032432432432432434
518,similar_ratio,20,297,"(24, 17, 33, 32, 37, 2, 37, 23, 23, 35, 7, 41, 48, 13, 39, 46, 23, 40, 26, 48)","(48, 34, 68, 65, 76, 4, 77, 45, 45, 71, 14, 82, 92, 27, 75, 96, 44, 77, 51, 93)",580,607,True,0.044481054365733116
519,similar_ratio,20,228,"(39, 22, 19, 36, 4, 42, 5, 19, 29, 20, 5, 40, 25, 21, 24, 25, 20, 16, 19, 27)","(78, 43, 40, 70, 8, 82, 10, 36, 57, 41, 10, 77, 48, 41, 46, 48, 40, 32, 36, 53)",453,454,True,0.0022026431718061676
520,similar_ratio,20,296,"(1, 26, 9, 49, 14, 27, 28, 8, 34, 25, 31, 44, 43, 50, 36, 31, 27, 25, 37, 48)","(2, 51, 18, 97, 27, 52, 59, 16, 66, 49, 62, 92, 88, 105, 75, 60, 57, 51, 75, 97)",604,613,True,0.01468189233278956
521,similar_ratio,20,215,"(7, 20, 46, 12, 23, 42, 20, 3, 12, 9, 25, 18, 1, 33, 4, 35, 38, 40, 32, 10)","(13, 39, 95, 25, 48, 83, 40, 6, 24, 17, 49, 37, 2, 65, 8, 67, 73, 83, 66, 21)",431,442,True,0.024886877828054297
522,similar_ratio,20,314,"(5, 50, 40, 9, 35, 34, 13, 48, 35, 37, 33, 20, 45, 9, 26, 37, 30, 39, 43, 39)","(10, 104, 82, 18, 73, 70, 26, 92, 73, 75, 65, 39, 92, 17, 50, 74, 59, 77, 85, 79)",640,644,True,0.006211180124223602
523,similar_ratio,20,275,"(44, 19, 25, 11, 37, 1, 42, 50, 26, 31, 41, 17, 44, 44, 11, 2, 16, 46, 4, 39)","(90, 39, 48, 22, 75, 2, 87, 100, 54, 63, 85, 36, 85, 86, 22, 4, 32, 94, 8, 80)",567,567,False,0.0
524,similar_ratio,20,250,"(15, 37, 22, 46, 11, 37, 5, 16, 45, 1, 18, 9, 32, 37, 23, 39, 36, 47, 23, 2)","(31, 72, 42, 90, 23, 76, 10, 31, 91, 2, 38, 18, 64, 77, 46, 80, 70, 93, 44, 4)",510,512,True,0.00390625
525,similar_ratio,20,244,"(35, 31, 11, 39, 40, 29, 3, 16, 31, 29, 35, 37, 37, 39, 6, 7, 19, 5, 19, 21)","(73, 65, 22, 75, 78, 60, 6, 33, 60, 59, 68, 77, 71, 80, 12, 14, 39, 10, 39, 40)",504,504,False,0.0
526,similar_ratio,20,278,"(10, 4, 49, 33, 50, 42, 31, 17, 31, 22, 2, 21, 50, 11, 45, 29, 33, 26, 35, 14)","(19, 8, 97, 69, 102, 81, 60, 33, 62, 45, 4, 42, 103, 23, 88, 61, 64, 51, 71, 27)",567,569,True,0.0035149384885764497
527,similar_ratio,20,287,"(28, 44, 11, 16, 49, 46, 19, 44, 47, 25, 25, 23, 38, 41, 25, 20, 29, 18, 24, 2)","(58, 90, 22, 31, 93, 89, 39, 92, 98, 48, 51, 45, 78, 84, 52, 39, 58, 38, 47, 4)",594,594,False,0.0
528,similar_ratio,20,224,"(4, 37, 31, 38, 37, 12, 15, 9, 42, 2, 6, 47, 14, 26, 49, 2, 29, 25, 3, 21)","(8, 73, 62, 74, 72, 24, 29, 18, 85, 4, 12, 92, 27, 51, 96, 4, 55, 51, 6, 41)",439,446,True,0.01569506726457399
529,similar_ratio,20,282,"(42, 48, 16, 43, 14, 46, 25, 10, 41, 24, 35, 21, 47, 31, 8, 27, 11, 46, 20, 9)","(88, 99, 34, 86, 28, 96, 51, 20, 86, 48, 72, 41, 91, 64, 15, 54, 22, 89, 41, 17)",580,584,True,0.00684931506849315
530,similar_ratio,20,286,"(22, 36, 39, 36, 11, 41, 33, 48, 50, 44, 2, 22, 11, 8, 18, 14, 17, 40, 29, 50)","(42, 74, 78, 71, 21, 82, 67, 98, 103, 92, 4, 42, 23, 15, 37, 29, 35, 76, 55, 104)",589,590,True,0.001694915254237288
531,similar_ratio,20,296,"(47, 48, 23, 44, 30, 16, 11, 41, 15, 3, 25, 32, 45, 43, 38, 12, 27, 24, 50, 17)","(96, 95, 46, 84, 58, 31, 21, 86, 31, 6, 49, 67, 91, 84, 75, 25, 53, 49, 103, 34)",600,607,True,0.011532125205930808
532,similar_ratio,20,238,"(14, 10, 32, 1, 42, 31, 10, 24, 16, 13, 39, 34, 48, 1, 18, 6, 37, 19, 41, 41)","(28, 19, 63, 2, 81, 65, 20, 46, 32, 27, 81, 66, 92, 2, 35, 12, 71, 37, 80, 80)",468,478,True,0.02092050209205021
533,similar_ratio,20,208,"(25, 24, 27, 32, 12, 9, 50, 2, 46, 40, 10, 48, 1, 1, 16, 39, 1, 2, 31, 1)","(48, 47, 55, 63, 25, 18, 96, 4, 89, 80, 20, 94, 2, 2, 32, 79, 2, 4, 63, 2)",388,419,True,0.07398568019093078
534,similar_ratio,20,280,"(28, 13, 10, 28, 4, 33, 26, 12, 17, 48, 46, 40, 44, 50, 23, 18, 38, 29, 28, 26)","(58, 26, 20, 53, 8, 69, 54, 25, 34, 95, 89, 79, 91, 99, 44, 37, 78, 56, 57, 52)",557,575,True,0.03130434782608696
535,similar_ratio,20,254,"(10, 26, 38, 10, 15, 50, 30, 25, 32, 14, 46, 31, 33, 14, 9, 23, 50, 19, 22, 10)","(21, 53, 77, 19, 31, 103, 60, 48, 66, 29, 94, 59, 67, 28, 18, 47, 99, 38, 43, 20)",511,521,True,0.019193857965451054
536,similar_ratio,20,263,"(48, 35, 1, 25, 28, 12, 26, 17, 11, 43, 22, 36, 32, 6, 49, 22, 27, 43, 42, 1)","(93, 70, 2, 50, 57, 24, 50, 34, 21, 90, 43, 72, 61, 12, 101, 45, 52, 85, 87, 2)",538,538,False,0.0
537,similar_ratio,20,260,"(47, 16, 30, 28, 35, 37, 46, 4, 27, 23, 7, 49, 15, 44, 25, 1, 26, 34, 14, 12)","(93, 31, 60, 54, 68, 75, 97, 8, 53, 47, 14, 100, 29, 86, 51, 2, 53, 67, 28, 24)",531,531,False,0.0
538,similar_ratio,20,238,"(18, 26, 17, 7, 41, 25, 35, 27, 38, 19, 29, 30, 11, 45, 7, 19, 24, 27, 6, 26)","(35, 50, 33, 15, 84, 51, 70, 52, 79, 38, 58, 60, 22, 93, 14, 40, 47, 53, 12, 53)",485,489,True,0.0081799591002045
539,similar_ratio,20,294,"(19, 36, 46, 10, 24, 5, 34, 37, 47, 27, 3, 43, 47, 28, 22, 36, 35, 28, 21, 39)","(37, 76, 88, 21, 47, 10, 65, 75, 97, 52, 6, 82, 98, 56, 44, 75, 69, 57, 41, 76)",571,605,True,0.05619834710743802
540,similar_ratio,20,296,"(40, 24, 21, 38, 17, 34, 34, 15, 38, 10, 26, 34, 44, 46, 21, 45, 17, 16, 24, 49)","(81, 46, 42, 75, 34, 65, 65, 30, 76, 20, 50, 68, 89, 88, 40, 87, 35, 33, 47, 95)",583,593,True,0.016863406408094434
541,similar_ratio,20,264,"(23, 25, 12, 21, 6, 38, 17, 40, 7, 47, 26, 38, 30, 20, 29, 41, 20, 24, 14, 50)","(44, 48, 24, 42, 12, 78, 32, 81, 14, 97, 51, 78, 59, 38, 60, 79, 41, 47, 27, 104)",539,541,True,0.0036968576709796672
542,similar_ratio,20,231,"(31, 27, 29, 9, 13, 46, 12, 12, 40, 24, 30, 36, 50, 5, 26, 24, 15, 10, 10, 13)","(60, 52, 59, 19, 27, 96, 23, 23, 76, 48, 59, 74, 102, 10, 50, 47, 31, 21, 19, 26)",465,474,True,0.0189873417721519
543,similar_ratio,20,286,"(42, 9, 50, 12, 6, 34, 40, 25, 47, 42, 8, 18, 50, 22, 32, 39, 10, 15, 32, 38)","(88, 17, 102, 25, 12, 71, 80, 52, 92, 86, 15, 34, 101, 44, 64, 77, 20, 31, 61, 74)",588,588,False,0.0
544,similar_ratio,20,238,"(43, 7, 36, 42, 45, 26, 4, 15, 6, 2, 19, 5, 2, 6, 24, 26, 40, 48, 37, 43)","(88, 14, 70, 86, 86, 51, 8, 30, 12, 4, 39, 10, 4, 12, 47, 54, 82, 100, 73, 84)",487,489,True,0.00408997955010225
545,similar_ratio,20,202,"(14, 47, 42, 4, 5, 22, 35, 14, 8, 30, 12, 5, 26, 5, 49, 11, 15, 29, 8, 22)","(28, 98, 86, 8, 10, 45, 67, 29, 16, 61, 25, 10, 52, 10, 93, 23, 31, 60, 16, 45)",415,417,True,0.004796163069544364
546,similar_ratio,20,222,"(1, 26, 48, 48, 9, 23, 24, 4, 16, 38, 36, 4, 38, 8, 14, 18, 21, 24, 29, 14)","(2, 54, 95, 93, 17, 48, 49, 8, 32, 77, 75, 8, 74, 17, 28, 37, 40, 48, 57, 29)",453,456,True,0.006578947368421052
547,similar_ratio,20,276,"(3, 18, 32, 24, 30, 5, 44, 3, 50, 20, 39, 44, 32, 20, 50, 23, 7, 14, 49, 44)","(6, 35, 62, 48, 62, 10, 91, 6, 97, 38, 80, 90, 62, 41, 104, 46, 14, 28, 94, 90)",564,568,True,0.007042253521126761
548,similar_ratio,20,260,"(3, 33, 49, 26, 39, 32, 18, 6, 28, 22, 1, 37, 25, 14, 4, 50, 19, 49, 17, 48)","(6, 68, 94, 52, 79, 67, 34, 12, 54, 42, 2, 77, 50, 28, 8, 105, 37, 100, 36, 95)",538,538,False,0.0
549,similar_ratio,20,264,"(42, 11, 35, 19, 5, 21, 6, 13, 33, 43, 48, 27, 16, 31, 30, 9, 33, 44, 32, 30)","(82, 23, 70, 39, 10, 41, 11, 27, 67, 89, 92, 53, 34, 62, 59, 18, 69, 91, 64, 60)",537,542,True,0.00922509225092251
550,similar_ratio,20,247,"(31, 46, 16, 28, 37, 8, 33, 13, 43, 1, 19, 30, 40, 14, 2, 28, 19, 3, 42, 41)","(62, 91, 33, 58, 71, 16, 67, 25, 89, 2, 36, 62, 79, 27, 4, 55, 39, 6, 84, 82)",493,504,True,0.021825396825396824
551,similar_ratio,20,258,"(33, 16, 16, 27, 49, 2, 38, 44, 21, 28, 47, 4, 20, 20, 26, 31, 5, 17, 44, 29)","(67, 30, 32, 53, 98, 4, 74, 89, 44, 53, 94, 8, 41, 40, 52, 61, 10, 34, 85, 59)",492,522,True,0.05747126436781609
552,similar_ratio,20,248,"(2, 43, 49, 3, 15, 37, 38, 7, 14, 24, 22, 8, 47, 1, 49, 22, 14, 28, 32, 41)","(4, 86, 97, 6, 31, 74, 80, 14, 28, 47, 46, 15, 97, 2, 98, 42, 29, 58, 61, 80)",496,509,True,0.025540275049115914
553,similar_ratio,20,294,"(31, 9, 27, 50, 43, 29, 30, 37, 29, 44, 28, 1, 25, 45, 2, 14, 39, 17, 45, 43)","(59, 18, 53, 100, 87, 56, 61, 77, 56, 92, 53, 2, 51, 87, 4, 28, 74, 34, 88, 86)",554,596,True,0.07046979865771812
554,similar_ratio,20,320,"(33, 24, 25, 10, 46, 24, 11, 44, 38, 38, 50, 33, 9, 18, 49, 50, 16, 36, 39, 47)","(65, 50, 52, 19, 90, 46, 21, 84, 76, 74, 97, 69, 18, 35, 94, 101, 31, 74, 78, 94)",647,648,True,0.0015432098765432098
555,similar_ratio,20,218,"(13, 9, 7, 27, 46, 39, 9, 32, 7, 8, 39, 47, 17, 10, 41, 35, 4, 15, 21, 10)","(25, 18, 14, 52, 94, 78, 18, 64, 14, 15, 79, 93, 35, 21, 79, 71, 8, 29, 41, 21)",439,443,True,0.009029345372460496
556,similar_ratio,20,316,"(45, 41, 50, 34, 19, 2, 40, 43, 45, 33, 3, 12, 17, 9, 25, 46, 50, 47, 39, 31)","(90, 83, 100, 70, 36, 4, 78, 83, 91, 63, 6, 25, 33, 18, 50, 96, 101, 98, 77, 62)",642,645,True,0.004651162790697674
557,similar_ratio,20,290,"(2, 44, 50, 35, 26, 13, 50, 26, 50, 18, 36, 30, 33, 33, 10, 5, 37, 28, 22, 32)","(4, 89, 103, 71, 52, 26, 103, 49, 102, 37, 69, 60, 66, 64, 21, 10, 72, 56, 46, 65)",588,593,True,0.008431703204047217
558,similar_ratio,20,220,"(25, 35, 45, 12, 6, 15, 11, 12, 45, 15, 38, 4, 30, 30, 46, 7, 36, 2, 7, 19)","(52, 67, 86, 24, 12, 31, 22, 25, 87, 31, 74, 8, 60, 57, 90, 14, 69, 4, 14, 37)",424,441,True,0.03854875283446712
559,similar_ratio,20,232,"(1, 28, 22, 9, 17, 46, 22, 1, 34, 27, 50, 32, 33, 23, 23, 23, 9, 19, 25, 19)","(2, 58, 43, 17, 34, 96, 42, 2, 69, 57, 102, 65, 63, 48, 47, 44, 19, 37, 50, 36)",465,479,True,0.029227557411273485
560,similar_ratio,20,252,"(49, 31, 1, 38, 23, 16, 7, 10, 9, 32, 5, 43, 29, 38, 29, 44, 12, 41, 40, 7)","(99, 63, 2, 79, 45, 31, 14, 20, 19, 63, 10, 83, 61, 73, 61, 89, 24, 81, 79, 14)",517,517,False,0.0
561,similar_ratio,20,288,"(38, 12, 13, 40, 35, 38, 36, 47, 1, 46, 35, 48, 9, 2, 42, 13, 48, 41, 12, 19)","(76, 24, 25, 79, 72, 79, 73, 93, 2, 95, 71, 100, 18, 4, 86, 25, 94, 86, 24, 37)",595,595,False,0.0
562,similar_ratio,20,260,"(48, 50, 8, 8, 47, 28, 4, 47, 40, 47, 25, 6, 4, 8, 28, 19, 38, 16, 18, 32)","(95, 104, 15, 16, 91, 58, 8, 94, 76, 92, 51, 12, 8, 17, 54, 37, 72, 33, 38, 64)",518,529,True,0.020793950850661626
563,similar_ratio,20,240,"(34, 20, 12, 5, 24, 9, 39, 40, 21, 13, 37, 31, 36, 30, 2, 35, 46, 1, 44, 2)","(70, 41, 25, 10, 47, 18, 80, 84, 41, 25, 75, 62, 72, 58, 4, 70, 91, 2, 85, 4)",475,490,True,0.030612244897959183
564,similar_ratio,20,219,"(19, 22, 28, 18, 6, 31, 15, 12, 38, 33, 24, 23, 6, 9, 34, 45, 12, 5, 32, 26)","(37, 42, 57, 35, 12, 64, 29, 24, 75, 68, 48, 45, 12, 18, 66, 88, 23, 10, 65, 53)",431,444,True,0.02927927927927928
565,similar_ratio,20,259,"(41, 31, 25, 28, 10, 44, 48, 23, 15, 11, 33, 31, 17, 4, 5, 49, 23, 30, 14, 36)","(84, 64, 51, 56, 19, 89, 98, 46, 31, 21, 65, 61, 33, 8, 10, 103, 48, 58, 28, 71)",533,533,False,0.0
566,similar_ratio,20,232,"(32, 20, 9, 26, 49, 5, 13, 8, 30, 12, 42, 25, 21, 43, 3, 34, 19, 24, 15, 34)","(64, 42, 18, 50, 97, 10, 27, 16, 62, 23, 82, 52, 42, 87, 6, 69, 36, 49, 30, 67)",470,474,True,0.008438818565400843
567,similar_ratio,20,231,"(10, 6, 48, 30, 48, 11, 21, 4, 12, 37, 8, 41, 1, 44, 29, 40, 36, 4, 25, 7)","(20, 12, 97, 59, 91, 23, 41, 8, 24, 73, 17, 81, 2, 92, 60, 77, 72, 8, 52, 15)",471,474,True,0.006329113924050633
568,similar_ratio,20,232,"(7, 32, 18, 47, 21, 21, 21, 3, 11, 12, 21, 27, 2, 36, 49, 32, 32, 1, 25, 46)","(13, 67, 36, 90, 42, 43, 40, 6, 21, 23, 41, 55, 4, 73, 98, 67, 66, 2, 50, 88)",474,475,True,0.002105263157894737
569,similar_ratio,20,224,"(40, 35, 4, 43, 5, 37, 35, 22, 2, 41, 36, 30, 23, 22, 7, 25, 15, 7, 8, 12)","(83, 67, 8, 84, 10, 71, 68, 45, 4, 82, 69, 62, 45, 43, 14, 50, 31, 14, 15, 24)",442,454,True,0.02643171806167401
570,similar_ratio,20,237,"(5, 22, 17, 38, 24, 2, 5, 18, 46, 29, 45, 1, 38, 18, 1, 47, 16, 28, 48, 26)","(10, 42, 33, 74, 47, 4, 10, 37, 96, 57, 91, 2, 76, 37, 2, 98, 31, 55, 99, 52)",486,487,True,0.002053388090349076
571,similar_ratio,20,161,"(10, 8, 27, 9, 12, 11, 35, 17, 6, 3, 29, 21, 25, 4, 17, 20, 12, 12, 12, 32)","(20, 16, 52, 17, 24, 21, 67, 34, 12, 6, 57, 40, 49, 8, 34, 39, 24, 25, 23, 62)",309,320,True,0.034375
572,similar_ratio,20,204,"(14, 17, 17, 48, 16, 10, 25, 45, 23, 15, 33, 23, 20, 15, 7, 8, 22, 12, 19, 18)","(28, 33, 34, 92, 33, 19, 52, 94, 46, 30, 64, 45, 42, 29, 14, 15, 44, 25, 40, 37)",415,420,True,0.011904761904761904
573,similar_ratio,20,260,"(45, 17, 5, 33, 12, 8, 18, 25, 37, 23, 34, 30, 14, 4, 43, 32, 45, 21, 24, 49)","(92, 36, 10, 66, 24, 16, 37, 50, 75, 45, 68, 59, 28, 8, 88, 63, 91, 43, 48, 100)",529,531,True,0.003766478342749529
574,similar_ratio,20,267,"(20, 7, 28, 25, 3, 46, 33, 41, 27, 37, 22, 49, 47, 3, 2, 44, 4, 38, 23, 35)","(40, 14, 59, 51, 6, 89, 67, 85, 53, 73, 45, 94, 91, 6, 4, 86, 8, 75, 48, 67)",508,543,True,0.06445672191528545
575,similar_ratio,20,271,"(20, 43, 25, 32, 40, 21, 29, 19, 46, 26, 3, 48, 24, 15, 42, 32, 11, 14, 23, 29)","(41, 89, 48, 64, 81, 40, 56, 39, 93, 53, 6, 98, 48, 31, 85, 61, 22, 27, 44, 57)",545,553,True,0.014466546112115732
576,similar_ratio,20,252,"(49, 32, 38, 25, 6, 17, 30, 44, 10, 1, 35, 14, 27, 10, 32, 7, 28, 34, 47, 18)","(100, 62, 79, 50, 12, 35, 62, 86, 21, 2, 69, 28, 55, 20, 64, 14, 55, 70, 93, 34)",514,516,True,0.003875968992248062
577,similar_ratio,20,297,"(26, 6, 27, 50, 32, 16, 26, 1, 48, 31, 37, 43, 8, 50, 20, 49, 44, 28, 34, 18)","(51, 12, 56, 104, 63, 33, 53, 2, 98, 62, 76, 84, 16, 105, 39, 97, 88, 57, 68, 35)",612,612,False,0.0
578,similar_ratio,20,264,"(49, 43, 50, 38, 6, 11, 23, 26, 3, 25, 21, 2, 37, 26, 44, 6, 49, 21, 15, 34)","(96, 87, 99, 75, 13, 23, 46, 54, 6, 51, 43, 4, 74, 51, 91, 12, 93, 40, 30, 71)",531,541,True,0.018484288354898338
579,similar_ratio,20,322,"(21, 32, 42, 22, 49, 6, 46, 44, 27, 38, 12, 24, 49, 7, 21, 24, 45, 49, 36, 49)","(44, 65, 83, 42, 97, 13, 94, 91, 57, 78, 24, 48, 103, 14, 41, 48, 90, 101, 70, 94)",660,664,True,0.006024096385542169
580,similar_ratio,20,254,"(34, 6, 42, 10, 19, 13, 13, 48, 22, 49, 12, 28, 23, 25, 28, 40, 6, 19, 24, 46)","(68, 13, 82, 20, 37, 27, 25, 94, 44, 98, 25, 59, 48, 49, 54, 80, 12, 40, 50, 92)",504,520,True,0.03076923076923077
581,similar_ratio,20,236,"(46, 19, 26, 37, 30, 3, 20, 21, 29, 11, 32, 9, 15, 23, 12, 43, 42, 16, 6, 33)","(87, 37, 53, 73, 60, 6, 39, 42, 57, 23, 61, 18, 30, 47, 23, 82, 82, 31, 12, 69)",472,475,True,0.00631578947368421
582,similar_ratio,20,220,"(14, 8, 30, 12, 43, 4, 42, 9, 46, 1, 9, 9, 34, 10, 26, 29, 20, 15, 47, 33)","(29, 17, 63, 24, 86, 8, 81, 17, 95, 2, 18, 18, 68, 20, 52, 56, 39, 31, 94, 66)",428,449,True,0.0467706013363029
583,similar_ratio,20,314,"(35, 19, 37, 19, 42, 48, 42, 31, 41, 20, 42, 9, 39, 7, 46, 26, 10, 42, 32, 40)","(73, 39, 75, 37, 85, 99, 82, 65, 86, 40, 85, 18, 81, 14, 95, 52, 20, 80, 66, 76)",644,650,True,0.009230769230769232
584,similar_ratio,20,242,"(39, 10, 19, 6, 16, 29, 16, 25, 38, 26, 44, 32, 15, 43, 25, 21, 8, 36, 7, 30)","(80, 19, 38, 12, 32, 60, 33, 51, 76, 52, 91, 65, 29, 87, 52, 43, 16, 71, 14, 62)",498,498,False,0.0
585,similar_ratio,20,268,"(4, 13, 23, 49, 14, 17, 41, 7, 12, 34, 39, 41, 38, 30, 25, 20, 26, 30, 37, 36)","(8, 26, 45, 98, 29, 34, 86, 14, 24, 68, 80, 81, 79, 60, 50, 40, 50, 61, 77, 72)",544,550,True,0.01090909090909091
586,similar_ratio,20,286,"(48, 49, 24, 50, 40, 33, 8, 30, 11, 43, 42, 9, 5, 44, 41, 19, 12, 23, 29, 13)","(94, 103, 46, 100, 76, 65, 16, 58, 22, 83, 86, 18, 10, 90, 83, 38, 23, 44, 61, 25)",579,584,True,0.008561643835616438
587,similar_ratio,20,288,"(46, 46, 3, 33, 16, 46, 25, 44, 49, 42, 43, 30, 3, 29, 21, 15, 2, 24, 35, 23)","(95, 90, 6, 65, 33, 94, 52, 89, 94, 87, 84, 62, 6, 58, 40, 30, 4, 49, 67, 44)",577,591,True,0.023688663282571912
588,similar_ratio,20,213,"(47, 26, 2, 21, 23, 5, 46, 25, 7, 2, 41, 17, 3, 27, 19, 7, 31, 23, 5, 49)","(98, 51, 4, 42, 47, 10, 96, 49, 14, 4, 78, 35, 6, 52, 39, 14, 63, 45, 10, 103)",442,442,False,0.0
589,similar_ratio,20,251,"(8, 15, 47, 25, 32, 41, 5, 23, 27, 31, 38, 28, 25, 33, 18, 44, 2, 11, 4, 45)","(16, 29, 95, 49, 65, 85, 10, 46, 56, 60, 79, 54, 50, 64, 37, 84, 4, 22, 8, 91)",512,513,True,0.001949317738791423
590,similar_ratio,20,251,"(2, 35, 28, 23, 33, 32, 27, 12, 48, 48, 25, 41, 40, 17, 9, 34, 1, 33, 3, 11)","(4, 70, 58, 48, 69, 63, 55, 24, 94, 92, 51, 79, 79, 33, 19, 65, 2, 66, 6, 23)",495,511,True,0.03131115459882583
591,similar_ratio,20,229,"(36, 8, 9, 19, 4, 17, 1, 34, 23, 47, 32, 17, 10, 5, 42, 25, 30, 22, 33, 44)","(71, 16, 17, 37, 8, 33, 2, 65, 46, 92, 61, 35, 21, 10, 82, 50, 58, 46, 66, 86)",457,458,True,0.002183406113537118
592,similar_ratio,20,272,"(5, 33, 10, 14, 49, 22, 19, 41, 31, 23, 49, 9, 29, 27, 18, 44, 12, 25, 36, 49)","(10, 64, 21, 29, 95, 43, 37, 80, 63, 47, 102, 19, 58, 55, 37, 91, 23, 49, 74, 94)",548,559,True,0.01967799642218247
593,similar_ratio,20,228,"(21, 43, 43, 49, 25, 27, 1, 25, 18, 14, 37, 7, 1, 18, 12, 3, 48, 5, 32, 27)","(41, 88, 90, 100, 51, 55, 2, 52, 34, 27, 76, 14, 2, 36, 24, 6, 98, 10, 61, 52)",465,469,True,0.008528784648187633
594,similar_ratio,20,242,"(9, 40, 4, 40, 14, 6, 27, 1, 23, 33, 27, 44, 11, 32, 20, 40, 23, 43, 33, 13)","(18, 78, 8, 80, 27, 12, 56, 2, 44, 67, 56, 91, 23, 64, 40, 83, 47, 85, 67, 26)",498,498,False,0.0
595,similar_ratio,20,233,"(23, 33, 1, 33, 27, 27, 38, 27, 10, 23, 45, 12, 8, 16, 12, 39, 18, 32, 18, 24)","(45, 68, 2, 66, 53, 55, 76, 54, 19, 46, 92, 25, 16, 33, 24, 76, 38, 64, 35, 48)",471,475,True,0.008421052631578947
596,similar_ratio,20,276,"(26, 12, 12, 48, 15, 35, 20, 29, 32, 48, 6, 29, 15, 17, 27, 22, 31, 39, 40, 49)","(50, 25, 24, 93, 29, 73, 41, 59, 63, 97, 12, 59, 29, 34, 51, 45, 59, 78, 82, 100)",554,564,True,0.01773049645390071
597,similar_ratio,20,185,"(7, 17, 7, 18, 26, 25, 16, 2, 44, 40, 2, 38, 11, 35, 37, 10, 8, 23, 1, 3)","(15, 34, 14, 36, 52, 50, 32, 4, 86, 81, 4, 72, 21, 69, 74, 20, 16, 47, 2, 6)",371,373,True,0.005361930294906166
598,similar_ratio,20,226,"(7, 29, 47, 24, 21, 22, 24, 33, 38, 5, 31, 21, 41, 7, 26, 5, 27, 17, 17, 9)","(14, 58, 90, 47, 40, 44, 49, 68, 78, 10, 64, 43, 86, 14, 54, 10, 54, 35, 33, 19)",461,467,True,0.01284796573875803
599,similar_ratio,20,196,"(46, 8, 4, 9, 7, 8, 20, 21, 5, 26, 2, 22, 36, 44, 41, 22, 38, 7, 19, 8)","(88, 16, 8, 19, 13, 17, 38, 44, 10, 53, 4, 44, 72, 86, 80, 45, 73, 14, 37, 17)",376,397,True,0.05289672544080604
600,similar_ratio,20,294,"(17, 29, 39, 25, 28, 45, 43, 49, 24, 11, 8, 9, 36, 33, 1, 45, 44, 39, 36, 26)","(33, 56, 81, 50, 58, 86, 82, 97, 47, 23, 15, 17, 73, 64, 2, 89, 86, 77, 73, 53)",587,594,True,0.011784511784511785
601,similar_ratio,20,246,"(13, 35, 7, 25, 3, 23, 43, 34, 43, 16, 36, 44, 15, 50, 3, 25, 1, 5, 33, 39)","(26, 72, 14, 50, 6, 46, 87, 67, 88, 32, 70, 90, 31, 99, 6, 49, 2, 10, 68, 76)",500,502,True,0.00398406374501992
602,similar_ratio,20,194,"(26, 34, 30, 31, 7, 3, 29, 14, 21, 33, 9, 32, 11, 6, 10, 23, 13, 3, 48, 5)","(50, 70, 61, 61, 14, 6, 59, 29, 44, 64, 18, 62, 22, 11, 19, 46, 27, 6, 97, 10)",393,397,True,0.010075566750629723
603,similar_ratio,20,207,"(11, 21, 37, 49, 5, 34, 30, 9, 48, 6, 31, 36, 1, 12, 29, 20, 3, 1, 15, 16)","(22, 42, 75, 94, 10, 69, 61, 18, 94, 12, 60, 75, 2, 23, 59, 39, 6, 2, 31, 31)",422,422,False,0.0
604,similar_ratio,20,260,"(5, 25, 24, 37, 26, 19, 13, 33, 23, 21, 42, 3, 46, 45, 35, 30, 31, 22, 10, 31)","(10, 51, 49, 73, 54, 39, 27, 65, 45, 43, 83, 6, 89, 92, 70, 59, 59, 42, 20, 61)",526,528,True,0.003787878787878788
605,similar_ratio,20,232,"(12, 28, 7, 16, 10, 5, 31, 4, 31, 36, 46, 14, 50, 9, 18, 13, 31, 11, 49, 42)","(25, 56, 13, 32, 20, 10, 64, 8, 60, 71, 90, 29, 105, 18, 36, 25, 60, 22, 101, 82)",468,476,True,0.01680672268907563
606,similar_ratio,20,219,"(48, 24, 43, 30, 11, 12, 2, 22, 7, 6, 49, 14, 3, 10, 28, 21, 47, 28, 5, 28)","(100, 49, 85, 60, 22, 24, 4, 44, 14, 12, 94, 28, 6, 20, 57, 43, 91, 56, 10, 59)",444,448,True,0.008928571428571428
607,similar_ratio,20,242,"(45, 49, 21, 11, 1, 8, 29, 30, 37, 8, 27, 28, 35, 44, 5, 2, 1, 18, 39, 47)","(86, 94, 40, 22, 2, 16, 60, 61, 75, 17, 53, 54, 71, 92, 10, 4, 2, 37, 75, 93)",469,494,True,0.05060728744939271
608,similar_ratio,20,288,"(9, 14, 32, 39, 36, 43, 1, 25, 24, 29, 39, 40, 48, 50, 11, 3, 36, 28, 28, 40)","(18, 29, 65, 81, 71, 83, 2, 48, 48, 59, 77, 84, 95, 104, 22, 6, 70, 58, 56, 79)",576,592,True,0.02702702702702703
609,similar_ratio,20,294,"(41, 3, 42, 11, 48, 46, 23, 30, 10, 31, 44, 20, 44, 22, 31, 24, 19, 2, 48, 50)","(83, 6, 82, 23, 91, 88, 46, 60, 19, 60, 86, 41, 86, 46, 65, 50, 36, 4, 95, 105)",589,601,True,0.019966722129783693
610,similar_ratio,20,224,"(29, 19, 13, 44, 4, 15, 18, 17, 19, 7, 49, 17, 48, 18, 6, 24, 29, 16, 45, 10)","(57, 37, 26, 89, 8, 31, 36, 33, 39, 15, 96, 32, 95, 37, 12, 46, 59, 31, 87, 19)",447,452,True,0.011061946902654867
611,similar_ratio,20,306,"(35, 23, 41, 3, 13, 36, 40, 38, 16, 40, 48, 32, 44, 11, 48, 44, 14, 18, 45, 24)","(73, 47, 81, 6, 26, 73, 77, 73, 33, 76, 98, 63, 89, 21, 100, 91, 27, 37, 86, 47)",611,627,True,0.025518341307814992
612,similar_ratio,20,280,"(15, 36, 38, 49, 7, 20, 11, 28, 5, 31, 5, 38, 29, 35, 41, 33, 7, 43, 42, 47)","(29, 73, 77, 95, 14, 42, 21, 58, 10, 64, 10, 74, 58, 68, 82, 68, 14, 83, 83, 97)",571,572,True,0.0017482517482517483
613,similar_ratio,20,260,"(18, 8, 30, 31, 7, 50, 31, 8, 48, 33, 38, 36, 2, 31, 33, 28, 1, 1, 42, 45)","(35, 16, 63, 65, 14, 100, 61, 16, 95, 63, 77, 73, 4, 65, 64, 58, 2, 2, 85, 89)",534,534,False,0.0
614,similar_ratio,20,261,"(17, 44, 38, 7, 10, 37, 26, 11, 21, 46, 26, 14, 34, 33, 17, 27, 49, 33, 1, 31)","(33, 85, 73, 13, 19, 77, 55, 22, 41, 91, 53, 27, 66, 66, 33, 52, 97, 65, 2, 64)",527,528,True,0.001893939393939394
615,similar_ratio,20,232,"(15, 43, 10, 50, 2, 23, 13, 30, 11, 27, 36, 44, 26, 31, 11, 4, 26, 18, 26, 18)","(30, 87, 21, 98, 4, 47, 25, 62, 22, 53, 71, 85, 50, 64, 21, 8, 54, 37, 52, 36)",472,473,True,0.0021141649048625794
616,similar_ratio,20,216,"(2, 34, 12, 9, 19, 5, 22, 43, 47, 13, 46, 22, 3, 38, 6, 6, 50, 8, 33, 13)","(4, 70, 24, 17, 38, 10, 45, 87, 98, 26, 90, 46, 6, 72, 12, 12, 104, 17, 68, 26)",448,448,False,0.0
617,similar_ratio,20,258,"(45, 18, 6, 2, 38, 50, 42, 9, 40, 23, 47, 24, 6, 1, 17, 6, 46, 40, 14, 43)","(90, 35, 12, 4, 74, 104, 88, 19, 79, 46, 98, 46, 11, 2, 35, 12, 89, 80, 28, 90)",530,534,True,0.00749063670411985
618,similar_ratio,20,216,"(30, 12, 21, 45, 4, 21, 11, 8, 47, 19, 26, 4, 29, 6, 47, 9, 15, 24, 13, 40)","(61, 24, 43, 86, 8, 44, 22, 17, 96, 38, 51, 8, 58, 12, 95, 18, 30, 46, 27, 79)",437,441,True,0.009070294784580499
619,similar_ratio,20,268,"(33, 48, 42, 35, 37, 8, 28, 30, 22, 23, 21, 28, 30, 8, 4, 31, 39, 18, 9, 41)","(69, 93, 81, 73, 72, 15, 53, 61, 45, 47, 42, 54, 63, 15, 8, 64, 78, 36, 19, 80)",542,550,True,0.014545454545454545
620,similar_ratio,20,262,"(15, 31, 44, 47, 13, 4, 3, 16, 43, 44, 33, 11, 38, 8, 33, 46, 32, 28, 5, 31)","(30, 63, 84, 97, 25, 8, 6, 32, 82, 91, 69, 23, 79, 16, 63, 92, 62, 55, 10, 63)",539,539,False,0.0
621,similar_ratio,20,296,"(21, 34, 23, 49, 45, 20, 45, 22, 21, 46, 34, 15, 16, 17, 45, 41, 25, 41, 8, 23)","(42, 67, 46, 98, 94, 41, 90, 44, 43, 96, 66, 30, 32, 35, 89, 79, 51, 82, 15, 46)",590,604,True,0.023178807947019868
622,similar_ratio,20,273,"(19, 50, 20, 39, 1, 45, 10, 37, 44, 12, 14, 45, 35, 43, 21, 17, 17, 19, 19, 39)","(36, 100, 38, 77, 2, 93, 20, 71, 84, 23, 29, 88, 67, 83, 41, 35, 33, 39, 39, 75)",545,548,True,0.005474452554744526
623,similar_ratio,20,272,"(3, 50, 25, 3, 7, 20, 45, 19, 25, 42, 44, 36, 22, 5, 31, 38, 2, 40, 44, 42)","(6, 96, 50, 6, 14, 41, 86, 37, 50, 83, 89, 74, 42, 10, 64, 72, 4, 81, 85, 86)",525,553,True,0.05063291139240506
624,similar_ratio,20,242,"(13, 16, 37, 22, 38, 4, 21, 31, 19, 15, 4, 41, 25, 40, 50, 5, 2, 40, 24, 38)","(27, 31, 76, 43, 79, 8, 42, 63, 39, 31, 8, 83, 49, 84, 97, 10, 4, 82, 50, 78)",494,500,True,0.012
625,similar_ratio,20,287,"(27, 39, 17, 32, 46, 11, 47, 36, 5, 15, 35, 29, 39, 11, 17, 35, 19, 31, 39, 44)","(53, 81, 34, 65, 91, 23, 93, 73, 10, 30, 70, 59, 78, 22, 34, 71, 39, 64, 80, 90)",582,587,True,0.008517887563884156
626,similar_ratio,20,250,"(24, 15, 9, 21, 25, 14, 32, 16, 49, 8, 44, 47, 5, 29, 48, 46, 13, 50, 3, 1)","(49, 29, 18, 42, 52, 27, 66, 32, 100, 17, 88, 90, 10, 57, 98, 92, 25, 104, 6, 2)",514,514,False,0.0
627,similar_ratio,20,254,"(17, 7, 2, 27, 14, 35, 46, 22, 48, 17, 43, 31, 20, 30, 18, 35, 38, 16, 26, 15)","(35, 13, 4, 57, 28, 70, 89, 43, 93, 35, 82, 62, 42, 62, 36, 68, 74, 32, 51, 31)",507,517,True,0.019342359767891684
628,similar_ratio,20,218,"(26, 36, 30, 9, 36, 29, 25, 31, 17, 9, 20, 13, 1, 33, 6, 49, 3, 24, 17, 22)","(50, 74, 63, 19, 73, 60, 51, 60, 34, 18, 40, 26, 2, 64, 12, 103, 6, 47, 33, 45)",451,451,False,0.0
629,similar_ratio,20,229,"(4, 38, 19, 30, 39, 27, 2, 5, 6, 50, 22, 24, 14, 39, 49, 10, 35, 29, 13, 3)","(8, 72, 36, 60, 75, 53, 4, 10, 12, 98, 45, 47, 27, 80, 95, 20, 69, 58, 26, 6)",451,458,True,0.015283842794759825
630,similar_ratio,20,284,"(30, 33, 39, 17, 25, 38, 14, 28, 44, 47, 11, 2, 41, 6, 39, 8, 33, 45, 36, 33)","(58, 69, 77, 35, 51, 73, 29, 56, 92, 98, 22, 4, 86, 12, 76, 15, 68, 88, 71, 65)",588,588,False,0.0
631,similar_ratio,20,250,"(19, 14, 9, 39, 33, 46, 9, 24, 37, 6, 47, 3, 36, 2, 2, 3, 48, 26, 46, 50)","(37, 27, 19, 76, 69, 90, 17, 49, 74, 12, 98, 6, 71, 4, 4, 6, 96, 51, 95, 100)",507,512,True,0.009765625
632,similar_ratio,20,214,"(24, 35, 1, 6, 24, 40, 27, 11, 5, 26, 13, 7, 42, 12, 21, 32, 50, 28, 3, 20)","(47, 67, 2, 12, 48, 83, 55, 21, 10, 54, 26, 14, 82, 24, 42, 61, 96, 55, 6, 41)",417,434,True,0.03917050691244239
633,similar_ratio,20,185,"(3, 4, 6, 13, 12, 49, 29, 6, 7, 4, 3, 1, 44, 45, 16, 49, 26, 41, 10, 2)","(6, 8, 11, 27, 25, 100, 58, 12, 15, 8, 6, 2, 85, 87, 32, 103, 50, 81, 20, 4)",374,380,True,0.015789473684210527
634,similar_ratio,20,272,"(9, 48, 29, 33, 50, 10, 34, 25, 19, 4, 9, 45, 13, 29, 19, 48, 33, 32, 30, 26)","(17, 91, 60, 64, 103, 20, 68, 51, 36, 8, 18, 93, 25, 58, 38, 95, 64, 64, 59, 52)",542,553,True,0.019891500904159132
635,similar_ratio,20,239,"(23, 49, 18, 5, 9, 37, 39, 10, 24, 4, 44, 11, 22, 18, 31, 11, 26, 13, 47, 37)","(45, 99, 36, 10, 18, 76, 76, 20, 50, 8, 90, 23, 45, 38, 60, 22, 54, 26, 97, 77)",488,494,True,0.012145748987854251
636,similar_ratio,20,220,"(13, 1, 34, 28, 21, 36, 3, 2, 13, 39, 10, 2, 4, 34, 48, 28, 20, 17, 49, 38)","(27, 2, 68, 55, 42, 70, 6, 4, 25, 80, 20, 4, 8, 69, 97, 53, 41, 34, 94, 73)",440,446,True,0.013452914798206279
637,similar_ratio,20,246,"(32, 10, 26, 10, 12, 50, 40, 44, 37, 25, 24, 5, 18, 49, 2, 7, 18, 21, 15, 48)","(62, 19, 53, 20, 23, 103, 83, 89, 74, 48, 47, 10, 38, 94, 4, 14, 35, 44, 31, 91)",489,504,True,0.02976190476190476
638,similar_ratio,20,256,"(41, 47, 47, 6, 9, 3, 36, 49, 46, 25, 17, 29, 36, 30, 9, 4, 22, 16, 16, 23)","(80, 98, 93, 12, 18, 6, 74, 99, 91, 51, 33, 61, 72, 63, 18, 8, 43, 33, 34, 44)",525,528,True,0.005681818181818182
639,similar_ratio,20,188,"(46, 26, 10, 2, 23, 13, 11, 13, 12, 27, 18, 12, 19, 36, 14, 40, 10, 14, 2, 28)","(95, 53, 20, 4, 48, 27, 22, 27, 23, 53, 36, 24, 39, 74, 27, 78, 20, 27, 4, 58)",388,388,False,0.0
640,similar_ratio,20,261,"(2, 12, 49, 43, 18, 46, 26, 20, 23, 47, 23, 30, 5, 7, 34, 7, 46, 11, 31, 42)","(4, 23, 95, 83, 36, 91, 50, 41, 45, 95, 44, 58, 10, 14, 68, 14, 97, 22, 61, 87)",511,531,True,0.03766478342749529
641,similar_ratio,20,284,"(25, 38, 50, 24, 45, 3, 47, 28, 12, 28, 44, 13, 26, 2, 37, 3, 45, 13, 35, 49)","(52, 73, 103, 48, 89, 6, 93, 56, 25, 56, 92, 27, 50, 4, 72, 6, 93, 26, 70, 94)",568,582,True,0.024054982817869417
642,similar_ratio,20,250,"(43, 27, 38, 50, 22, 35, 9, 33, 35, 7, 6, 29, 27, 10, 4, 30, 10, 28, 12, 45)","(90, 54, 76, 102, 44, 70, 18, 65, 71, 15, 12, 60, 55, 21, 8, 63, 20, 53, 24, 87)",515,515,False,0.0
643,similar_ratio,20,246,"(36, 49, 34, 6, 23, 41, 24, 3, 27, 12, 15, 24, 35, 39, 10, 5, 16, 12, 30, 50)","(75, 98, 66, 12, 44, 79, 48, 6, 53, 25, 29, 46, 73, 76, 21, 10, 31, 25, 62, 101)",498,503,True,0.009940357852882704
644,similar_ratio,20,227,"(32, 7, 38, 36, 14, 33, 50, 47, 24, 22, 33, 22, 7, 10, 15, 26, 30, 3, 4, 1)","(63, 14, 79, 72, 27, 66, 101, 93, 49, 43, 66, 44, 14, 20, 29, 52, 57, 6, 8, 2)",455,459,True,0.008714596949891068
645,similar_ratio,20,252,"(13, 27, 19, 50, 20, 22, 18, 35, 34, 12, 3, 44, 31, 24, 29, 4, 46, 49, 18, 6)","(26, 55, 36, 97, 39, 43, 35, 69, 69, 25, 6, 86, 64, 46, 57, 8, 95, 99, 35, 12)",502,511,True,0.01761252446183953
646,similar_ratio,20,266,"(37, 21, 40, 47, 25, 24, 24, 24, 35, 10, 48, 30, 31, 7, 12, 28, 22, 26, 24, 18)","(77, 43, 78, 97, 51, 48, 48, 47, 72, 20, 95, 60, 61, 14, 25, 57, 46, 54, 49, 35)",548,548,False,0.0
647,similar_ratio,20,245,"(43, 23, 25, 22, 31, 15, 17, 40, 28, 17, 6, 11, 35, 40, 38, 25, 12, 4, 20, 38)","(90, 47, 50, 42, 60, 31, 34, 84, 53, 32, 12, 22, 70, 82, 79, 51, 23, 8, 42, 78)",506,508,True,0.003937007874015748
648,similar_ratio,20,188,"(42, 21, 50, 8, 46, 32, 32, 7, 5, 7, 2, 27, 2, 9, 18, 25, 2, 17, 7, 18)","(81, 42, 104, 16, 96, 66, 66, 15, 10, 15, 4, 53, 4, 18, 34, 51, 4, 33, 14, 37)",388,390,True,0.005128205128205128
649,similar_ratio,20,260,"(23, 23, 39, 44, 19, 49, 27, 20, 28, 4, 20, 47, 50, 9, 23, 20, 13, 43, 8, 10)","(48, 46, 82, 91, 36, 96, 56, 42, 57, 8, 40, 97, 101, 17, 45, 41, 26, 86, 16, 20)",538,538,False,0.0
650,similar_ratio,20,200,"(21, 11, 29, 32, 17, 11, 24, 38, 2, 16, 14, 5, 26, 10, 30, 13, 29, 46, 21, 6)","(43, 23, 58, 62, 35, 23, 46, 78, 4, 32, 27, 10, 50, 19, 60, 26, 58, 96, 40, 13)",405,411,True,0.014598540145985401
651,similar_ratio,20,278,"(3, 9, 8, 13, 16, 50, 23, 38, 1, 41, 48, 49, 24, 6, 25, 38, 47, 43, 40, 33)","(6, 18, 16, 25, 33, 105, 46, 78, 2, 84, 97, 98, 50, 12, 51, 79, 94, 83, 81, 69)",575,575,False,0.0
652,similar_ratio,20,232,"(10, 34, 47, 8, 14, 29, 43, 1, 4, 21, 46, 14, 33, 33, 13, 38, 10, 17, 6, 42)","(20, 68, 93, 17, 27, 57, 87, 2, 8, 41, 96, 27, 66, 65, 25, 74, 20, 34, 11, 87)",471,472,True,0.00211864406779661
653,similar_ratio,20,312,"(48, 38, 18, 49, 25, 43, 36, 33, 16, 40, 14, 44, 14, 25, 44, 21, 32, 18, 17, 48)","(100, 73, 36, 100, 50, 86, 70, 66, 33, 78, 27, 91, 29, 48, 89, 43, 63, 35, 35, 98)",618,639,True,0.03286384976525822
654,similar_ratio,20,218,"(43, 41, 41, 7, 32, 17, 30, 19, 14, 9, 40, 34, 30, 5, 18, 6, 19, 10, 14, 8)","(87, 80, 83, 14, 67, 35, 59, 36, 29, 18, 78, 67, 59, 10, 38, 12, 37, 20, 28, 16)",441,445,True,0.008988764044943821
655,similar_ratio,20,200,"(3, 1, 2, 29, 44, 38, 9, 6, 23, 40, 35, 34, 4, 18, 37, 14, 10, 10, 28, 16)","(6, 2, 4, 55, 92, 75, 19, 12, 46, 80, 72, 68, 8, 38, 76, 28, 20, 19, 55, 31)",403,411,True,0.019464720194647202
656,similar_ratio,20,298,"(43, 29, 4, 5, 36, 40, 39, 41, 9, 8, 43, 48, 10, 34, 35, 41, 27, 48, 39, 17)","(88, 58, 8, 10, 69, 80, 76, 79, 19, 16, 86, 100, 20, 65, 67, 80, 52, 99, 77, 34)",584,605,True,0.03471074380165289
657,similar_ratio,20,224,"(39, 17, 41, 1, 47, 44, 4, 1, 4, 3, 21, 50, 45, 27, 20, 24, 20, 12, 1, 27)","(77, 33, 80, 2, 94, 91, 8, 2, 8, 6, 42, 104, 92, 54, 41, 48, 39, 23, 2, 53)",450,458,True,0.017467248908296942
658,similar_ratio,20,223,"(10, 42, 44, 26, 11, 26, 4, 2, 1, 28, 28, 34, 35, 18, 6, 45, 20, 29, 36, 1)","(20, 84, 92, 52, 21, 52, 8, 4, 2, 56, 57, 68, 72, 37, 12, 88, 40, 56, 74, 2)",452,456,True,0.008771929824561403
659,similar_ratio,20,307,"(47, 31, 49, 38, 21, 18, 25, 30, 7, 42, 46, 14, 41, 39, 47, 42, 34, 7, 17, 19)","(92, 60, 95, 74, 44, 34, 50, 59, 14, 81, 94, 28, 78, 78, 92, 87, 71, 13, 35, 36)",620,621,True,0.001610305958132045
660,similar_ratio,20,241,"(2, 49, 6, 9, 36, 25, 31, 37, 41, 7, 5, 1, 44, 49, 23, 22, 3, 31, 18, 43)","(4, 97, 12, 18, 70, 48, 62, 76, 83, 13, 10, 2, 91, 98, 46, 43, 6, 60, 37, 89)",490,492,True,0.0040650406504065045
661,similar_ratio,20,252,"(12, 20, 35, 21, 50, 13, 26, 34, 39, 4, 34, 7, 38, 43, 25, 17, 20, 48, 8, 11)","(25, 41, 72, 41, 101, 26, 55, 67, 80, 8, 68, 15, 77, 84, 52, 34, 41, 97, 16, 21)",508,518,True,0.019305019305019305
662,similar_ratio,20,326,"(41, 16, 50, 30, 43, 39, 37, 29, 7, 23, 20, 48, 50, 43, 31, 42, 14, 26, 14, 49)","(79, 31, 98, 61, 90, 80, 74, 60, 14, 45, 42, 98, 100, 90, 63, 81, 27, 50, 29, 94)",658,669,True,0.016442451420029897
663,similar_ratio,20,296,"(45, 29, 42, 21, 42, 28, 45, 30, 48, 37, 4, 8, 38, 10, 29, 7, 21, 30, 36, 41)","(91, 56, 84, 40, 84, 57, 87, 59, 100, 72, 8, 16, 73, 20, 57, 14, 42, 60, 70, 83)",599,599,False,0.0
664,similar_ratio,20,283,"(46, 33, 41, 9, 9, 7, 25, 37, 48, 6, 12, 41, 40, 45, 15, 39, 26, 27, 33, 27)","(96, 69, 84, 18, 18, 14, 51, 75, 94, 12, 25, 82, 79, 87, 31, 77, 51, 52, 64, 54)",575,579,True,0.0069084628670120895
665,similar_ratio,20,246,"(34, 33, 15, 6, 41, 50, 11, 7, 9, 39, 31, 47, 10, 43, 11, 3, 27, 15, 41, 19)","(69, 66, 30, 12, 86, 102, 23, 14, 18, 80, 62, 94, 20, 84, 22, 6, 56, 30, 79, 37)",500,504,True,0.007936507936507936
666,similar_ratio,20,226,"(30, 25, 33, 36, 46, 4, 25, 30, 16, 18, 44, 18, 40, 24, 34, 20, 3, 2, 4, 1)","(63, 50, 63, 72, 90, 8, 52, 62, 30, 35, 85, 38, 80, 49, 70, 39, 6, 4, 8, 2)",464,464,False,0.0
667,similar_ratio,20,253,"(7, 43, 20, 6, 32, 11, 30, 27, 9, 47, 6, 29, 33, 36, 2, 45, 40, 38, 37, 8)","(14, 85, 39, 12, 63, 22, 63, 52, 17, 95, 12, 60, 66, 72, 4, 87, 79, 74, 72, 15)",505,510,True,0.00980392156862745
668,similar_ratio,20,330,"(30, 28, 12, 40, 46, 28, 46, 24, 27, 31, 48, 41, 43, 14, 47, 39, 28, 25, 47, 16)","(58, 54, 24, 77, 94, 58, 95, 50, 52, 64, 92, 84, 89, 28, 94, 78, 54, 51, 92, 33)",670,676,True,0.008875739644970414
669,similar_ratio,20,271,"(20, 32, 20, 46, 35, 37, 23, 12, 33, 27, 5, 34, 16, 23, 43, 33, 15, 24, 25, 39)","(40, 65, 39, 95, 71, 73, 45, 24, 68, 55, 10, 66, 33, 45, 83, 67, 29, 50, 52, 78)",556,556,False,0.0
670,similar_ratio,20,270,"(37, 13, 25, 45, 28, 8, 2, 36, 10, 20, 20, 11, 26, 34, 46, 27, 42, 34, 25, 50)","(73, 26, 49, 94, 53, 15, 4, 75, 21, 39, 39, 21, 51, 68, 95, 54, 87, 70, 51, 100)",544,556,True,0.02158273381294964
671,similar_ratio,20,281,"(38, 25, 25, 30, 2, 35, 30, 29, 15, 37, 41, 23, 30, 34, 21, 43, 35, 3, 33, 33)","(73, 51, 49, 57, 4, 73, 63, 57, 31, 74, 81, 47, 59, 68, 43, 83, 71, 6, 64, 68)",531,574,True,0.07491289198606271
672,similar_ratio,20,215,"(2, 42, 36, 17, 2, 17, 4, 48, 21, 2, 27, 50, 45, 23, 12, 2, 26, 13, 32, 9)","(4, 81, 75, 33, 4, 32, 8, 99, 43, 4, 53, 97, 86, 45, 24, 4, 54, 26, 67, 18)",430,441,True,0.024943310657596373
673,similar_ratio,20,228,"(34, 25, 24, 45, 11, 9, 45, 28, 9, 41, 37, 3, 10, 47, 13, 5, 9, 7, 12, 41)","(67, 48, 47, 88, 23, 18, 88, 54, 18, 86, 76, 6, 19, 98, 27, 10, 17, 14, 23, 80)",466,466,False,0.0
674,similar_ratio,20,234,"(26, 10, 12, 5, 25, 48, 12, 20, 39, 40, 22, 21, 21, 48, 10, 24, 10, 44, 5, 26)","(50, 20, 24, 10, 50, 93, 24, 41, 77, 83, 43, 44, 41, 101, 20, 50, 19, 92, 10, 50)",485,485,False,0.0
675,similar_ratio,20,244,"(14, 26, 19, 32, 30, 3, 5, 30, 10, 34, 18, 42, 30, 28, 31, 42, 12, 37, 21, 23)","(29, 53, 39, 67, 62, 6, 10, 59, 20, 69, 36, 83, 59, 55, 62, 87, 24, 72, 40, 44)",478,499,True,0.04208416833667335
676,similar_ratio,20,276,"(2, 43, 48, 27, 21, 23, 23, 31, 2, 17, 31, 24, 42, 49, 40, 24, 11, 40, 29, 25)","(4, 87, 97, 55, 42, 47, 48, 60, 4, 36, 61, 49, 86, 97, 80, 47, 23, 79, 60, 50)",541,565,True,0.04247787610619469
677,similar_ratio,20,228,"(41, 5, 31, 7, 49, 6, 19, 3, 21, 40, 34, 34, 3, 21, 29, 8, 27, 21, 20, 38)","(78, 10, 62, 14, 95, 12, 39, 6, 43, 78, 67, 69, 6, 42, 57, 16, 54, 42, 40, 76)",455,459,True,0.008714596949891068
678,similar_ratio,20,224,"(8, 1, 1, 48, 48, 47, 37, 31, 25, 27, 20, 14, 2, 48, 3, 8, 27, 15, 24, 15)","(17, 2, 2, 98, 92, 89, 71, 59, 51, 54, 41, 29, 4, 92, 6, 17, 53, 29, 50, 31)",455,455,False,0.0
679,similar_ratio,20,260,"(42, 25, 6, 36, 35, 22, 45, 23, 4, 22, 48, 19, 11, 22, 3, 35, 48, 50, 23, 2)","(85, 52, 12, 71, 73, 45, 93, 44, 8, 44, 95, 39, 21, 44, 6, 73, 95, 105, 46, 4)",531,538,True,0.013011152416356878
680,similar_ratio,20,334,"(40, 38, 33, 23, 46, 49, 29, 25, 37, 45, 16, 46, 42, 34, 18, 6, 42, 22, 38, 39)","(80, 73, 68, 48, 91, 96, 56, 51, 74, 91, 32, 90, 87, 68, 38, 13, 87, 44, 80, 75)",675,687,True,0.017467248908296942
681,similar_ratio,20,288,"(27, 8, 50, 31, 2, 34, 42, 48, 10, 41, 1, 43, 46, 41, 47, 6, 38, 2, 44, 15)","(55, 17, 99, 61, 4, 66, 85, 93, 20, 79, 2, 90, 95, 82, 93, 11, 77, 4, 86, 31)",573,586,True,0.02218430034129693
682,similar_ratio,20,292,"(34, 38, 43, 38, 19, 13, 40, 11, 17, 50, 21, 42, 1, 17, 36, 33, 29, 25, 46, 32)","(66, 73, 90, 76, 40, 26, 83, 23, 35, 95, 40, 87, 2, 34, 72, 69, 58, 49, 90, 63)",565,601,True,0.059900166389351084
683,similar_ratio,20,249,"(26, 3, 9, 4, 12, 43, 30, 27, 14, 32, 37, 5, 47, 50, 22, 37, 5, 36, 9, 50)","(53, 6, 17, 8, 25, 85, 59, 52, 27, 66, 72, 10, 91, 103, 46, 75, 10, 76, 19, 95)",497,511,True,0.0273972602739726
684,similar_ratio,20,257,"(25, 28, 35, 47, 42, 41, 48, 17, 14, 28, 2, 17, 20, 23, 3, 18, 15, 44, 6, 41)","(51, 58, 72, 92, 87, 82, 93, 33, 29, 54, 4, 33, 41, 45, 6, 35, 29, 91, 12, 83)",522,528,True,0.011363636363636364
685,similar_ratio,20,218,"(20, 6, 20, 10, 40, 46, 2, 6, 11, 3, 8, 48, 49, 15, 43, 48, 12, 27, 7, 15)","(41, 12, 40, 21, 78, 93, 4, 12, 23, 6, 16, 92, 102, 29, 89, 96, 25, 53, 14, 29)",446,448,True,0.004464285714285714
686,similar_ratio,20,268,"(34, 19, 5, 43, 44, 47, 50, 46, 7, 18, 41, 18, 23, 12, 42, 6, 5, 34, 18, 24)","(68, 39, 10, 86, 85, 95, 104, 92, 14, 36, 81, 35, 44, 24, 81, 11, 10, 65, 35, 47)",542,542,False,0.0
687,similar_ratio,20,263,"(26, 40, 50, 1, 7, 1, 27, 48, 6, 18, 24, 22, 47, 27, 39, 33, 12, 44, 9, 45)","(54, 83, 100, 2, 14, 2, 54, 92, 13, 38, 47, 42, 97, 55, 82, 67, 23, 90, 18, 86)",530,544,True,0.025735294117647058
688,similar_ratio,20,274,"(48, 26, 45, 17, 2, 9, 30, 32, 23, 46, 11, 45, 32, 34, 2, 14, 27, 49, 11, 46)","(94, 51, 93, 33, 4, 18, 59, 64, 46, 95, 23, 94, 66, 68, 4, 29, 53, 97, 22, 91)",558,562,True,0.0071174377224199285
689,similar_ratio,20,273,"(39, 22, 31, 38, 45, 6, 27, 7, 50, 35, 26, 29, 18, 17, 42, 37, 25, 6, 16, 30)","(75, 42, 65, 76, 93, 12, 54, 14, 96, 72, 54, 60, 34, 32, 83, 70, 49, 12, 32, 62)",560,560,False,0.0
690,similar_ratio,20,272,"(21, 12, 5, 38, 42, 39, 32, 38, 35, 43, 32, 7, 15, 21, 46, 17, 34, 15, 22, 30)","(43, 24, 10, 79, 80, 79, 61, 75, 69, 89, 66, 13, 29, 42, 92, 34, 71, 31, 44, 60)",547,558,True,0.01971326164874552
691,similar_ratio,20,260,"(45, 7, 19, 21, 41, 42, 44, 43, 12, 9, 21, 38, 46, 18, 9, 8, 24, 4, 30, 40)","(87, 14, 39, 43, 80, 85, 86, 86, 23, 18, 43, 73, 93, 36, 18, 17, 49, 8, 61, 77)",524,527,True,0.0056925996204933585
692,similar_ratio,20,276,"(2, 9, 33, 3, 50, 14, 18, 29, 36, 26, 7, 38, 42, 50, 43, 25, 38, 35, 6, 47)","(4, 18, 64, 6, 101, 27, 36, 58, 75, 52, 14, 74, 83, 98, 87, 52, 76, 70, 12, 96)",559,561,True,0.0035650623885918
693,similar_ratio,20,218,"(31, 43, 10, 1, 3, 47, 17, 14, 43, 26, 45, 44, 42, 18, 10, 11, 2, 8, 2, 19)","(60, 90, 21, 2, 6, 94, 34, 28, 87, 51, 92, 87, 83, 36, 19, 22, 4, 17, 4, 38)",443,445,True,0.0044943820224719105
694,similar_ratio,20,250,"(45, 18, 7, 28, 4, 46, 17, 30, 32, 6, 1, 45, 40, 37, 34, 46, 16, 5, 19, 24)","(90, 37, 14, 55, 8, 88, 35, 59, 61, 12, 2, 93, 77, 75, 68, 91, 31, 10, 36, 49)",493,506,True,0.025691699604743084
695,similar_ratio,20,294,"(22, 16, 24, 47, 20, 24, 20, 50, 40, 3, 47, 39, 37, 24, 16, 16, 35, 49, 18, 41)","(46, 32, 48, 92, 39, 46, 41, 97, 77, 6, 91, 76, 73, 46, 33, 32, 73, 94, 36, 82)",587,591,True,0.00676818950930626
696,similar_ratio,20,240,"(11, 29, 32, 29, 21, 33, 8, 43, 3, 8, 39, 7, 48, 23, 11, 37, 19, 39, 40, 1)","(23, 59, 62, 56, 43, 63, 15, 85, 6, 16, 80, 14, 94, 48, 22, 73, 38, 81, 76, 2)",488,489,True,0.002044989775051125
697,similar_ratio,20,201,"(9, 18, 44, 30, 12, 24, 1, 47, 21, 1, 12, 7, 16, 18, 29, 22, 36, 7, 35, 13)","(18, 37, 84, 59, 23, 48, 2, 90, 41, 2, 24, 15, 31, 37, 59, 43, 70, 14, 72, 26)",397,406,True,0.022167487684729065
698,similar_ratio,20,250,"(24, 28, 35, 9, 34, 10, 41, 2, 23, 40, 11, 15, 47, 34, 11, 45, 38, 21, 19, 14)","(50, 56, 73, 18, 70, 20, 80, 4, 48, 80, 22, 30, 92, 67, 21, 89, 74, 41, 38, 28)",509,509,False,0.0
699,similar_ratio,20,268,"(24, 42, 5, 2, 11, 31, 34, 8, 40, 43, 28, 49, 22, 24, 7, 44, 19, 42, 25, 35)","(47, 80, 10, 4, 22, 60, 69, 17, 81, 87, 58, 99, 45, 49, 14, 91, 37, 83, 51, 68)",548,548,False,0.0
700,similar_ratio,20,277,"(11, 29, 34, 21, 39, 6, 16, 41, 19, 40, 47, 26, 34, 24, 48, 37, 4, 39, 11, 28)","(23, 59, 69, 43, 81, 12, 33, 85, 37, 78, 92, 51, 65, 48, 100, 71, 8, 75, 22, 58)",571,571,False,0.0
701,similar_ratio,20,250,"(48, 7, 36, 35, 31, 3, 39, 10, 3, 28, 17, 8, 45, 35, 36, 42, 29, 33, 13, 1)","(94, 13, 73, 68, 62, 6, 81, 20, 6, 55, 35, 17, 88, 73, 69, 83, 56, 64, 27, 2)",498,508,True,0.01968503937007874
702,similar_ratio,20,244,"(49, 7, 50, 13, 19, 37, 5, 16, 12, 10, 6, 25, 46, 37, 14, 40, 8, 15, 40, 40)","(101, 13, 103, 27, 39, 73, 10, 33, 25, 20, 12, 50, 88, 75, 27, 80, 17, 30, 76, 77)",492,500,True,0.016
703,similar_ratio,20,248,"(4, 31, 16, 22, 34, 15, 22, 17, 10, 17, 16, 27, 45, 38, 31, 35, 42, 25, 26, 23)","(8, 65, 32, 42, 71, 31, 44, 35, 21, 35, 31, 52, 91, 73, 59, 73, 85, 48, 52, 46)",507,509,True,0.003929273084479371
704,similar_ratio,20,318,"(40, 48, 25, 11, 24, 24, 47, 43, 26, 14, 27, 39, 44, 37, 24, 17, 19, 40, 46, 41)","(79, 97, 50, 22, 46, 46, 91, 88, 51, 28, 53, 78, 88, 74, 47, 34, 37, 78, 94, 84)",629,642,True,0.020249221183800622
705,similar_ratio,20,291,"(50, 19, 28, 15, 47, 47, 27, 6, 20, 36, 44, 35, 32, 35, 28, 32, 39, 11, 2, 29)","(98, 37, 56, 31, 98, 97, 55, 12, 39, 75, 90, 73, 62, 69, 55, 67, 78, 22, 4, 56)",602,602,False,0.0
706,similar_ratio,20,261,"(40, 17, 48, 36, 37, 27, 24, 15, 3, 25, 24, 14, 37, 41, 10, 35, 17, 7, 34, 31)","(83, 35, 96, 72, 74, 51, 50, 29, 6, 48, 46, 28, 74, 83, 20, 73, 35, 14, 66, 63)",524,534,True,0.018726591760299626
707,similar_ratio,20,240,"(2, 22, 35, 1, 34, 43, 8, 3, 18, 7, 39, 42, 46, 29, 26, 18, 7, 30, 31, 40)","(4, 44, 70, 2, 68, 90, 16, 6, 37, 15, 79, 83, 93, 57, 51, 36, 14, 57, 64, 83)",489,493,True,0.008113590263691683
708,similar_ratio,20,243,"(8, 48, 42, 9, 39, 14, 21, 26, 27, 30, 15, 26, 43, 18, 27, 6, 7, 30, 2, 48)","(17, 99, 83, 18, 77, 28, 44, 50, 52, 59, 30, 50, 83, 36, 52, 12, 14, 62, 4, 100)",464,497,True,0.06639839034205232
709,similar_ratio,20,206,"(35, 4, 12, 25, 1, 35, 24, 17, 5, 34, 1, 29, 6, 15, 24, 35, 8, 20, 36, 46)","(71, 8, 23, 51, 2, 70, 46, 35, 10, 67, 2, 60, 12, 30, 46, 67, 15, 39, 73, 93)",417,418,True,0.0023923444976076554
710,similar_ratio,20,278,"(25, 29, 29, 3, 41, 45, 31, 10, 50, 4, 46, 5, 42, 39, 45, 45, 13, 6, 21, 27)","(51, 59, 57, 6, 81, 86, 62, 21, 99, 8, 88, 10, 83, 75, 89, 88, 27, 12, 40, 53)",527,556,True,0.052158273381294966
711,similar_ratio,20,252,"(40, 45, 15, 16, 18, 22, 7, 26, 28, 10, 35, 18, 23, 28, 25, 25, 20, 13, 45, 46)","(80, 89, 30, 31, 36, 46, 14, 49, 59, 21, 68, 35, 44, 56, 48, 49, 40, 25, 87, 90)",506,507,True,0.0019723865877712033
712,similar_ratio,20,240,"(19, 32, 28, 42, 45, 36, 45, 9, 2, 4, 31, 20, 1, 14, 49, 29, 2, 25, 24, 23)","(38, 61, 54, 82, 94, 70, 93, 18, 4, 8, 62, 39, 2, 27, 101, 59, 4, 52, 49, 48)",496,496,False,0.0
713,similar_ratio,20,266,"(25, 24, 26, 17, 29, 44, 34, 15, 12, 44, 34, 29, 22, 38, 7, 34, 29, 23, 23, 24)","(51, 48, 53, 35, 61, 84, 66, 31, 24, 85, 65, 55, 45, 79, 14, 69, 60, 45, 46, 50)",548,548,False,0.0
714,similar_ratio,20,347,"(50, 21, 27, 47, 36, 15, 42, 44, 50, 39, 45, 47, 21, 26, 7, 47, 35, 31, 50, 14)","(96, 40, 56, 99, 75, 29, 81, 89, 99, 75, 94, 90, 43, 54, 14, 89, 67, 65, 100, 28)",689,713,True,0.033660589060308554
715,similar_ratio,20,286,"(33, 16, 39, 46, 46, 33, 36, 36, 50, 50, 20, 10, 4, 18, 36, 20, 34, 20, 13, 11)","(63, 31, 75, 95, 91, 67, 72, 71, 96, 102, 39, 20, 8, 35, 72, 41, 67, 39, 25, 23)",571,578,True,0.012110726643598616
716,similar_ratio,20,262,"(11, 16, 8, 32, 29, 41, 29, 2, 25, 49, 31, 30, 43, 25, 15, 50, 48, 13, 22, 5)","(22, 31, 17, 62, 58, 82, 55, 4, 52, 97, 61, 61, 84, 52, 31, 101, 100, 26, 43, 10)",534,536,True,0.0037313432835820895
717,similar_ratio,20,282,"(16, 50, 32, 5, 23, 23, 49, 44, 46, 13, 34, 49, 41, 6, 32, 35, 11, 2, 40, 14)","(33, 101, 67, 10, 44, 47, 99, 84, 94, 25, 68, 102, 86, 12, 62, 67, 23, 4, 77, 29)",580,582,True,0.003436426116838488
718,similar_ratio,20,290,"(17, 15, 28, 26, 43, 31, 42, 43, 30, 48, 1, 24, 24, 16, 1, 42, 32, 49, 37, 30)","(35, 31, 54, 53, 86, 64, 84, 87, 61, 96, 2, 49, 49, 32, 2, 81, 66, 94, 77, 62)",583,594,True,0.018518518518518517
719,similar_ratio,20,278,"(18, 8, 33, 40, 22, 28, 42, 35, 33, 40, 16, 2, 13, 32, 6, 22, 43, 47, 46, 31)","(38, 16, 65, 79, 46, 57, 84, 71, 67, 79, 31, 4, 26, 64, 12, 43, 89, 96, 89, 62)",568,568,False,0.0
720,similar_ratio,20,289,"(48, 1, 50, 6, 39, 49, 20, 23, 29, 19, 30, 17, 1, 41, 16, 37, 25, 46, 34, 47)","(100, 2, 99, 12, 81, 99, 39, 48, 57, 38, 60, 35, 2, 82, 33, 71, 51, 90, 67, 90)",561,591,True,0.050761421319796954
721,similar_ratio,20,227,"(10, 12, 23, 41, 30, 23, 1, 29, 45, 36, 3, 50, 41, 12, 7, 9, 44, 1, 3, 34)","(20, 25, 46, 81, 58, 45, 2, 61, 92, 73, 6, 104, 81, 23, 15, 17, 86, 2, 6, 65)",452,465,True,0.02795698924731183
722,similar_ratio,20,260,"(40, 12, 35, 10, 48, 42, 17, 11, 31, 6, 2, 22, 38, 41, 40, 4, 16, 35, 38, 33)","(82, 24, 70, 20, 98, 88, 33, 22, 63, 12, 4, 46, 78, 86, 84, 8, 33, 68, 72, 63)",537,539,True,0.0037105751391465678
723,similar_ratio,20,280,"(35, 18, 17, 37, 4, 46, 28, 30, 9, 38, 46, 17, 17, 8, 19, 47, 41, 48, 14, 41)","(68, 35, 33, 71, 8, 96, 56, 62, 18, 77, 94, 36, 32, 15, 39, 97, 81, 98, 28, 83)",576,576,False,0.0
724,similar_ratio,20,238,"(47, 3, 44, 28, 8, 43, 17, 24, 19, 22, 31, 15, 41, 38, 9, 3, 38, 10, 26, 10)","(92, 6, 86, 58, 16, 87, 35, 50, 38, 44, 59, 31, 85, 76, 18, 6, 78, 19, 51, 21)",485,489,True,0.0081799591002045
725,similar_ratio,20,250,"(6, 1, 21, 44, 16, 31, 2, 39, 33, 7, 22, 22, 45, 26, 46, 43, 46, 13, 4, 33)","(12, 2, 42, 86, 33, 60, 4, 77, 65, 15, 43, 43, 92, 54, 91, 88, 90, 27, 8, 66)",508,508,False,0.0
726,similar_ratio,20,208,"(17, 27, 26, 10, 3, 33, 3, 12, 24, 27, 29, 42, 7, 7, 34, 10, 5, 44, 44, 11)","(35, 52, 53, 19, 6, 63, 6, 25, 50, 56, 60, 83, 14, 14, 70, 19, 10, 85, 84, 22)",421,426,True,0.011737089201877934
727,similar_ratio,20,266,"(34, 34, 44, 11, 34, 22, 45, 15, 7, 11, 23, 1, 36, 23, 18, 31, 10, 39, 50, 43)","(71, 65, 92, 23, 65, 46, 88, 30, 13, 23, 46, 2, 70, 45, 37, 64, 20, 74, 95, 88)",542,546,True,0.007326007326007326
728,similar_ratio,20,306,"(3, 40, 36, 45, 22, 40, 23, 36, 32, 43, 32, 22, 42, 49, 46, 5, 5, 48, 2, 41)","(6, 82, 73, 86, 45, 79, 44, 73, 64, 86, 67, 44, 84, 100, 95, 10, 10, 92, 4, 79)",625,625,False,0.0
729,similar_ratio,20,266,"(45, 19, 7, 38, 11, 49, 13, 41, 1, 43, 9, 12, 30, 37, 40, 9, 27, 16, 40, 45)","(94, 38, 14, 74, 21, 102, 26, 79, 2, 88, 19, 23, 60, 75, 83, 19, 52, 31, 80, 87)",534,547,True,0.02376599634369287
730,similar_ratio,20,265,"(20, 19, 35, 11, 19, 46, 41, 1, 24, 24, 27, 36, 16, 42, 31, 2, 43, 41, 32, 20)","(38, 40, 71, 21, 39, 92, 83, 2, 46, 48, 54, 74, 33, 80, 63, 4, 83, 80, 62, 39)",522,538,True,0.02973977695167286
731,similar_ratio,20,240,"(47, 35, 7, 1, 7, 33, 17, 36, 50, 41, 1, 14, 22, 44, 27, 33, 8, 17, 17, 23)","(90, 73, 15, 2, 14, 65, 34, 70, 104, 86, 2, 27, 44, 90, 53, 66, 16, 33, 32, 45)",480,494,True,0.02834008097165992
732,similar_ratio,20,296,"(43, 25, 41, 5, 7, 10, 39, 42, 40, 29, 31, 45, 44, 24, 11, 30, 44, 6, 31, 45)","(83, 51, 85, 10, 14, 21, 75, 83, 77, 56, 59, 89, 91, 48, 22, 60, 88, 12, 59, 90)",592,599,True,0.011686143572621035
733,similar_ratio,20,292,"(27, 29, 35, 41, 8, 15, 14, 14, 50, 47, 47, 15, 45, 36, 17, 15, 37, 26, 42, 25)","(56, 56, 68, 84, 16, 29, 29, 29, 103, 95, 94, 29, 88, 74, 33, 29, 77, 51, 87, 52)",591,602,True,0.018272425249169437
734,similar_ratio,20,278,"(44, 17, 44, 23, 12, 23, 44, 12, 47, 32, 31, 30, 8, 20, 19, 23, 48, 39, 1, 39)","(87, 35, 90, 46, 23, 47, 84, 23, 94, 65, 63, 59, 16, 40, 38, 47, 96, 77, 2, 78)",545,563,True,0.03197158081705151
735,similar_ratio,20,193,"(28, 2, 5, 21, 6, 7, 37, 29, 1, 48, 8, 2, 7, 25, 34, 29, 50, 39, 5, 3)","(58, 4, 10, 43, 11, 14, 71, 57, 2, 100, 16, 4, 14, 52, 70, 56, 100, 81, 10, 6)",395,399,True,0.010025062656641603
736,similar_ratio,20,225,"(17, 3, 7, 34, 33, 20, 47, 29, 39, 17, 2, 32, 42, 37, 28, 14, 30, 15, 1, 3)","(33, 6, 14, 65, 65, 41, 90, 56, 75, 34, 4, 62, 82, 71, 57, 28, 61, 31, 2, 6)",431,450,True,0.042222222222222223
737,similar_ratio,20,232,"(1, 1, 13, 47, 37, 32, 7, 5, 16, 14, 15, 50, 14, 31, 41, 41, 45, 16, 15, 23)","(2, 2, 27, 92, 77, 66, 14, 10, 32, 28, 29, 97, 28, 65, 79, 78, 90, 33, 31, 47)",462,476,True,0.029411764705882353
738,similar_ratio,20,262,"(11, 48, 41, 21, 26, 12, 45, 4, 7, 25, 43, 13, 13, 45, 44, 30, 22, 35, 23, 15)","(21, 93, 80, 42, 50, 23, 88, 8, 14, 52, 83, 27, 26, 87, 92, 61, 43, 73, 47, 30)",515,534,True,0.035580524344569285
739,similar_ratio,20,256,"(13, 23, 12, 3, 26, 47, 49, 40, 19, 43, 44, 37, 37, 1, 23, 22, 1, 23, 11, 37)","(27, 46, 24, 6, 51, 93, 99, 79, 38, 88, 91, 77, 77, 2, 46, 44, 2, 47, 23, 75)",515,526,True,0.02091254752851711
740,similar_ratio,20,282,"(37, 19, 5, 50, 16, 36, 47, 34, 44, 45, 44, 34, 8, 9, 46, 30, 33, 4, 22, 1)","(76, 37, 10, 103, 31, 74, 91, 70, 86, 93, 88, 71, 16, 19, 92, 59, 63, 8, 43, 2)",579,579,False,0.0
741,similar_ratio,20,228,"(15, 47, 27, 6, 14, 21, 31, 13, 29, 50, 40, 2, 20, 38, 11, 50, 3, 27, 9, 4)","(31, 98, 54, 12, 29, 43, 65, 27, 58, 98, 82, 4, 39, 77, 22, 102, 6, 53, 17, 8)",468,470,True,0.00425531914893617
742,similar_ratio,20,228,"(27, 9, 8, 39, 4, 18, 6, 23, 49, 6, 27, 32, 35, 17, 24, 20, 35, 3, 34, 40)","(57, 19, 16, 81, 8, 36, 13, 47, 95, 12, 53, 61, 72, 32, 46, 39, 70, 6, 65, 77)",437,466,True,0.06223175965665236
743,similar_ratio,20,312,"(45, 38, 2, 47, 16, 36, 17, 39, 5, 40, 49, 5, 31, 43, 38, 43, 35, 8, 41, 46)","(94, 80, 4, 98, 33, 74, 35, 75, 10, 81, 94, 10, 60, 83, 74, 85, 70, 16, 85, 91)",620,643,True,0.03576982892690513
744,similar_ratio,20,210,"(20, 22, 1, 21, 11, 9, 8, 20, 29, 24, 32, 11, 43, 32, 17, 32, 25, 32, 18, 13)","(41, 44, 2, 41, 22, 17, 16, 41, 57, 50, 64, 21, 90, 61, 35, 62, 50, 62, 37, 25)",428,430,True,0.004651162790697674
745,similar_ratio,20,236,"(15, 36, 11, 35, 28, 42, 31, 47, 9, 38, 19, 45, 10, 21, 2, 11, 6, 10, 38, 19)","(31, 71, 21, 69, 58, 85, 65, 96, 19, 76, 37, 87, 20, 44, 4, 21, 12, 21, 78, 37)",485,486,True,0.00205761316872428
746,similar_ratio,20,295,"(28, 26, 37, 33, 43, 45, 15, 49, 23, 30, 39, 33, 4, 34, 16, 50, 25, 20, 10, 30)","(56, 54, 78, 68, 83, 94, 31, 99, 44, 61, 78, 68, 8, 69, 33, 101, 52, 41, 21, 62)",610,611,True,0.0016366612111292963
747,similar_ratio,20,251,"(20, 8, 18, 34, 45, 1, 22, 17, 18, 37, 29, 44, 27, 50, 9, 39, 25, 30, 12, 17)","(42, 16, 35, 68, 87, 2, 44, 34, 36, 73, 58, 90, 54, 99, 17, 79, 48, 57, 23, 33)",504,507,True,0.005917159763313609
748,similar_ratio,20,254,"(5, 21, 25, 29, 27, 43, 1, 31, 4, 38, 45, 23, 26, 23, 27, 22, 28, 41, 41, 7)","(10, 41, 48, 57, 56, 87, 2, 63, 8, 73, 88, 44, 53, 47, 52, 46, 53, 84, 78, 14)",511,517,True,0.01160541586073501
749,similar_ratio,20,265,"(49, 29, 11, 44, 2, 49, 30, 17, 5, 45, 21, 39, 25, 18, 1, 40, 20, 45, 4, 36)","(98, 59, 22, 92, 4, 103, 61, 32, 10, 94, 44, 79, 48, 35, 2, 80, 41, 94, 8, 70)",551,551,False,0.0
750,similar_ratio,20,231,"(21, 16, 8, 7, 20, 17, 27, 4, 39, 12, 6, 37, 38, 40, 37, 45, 49, 6, 12, 21)","(42, 32, 17, 14, 40, 33, 53, 8, 75, 25, 13, 74, 76, 77, 76, 89, 102, 11, 24, 42)",467,471,True,0.008492569002123142
751,similar_ratio,20,221,"(49, 8, 21, 36, 22, 48, 2, 8, 9, 38, 2, 32, 18, 33, 37, 3, 11, 11, 50, 4)","(100, 17, 44, 74, 44, 100, 4, 16, 19, 75, 4, 66, 35, 69, 73, 6, 21, 23, 104, 8)",456,460,True,0.008695652173913044
752,similar_ratio,20,218,"(34, 3, 22, 42, 17, 20, 22, 47, 2, 9, 20, 21, 27, 26, 14, 37, 41, 8, 20, 5)","(71, 6, 44, 86, 35, 40, 45, 94, 4, 19, 41, 40, 54, 52, 28, 76, 79, 17, 39, 10)",444,448,True,0.008928571428571428
753,similar_ratio,20,244,"(49, 21, 11, 43, 4, 27, 45, 2, 3, 38, 2, 29, 49, 15, 6, 14, 30, 44, 40, 17)","(97, 43, 21, 87, 8, 54, 91, 4, 6, 74, 4, 60, 98, 29, 12, 27, 60, 85, 77, 35)",490,494,True,0.008097165991902834
754,similar_ratio,20,153,"(12, 9, 12, 8, 10, 6, 30, 44, 2, 10, 9, 32, 5, 35, 2, 7, 32, 21, 1, 19)","(25, 18, 23, 15, 20, 12, 58, 91, 4, 20, 18, 63, 10, 69, 4, 15, 66, 41, 2, 37)",305,312,True,0.022435897435897436
755,similar_ratio,20,256,"(34, 20, 39, 14, 1, 48, 29, 37, 30, 10, 40, 21, 39, 9, 3, 41, 21, 45, 8, 24)","(67, 38, 77, 28, 2, 97, 57, 77, 61, 21, 83, 41, 77, 18, 6, 83, 43, 87, 15, 49)",522,523,True,0.0019120458891013384
756,similar_ratio,20,270,"(30, 40, 24, 7, 38, 12, 50, 12, 4, 28, 34, 47, 35, 35, 45, 28, 5, 26, 6, 34)","(62, 83, 49, 14, 79, 25, 99, 24, 8, 56, 67, 93, 68, 70, 91, 54, 10, 53, 12, 70)",550,554,True,0.007220216606498195
757,similar_ratio,20,292,"(26, 30, 19, 50, 17, 21, 31, 47, 42, 30, 27, 4, 26, 28, 12, 43, 32, 47, 11, 41)","(52, 58, 39, 97, 35, 42, 60, 92, 88, 60, 55, 8, 53, 56, 24, 90, 63, 93, 22, 81)",578,595,True,0.02857142857142857
758,similar_ratio,20,290,"(22, 34, 17, 32, 27, 47, 42, 15, 50, 15, 44, 12, 12, 31, 6, 40, 26, 47, 19, 42)","(42, 70, 34, 65, 55, 89, 84, 31, 104, 29, 91, 24, 25, 59, 12, 82, 54, 92, 38, 88)",600,600,False,0.0
759,similar_ratio,20,199,"(4, 5, 21, 13, 8, 38, 1, 24, 12, 36, 36, 5, 8, 3, 44, 30, 41, 12, 48, 9)","(8, 10, 43, 26, 16, 79, 2, 46, 23, 75, 76, 10, 16, 6, 85, 57, 83, 23, 94, 18)",408,410,True,0.004878048780487805
760,similar_ratio,20,212,"(9, 22, 1, 22, 35, 30, 42, 23, 36, 2, 20, 49, 13, 27, 21, 1, 35, 14, 17, 6)","(17, 42, 2, 44, 73, 63, 85, 45, 75, 4, 42, 93, 26, 52, 42, 2, 71, 28, 33, 12)",429,437,True,0.018306636155606407
761,similar_ratio,20,245,"(15, 44, 17, 21, 38, 1, 43, 46, 26, 37, 5, 25, 11, 38, 23, 43, 6, 18, 5, 28)","(30, 86, 34, 43, 75, 2, 90, 90, 50, 72, 10, 52, 22, 75, 45, 83, 13, 37, 10, 55)",493,496,True,0.006048387096774193
762,similar_ratio,20,278,"(41, 11, 50, 14, 2, 48, 11, 4, 35, 23, 48, 33, 9, 30, 7, 29, 40, 37, 36, 48)","(81, 22, 96, 28, 4, 92, 22, 8, 69, 45, 92, 65, 19, 61, 14, 59, 76, 74, 72, 99)",551,560,True,0.01607142857142857
763,similar_ratio,20,278,"(40, 32, 4, 7, 34, 46, 45, 35, 23, 31, 17, 35, 46, 37, 23, 28, 20, 30, 10, 12)","(76, 62, 8, 14, 69, 89, 92, 67, 45, 60, 35, 72, 95, 76, 45, 54, 40, 60, 21, 24)",546,568,True,0.03873239436619718
764,similar_ratio,20,238,"(43, 27, 26, 9, 3, 50, 23, 8, 44, 40, 7, 7, 34, 44, 12, 26, 9, 15, 21, 29)","(83, 55, 52, 18, 6, 100, 46, 16, 85, 77, 13, 14, 67, 86, 25, 52, 19, 29, 43, 56)",475,479,True,0.008350730688935281
765,similar_ratio,20,236,"(3, 27, 12, 7, 48, 49, 26, 17, 18, 26, 34, 43, 29, 46, 4, 6, 19, 21, 22, 16)","(6, 53, 25, 14, 100, 94, 50, 33, 37, 51, 70, 85, 58, 95, 8, 12, 37, 41, 43, 32)",457,482,True,0.05186721991701245
766,similar_ratio,20,248,"(18, 15, 22, 10, 33, 22, 48, 37, 40, 30, 3, 5, 3, 41, 19, 31, 47, 48, 19, 6)","(37, 30, 45, 20, 69, 45, 97, 77, 79, 63, 6, 10, 6, 79, 37, 59, 94, 93, 39, 12)",508,510,True,0.00392156862745098
767,similar_ratio,20,266,"(47, 41, 45, 10, 38, 28, 22, 17, 29, 29, 34, 25, 47, 21, 46, 26, 8, 13, 2, 4)","(90, 82, 90, 21, 78, 58, 43, 33, 58, 60, 67, 51, 96, 43, 87, 54, 17, 27, 4, 8)",517,546,True,0.05311355311355311
768,similar_ratio,20,213,"(6, 19, 32, 41, 1, 3, 14, 45, 3, 34, 45, 33, 5, 43, 1, 14, 41, 18, 9, 19)","(12, 40, 67, 84, 2, 6, 28, 93, 6, 67, 90, 64, 10, 87, 2, 28, 79, 36, 18, 37)",437,437,False,0.0
769,similar_ratio,20,269,"(1, 41, 35, 35, 45, 37, 2, 16, 39, 12, 37, 17, 18, 20, 45, 10, 30, 34, 30, 34)","(2, 79, 69, 70, 86, 77, 4, 31, 81, 24, 72, 34, 36, 39, 93, 19, 60, 69, 58, 67)",529,548,True,0.03467153284671533
770,similar_ratio,20,286,"(25, 50, 50, 3, 3, 42, 47, 14, 48, 23, 17, 10, 35, 50, 32, 37, 13, 18, 47, 8)","(48, 100, 96, 6, 6, 86, 98, 28, 98, 45, 35, 20, 67, 104, 67, 74, 27, 35, 92, 17)",572,589,True,0.028862478777589132
771,similar_ratio,20,210,"(25, 30, 20, 10, 25, 1, 3, 2, 31, 33, 9, 48, 43, 11, 36, 3, 26, 32, 21, 11)","(48, 59, 39, 20, 51, 2, 6, 4, 61, 65, 18, 95, 84, 21, 72, 6, 54, 61, 44, 21)",411,423,True,0.028368794326241134
772,similar_ratio,20,213,"(7, 36, 4, 21, 18, 44, 12, 17, 44, 11, 29, 20, 17, 32, 27, 18, 31, 7, 19, 12)","(15, 71, 8, 42, 38, 84, 23, 35, 90, 23, 60, 38, 33, 61, 53, 36, 62, 14, 38, 24)",423,435,True,0.027586206896551724
773,similar_ratio,20,295,"(12, 24, 36, 29, 40, 17, 47, 14, 18, 45, 16, 8, 46, 37, 26, 43, 13, 35, 42, 42)","(24, 49, 72, 59, 77, 33, 91, 27, 38, 86, 33, 16, 94, 75, 51, 88, 25, 69, 84, 84)",599,599,False,0.0
774,similar_ratio,20,262,"(20, 37, 29, 11, 18, 42, 7, 11, 21, 43, 43, 33, 26, 38, 26, 21, 11, 41, 7, 40)","(38, 74, 59, 21, 37, 84, 14, 22, 43, 86, 89, 68, 50, 75, 53, 40, 22, 78, 14, 79)",521,533,True,0.0225140712945591
775,similar_ratio,20,252,"(32, 11, 27, 9, 43, 40, 33, 7, 49, 32, 29, 11, 24, 44, 10, 6, 38, 21, 24, 13)","(66, 22, 51, 18, 89, 81, 66, 14, 94, 67, 56, 22, 49, 86, 20, 12, 78, 40, 49, 26)",515,517,True,0.0038684719535783366
776,similar_ratio,20,234,"(29, 47, 8, 37, 48, 36, 2, 42, 26, 6, 44, 10, 32, 5, 34, 27, 12, 13, 8, 3)","(60, 96, 16, 75, 95, 73, 4, 80, 50, 12, 86, 19, 66, 10, 71, 56, 23, 25, 16, 6)",480,480,False,0.0
777,similar_ratio,20,220,"(15, 24, 22, 3, 43, 25, 8, 45, 22, 48, 1, 37, 38, 41, 14, 9, 27, 3, 10, 5)","(30, 48, 44, 6, 87, 51, 17, 86, 42, 101, 2, 73, 74, 83, 27, 19, 54, 6, 20, 10)",450,450,False,0.0
778,similar_ratio,20,260,"(3, 49, 43, 27, 31, 11, 35, 6, 15, 3, 36, 29, 35, 7, 40, 34, 22, 33, 44, 18)","(6, 102, 89, 55, 63, 22, 71, 12, 30, 6, 70, 56, 67, 14, 82, 66, 43, 63, 84, 34)",532,532,False,0.0
779,similar_ratio,20,278,"(37, 12, 33, 19, 32, 40, 14, 48, 18, 6, 43, 44, 41, 11, 14, 50, 19, 19, 47, 9)","(74, 24, 64, 37, 63, 81, 28, 93, 35, 12, 88, 91, 84, 22, 27, 97, 40, 38, 92, 18)",562,566,True,0.007067137809187279
780,similar_ratio,20,226,"(13, 21, 45, 14, 27, 5, 36, 2, 7, 42, 24, 35, 21, 20, 36, 3, 17, 33, 43, 9)","(27, 43, 87, 29, 52, 10, 72, 4, 15, 87, 47, 71, 44, 39, 71, 6, 35, 69, 86, 17)",457,465,True,0.017204301075268817
781,similar_ratio,20,241,"(14, 10, 31, 7, 47, 13, 38, 22, 39, 20, 10, 36, 36, 8, 16, 40, 6, 16, 49, 24)","(27, 21, 59, 14, 95, 26, 80, 43, 75, 38, 20, 69, 72, 15, 32, 79, 13, 32, 100, 46)",488,491,True,0.006109979633401222
782,similar_ratio,20,296,"(43, 21, 30, 17, 18, 30, 42, 11, 42, 30, 25, 39, 12, 25, 9, 50, 28, 46, 30, 44)","(83, 42, 59, 36, 35, 58, 83, 22, 88, 58, 51, 81, 25, 52, 19, 101, 56, 92, 60, 85)",573,605,True,0.05289256198347107
783,similar_ratio,20,268,"(36, 14, 26, 13, 40, 46, 11, 42, 9, 20, 17, 12, 6, 18, 26, 45, 32, 30, 50, 42)","(73, 27, 51, 25, 82, 88, 21, 82, 19, 42, 34, 25, 12, 34, 51, 90, 64, 59, 101, 84)",542,543,True,0.001841620626151013
784,similar_ratio,20,236,"(28, 39, 16, 42, 22, 24, 9, 16, 38, 26, 25, 11, 43, 25, 27, 9, 31, 6, 22, 13)","(59, 74, 33, 88, 44, 48, 19, 31, 75, 53, 52, 22, 87, 50, 54, 18, 61, 12, 42, 26)",483,485,True,0.004123711340206186
785,similar_ratio,20,285,"(33, 12, 45, 2, 46, 39, 18, 50, 45, 5, 8, 26, 28, 36, 31, 32, 10, 31, 35, 38)","(63, 24, 94, 4, 95, 77, 36, 101, 92, 10, 16, 51, 58, 74, 65, 63, 21, 62, 70, 75)",573,587,True,0.02385008517887564
786,similar_ratio,20,240,"(24, 18, 11, 42, 7, 44, 11, 37, 35, 20, 24, 9, 1, 38, 14, 15, 2, 50, 38, 41)","(46, 37, 22, 81, 14, 91, 23, 71, 67, 40, 50, 19, 2, 80, 28, 30, 4, 98, 78, 79)",488,494,True,0.012145748987854251
787,similar_ratio,20,240,"(20, 32, 40, 48, 41, 43, 38, 2, 50, 6, 47, 27, 21, 20, 5, 3, 1, 3, 11, 21)","(40, 62, 77, 97, 82, 84, 72, 4, 101, 12, 93, 53, 41, 42, 10, 6, 2, 6, 23, 44)",469,486,True,0.03497942386831276
788,similar_ratio,20,234,"(38, 1, 12, 45, 13, 21, 41, 26, 15, 49, 5, 2, 23, 4, 24, 35, 11, 26, 29, 49)","(76, 2, 24, 87, 26, 43, 86, 54, 30, 99, 10, 4, 46, 8, 49, 72, 23, 53, 58, 94)",481,481,False,0.0
789,similar_ratio,20,271,"(31, 3, 26, 34, 34, 22, 23, 24, 18, 15, 40, 33, 43, 27, 38, 34, 29, 29, 16, 23)","(63, 6, 52, 67, 66, 45, 45, 49, 36, 30, 78, 68, 89, 52, 78, 70, 56, 58, 31, 48)",552,555,True,0.005405405405405406
790,similar_ratio,20,284,"(41, 47, 48, 36, 17, 18, 3, 8, 4, 47, 47, 41, 13, 32, 32, 49, 39, 8, 25, 12)","(86, 92, 92, 73, 34, 35, 6, 16, 8, 98, 95, 84, 25, 66, 67, 102, 77, 17, 51, 25)",585,588,True,0.00510204081632653
791,similar_ratio,20,242,"(44, 1, 11, 34, 2, 15, 18, 10, 36, 42, 22, 47, 13, 31, 19, 48, 45, 6, 15, 26)","(85, 2, 21, 71, 4, 30, 35, 20, 72, 80, 42, 95, 26, 64, 39, 99, 86, 12, 31, 51)",493,495,True,0.00404040404040404
792,similar_ratio,20,282,"(37, 50, 28, 7, 28, 9, 37, 37, 14, 22, 33, 33, 48, 21, 50, 23, 30, 12, 30, 14)","(78, 103, 56, 15, 58, 17, 73, 77, 27, 42, 64, 63, 96, 43, 105, 45, 63, 23, 61, 27)",569,584,True,0.025684931506849314
793,similar_ratio,20,272,"(40, 7, 45, 30, 38, 13, 30, 7, 36, 31, 37, 38, 23, 42, 40, 10, 4, 29, 13, 31)","(82, 14, 90, 62, 74, 26, 62, 14, 71, 62, 76, 77, 47, 88, 79, 19, 8, 58, 27, 63)",555,559,True,0.007155635062611807
794,similar_ratio,20,232,"(20, 6, 27, 5, 40, 23, 38, 13, 49, 18, 39, 3, 38, 24, 10, 20, 42, 18, 1, 30)","(39, 12, 57, 10, 81, 47, 73, 25, 102, 37, 81, 6, 75, 49, 20, 42, 84, 37, 2, 58)",480,480,False,0.0
795,similar_ratio,20,283,"(26, 32, 20, 13, 13, 28, 25, 14, 48, 29, 42, 49, 15, 39, 23, 35, 15, 46, 30, 24)","(54, 62, 41, 26, 26, 54, 48, 28, 98, 55, 84, 101, 30, 74, 48, 73, 30, 96, 61, 49)",560,583,True,0.03945111492281304
796,similar_ratio,20,268,"(36, 35, 28, 28, 31, 4, 29, 27, 38, 48, 6, 6, 18, 17, 43, 37, 32, 50, 13, 10)","(72, 71, 58, 56, 59, 8, 61, 55, 73, 98, 12, 12, 35, 36, 90, 75, 66, 96, 27, 20)",547,552,True,0.009057971014492754
797,similar_ratio,20,221,"(39, 9, 38, 1, 18, 44, 8, 21, 33, 35, 13, 13, 19, 8, 29, 12, 34, 4, 42, 22)","(81, 17, 76, 2, 38, 88, 17, 43, 69, 67, 27, 25, 38, 17, 61, 24, 71, 8, 86, 45)",458,460,True,0.004347826086956522
798,similar_ratio,20,232,"(27, 3, 18, 46, 49, 12, 38, 21, 18, 21, 50, 3, 3, 35, 20, 7, 15, 35, 34, 8)","(53, 6, 36, 96, 98, 25, 75, 41, 35, 41, 100, 6, 6, 71, 39, 15, 30, 71, 68, 16)",460,472,True,0.025423728813559324
799,similar_ratio,20,234,"(13, 25, 43, 2, 4, 47, 32, 5, 40, 35, 50, 25, 7, 12, 23, 27, 14, 49, 1, 13)","(27, 50, 83, 4, 8, 93, 65, 10, 83, 67, 104, 51, 15, 25, 48, 57, 29, 97, 2, 26)",463,485,True,0.04536082474226804
800,similar_ratio,20,257,"(43, 38, 29, 21, 32, 14, 4, 36, 12, 21, 3, 30, 48, 46, 33, 15, 10, 35, 16, 28)","(86, 73, 60, 43, 62, 29, 8, 71, 24, 44, 6, 60, 100, 87, 64, 29, 19, 71, 32, 57)",522,526,True,0.0076045627376425855
801,similar_ratio,20,294,"(7, 8, 32, 40, 9, 34, 31, 45, 38, 49, 22, 41, 39, 38, 29, 25, 47, 18, 10, 27)","(14, 16, 61, 82, 19, 66, 60, 88, 74, 102, 46, 82, 81, 76, 57, 50, 93, 37, 21, 56)",556,603,True,0.0779436152570481
802,similar_ratio,20,296,"(36, 23, 20, 43, 49, 31, 5, 48, 46, 50, 32, 11, 4, 21, 34, 6, 50, 27, 35, 20)","(70, 45, 42, 85, 102, 61, 10, 100, 96, 104, 64, 22, 8, 41, 71, 12, 104, 56, 68, 40)",611,616,True,0.008116883116883116
803,similar_ratio,20,228,"(7, 34, 16, 10, 39, 36, 4, 33, 2, 25, 13, 50, 22, 29, 22, 49, 4, 23, 8, 29)","(14, 67, 33, 19, 79, 68, 8, 64, 4, 51, 26, 102, 45, 58, 44, 95, 8, 46, 17, 58)",445,463,True,0.038876889848812095
804,similar_ratio,20,314,"(31, 6, 2, 50, 49, 22, 44, 49, 37, 5, 36, 46, 12, 23, 33, 40, 50, 44, 5, 45)","(63, 13, 4, 97, 93, 43, 88, 98, 75, 10, 75, 92, 23, 46, 68, 82, 102, 91, 10, 89)",639,642,True,0.004672897196261682
805,similar_ratio,20,240,"(32, 5, 4, 30, 37, 48, 32, 6, 32, 22, 44, 13, 12, 15, 16, 13, 23, 19, 44, 34)","(62, 10, 8, 61, 77, 98, 63, 12, 64, 44, 86, 27, 24, 29, 33, 26, 44, 37, 85, 65)",484,487,True,0.006160164271047228
806,similar_ratio,20,242,"(30, 20, 40, 15, 6, 31, 17, 34, 13, 5, 47, 34, 22, 8, 36, 17, 32, 6, 50, 20)","(57, 40, 83, 30, 12, 61, 33, 65, 25, 10, 93, 70, 42, 17, 72, 35, 62, 12, 97, 41)",483,491,True,0.016293279022403257
807,similar_ratio,20,244,"(24, 49, 20, 10, 3, 25, 9, 23, 50, 21, 9, 50, 26, 2, 32, 43, 4, 24, 25, 39)","(49, 95, 39, 20, 6, 48, 18, 46, 104, 41, 18, 102, 53, 4, 66, 83, 8, 48, 51, 78)",499,499,False,0.0
808,similar_ratio,20,278,"(24, 19, 29, 49, 23, 50, 35, 12, 5, 23, 7, 14, 37, 44, 3, 47, 40, 37, 9, 50)","(48, 39, 60, 95, 45, 97, 71, 23, 10, 44, 14, 28, 75, 89, 6, 91, 82, 77, 19, 101)",566,568,True,0.0035211267605633804
809,similar_ratio,20,283,"(4, 12, 39, 30, 44, 18, 2, 49, 13, 21, 48, 17, 1, 39, 49, 33, 50, 26, 33, 38)","(8, 25, 76, 58, 91, 35, 4, 101, 25, 40, 94, 34, 2, 81, 94, 67, 99, 53, 68, 74)",569,578,True,0.015570934256055362
810,similar_ratio,20,242,"(46, 30, 11, 42, 14, 28, 15, 19, 31, 27, 24, 3, 41, 17, 3, 16, 37, 31, 47, 3)","(95, 62, 23, 87, 29, 58, 30, 38, 63, 55, 50, 6, 80, 35, 6, 31, 76, 65, 93, 6)",499,501,True,0.003992015968063872
811,similar_ratio,20,216,"(6, 34, 28, 16, 3, 7, 17, 38, 16, 27, 7, 19, 25, 19, 36, 33, 18, 5, 27, 50)","(12, 68, 53, 33, 6, 14, 34, 74, 31, 52, 13, 37, 50, 36, 74, 68, 36, 10, 51, 100)",436,437,True,0.002288329519450801
812,similar_ratio,20,294,"(3, 46, 42, 49, 14, 15, 27, 25, 22, 39, 21, 50, 16, 9, 50, 42, 25, 48, 20, 24)","(6, 90, 88, 103, 29, 31, 52, 49, 45, 78, 42, 96, 33, 18, 97, 86, 48, 93, 41, 46)",600,602,True,0.0033222591362126247
813,similar_ratio,20,262,"(9, 39, 25, 11, 35, 22, 26, 46, 6, 18, 16, 15, 1, 28, 44, 47, 45, 7, 33, 50)","(17, 80, 49, 21, 72, 46, 51, 96, 12, 34, 32, 30, 2, 53, 91, 97, 93, 14, 67, 95)",541,541,False,0.0
814,similar_ratio,20,287,"(39, 9, 1, 11, 34, 34, 28, 27, 44, 29, 45, 25, 29, 15, 31, 38, 30, 46, 36, 23)","(75, 18, 2, 22, 68, 68, 57, 56, 84, 57, 94, 52, 56, 29, 62, 78, 61, 87, 69, 44)",576,585,True,0.015384615384615385
815,similar_ratio,20,261,"(1, 40, 31, 37, 46, 14, 17, 12, 29, 40, 12, 7, 50, 31, 10, 39, 12, 35, 9, 50)","(2, 78, 60, 71, 95, 27, 34, 23, 55, 80, 24, 14, 98, 61, 19, 82, 24, 67, 19, 100)",524,528,True,0.007575757575757576
816,similar_ratio,20,228,"(11, 27, 4, 24, 18, 25, 37, 47, 12, 28, 3, 9, 24, 19, 24, 39, 1, 38, 28, 39)","(22, 54, 8, 47, 36, 49, 77, 90, 25, 54, 6, 17, 47, 38, 49, 76, 2, 79, 57, 76)",453,464,True,0.023706896551724137
817,similar_ratio,20,241,"(9, 23, 17, 38, 44, 3, 9, 36, 23, 28, 6, 42, 22, 23, 46, 5, 48, 18, 40, 2)","(18, 48, 35, 74, 88, 6, 17, 72, 44, 56, 12, 87, 45, 45, 88, 10, 93, 37, 80, 4)",479,490,True,0.022448979591836733
818,similar_ratio,20,289,"(31, 35, 50, 30, 37, 12, 17, 34, 8, 43, 50, 46, 5, 44, 7, 14, 39, 27, 26, 23)","(62, 70, 96, 62, 73, 25, 33, 70, 17, 90, 101, 96, 10, 91, 14, 28, 77, 56, 54, 45)",585,599,True,0.02337228714524207
819,similar_ratio,20,272,"(24, 9, 9, 19, 47, 20, 33, 30, 31, 45, 27, 22, 33, 48, 38, 27, 23, 15, 17, 27)","(50, 18, 18, 38, 97, 40, 67, 60, 60, 90, 53, 46, 66, 93, 76, 56, 45, 30, 36, 53)",556,556,False,0.0
820,similar_ratio,20,225,"(14, 34, 13, 49, 37, 8, 5, 20, 24, 40, 41, 17, 12, 3, 26, 11, 6, 37, 10, 43)","(28, 68, 27, 96, 71, 16, 10, 39, 48, 81, 81, 34, 24, 6, 51, 22, 12, 70, 20, 86)",447,452,True,0.011061946902654867
821,similar_ratio,20,272,"(37, 32, 24, 7, 26, 44, 36, 46, 22, 13, 22, 18, 1, 44, 34, 34, 2, 33, 31, 37)","(75, 63, 50, 14, 53, 91, 70, 91, 45, 27, 45, 37, 2, 84, 65, 67, 4, 64, 61, 74)",517,553,True,0.0650994575045208
822,similar_ratio,20,275,"(8, 26, 47, 28, 43, 14, 44, 19, 12, 41, 8, 26, 9, 36, 25, 43, 4, 41, 36, 40)","(17, 51, 94, 57, 83, 28, 90, 38, 24, 80, 16, 50, 18, 75, 52, 90, 8, 84, 69, 77)",559,565,True,0.010619469026548672
823,similar_ratio,20,197,"(22, 16, 6, 35, 23, 24, 12, 40, 4, 50, 14, 7, 11, 4, 37, 7, 20, 8, 31, 23)","(44, 31, 12, 72, 45, 48, 24, 81, 8, 99, 29, 14, 22, 8, 71, 15, 41, 16, 62, 47)",397,401,True,0.00997506234413965
824,similar_ratio,20,207,"(42, 10, 3, 4, 49, 5, 15, 6, 39, 18, 27, 17, 47, 1, 7, 19, 16, 27, 35, 27)","(86, 20, 6, 8, 101, 10, 31, 12, 80, 35, 52, 33, 93, 2, 15, 38, 31, 52, 71, 52)",420,424,True,0.009433962264150943
825,similar_ratio,20,208,"(18, 48, 8, 48, 39, 3, 22, 50, 19, 20, 15, 34, 8, 19, 2, 1, 25, 6, 18, 14)","(37, 94, 16, 93, 76, 6, 44, 98, 37, 38, 29, 70, 16, 37, 4, 2, 50, 12, 37, 28)",416,418,True,0.004784688995215311
826,similar_ratio,20,213,"(36, 17, 10, 1, 45, 9, 21, 9, 42, 24, 11, 6, 42, 31, 18, 11, 31, 34, 26, 2)","(74, 34, 19, 2, 91, 17, 41, 19, 84, 47, 22, 12, 81, 64, 36, 22, 62, 70, 52, 4)",428,434,True,0.013824884792626729
827,similar_ratio,20,253,"(23, 32, 34, 31, 6, 27, 6, 27, 6, 20, 48, 1, 2, 27, 14, 49, 41, 26, 47, 39)","(48, 65, 68, 64, 12, 56, 12, 52, 12, 40, 100, 2, 4, 52, 28, 100, 86, 53, 95, 75)",521,523,True,0.0038240917782026767
828,similar_ratio,20,213,"(13, 6, 9, 33, 27, 30, 21, 35, 5, 16, 25, 8, 28, 47, 3, 35, 15, 11, 25, 34)","(25, 12, 18, 67, 54, 57, 41, 73, 10, 34, 49, 16, 59, 92, 6, 69, 30, 22, 48, 67)",426,434,True,0.018433179723502304
829,similar_ratio,20,298,"(14, 13, 2, 33, 34, 38, 17, 26, 5, 44, 46, 46, 18, 47, 7, 40, 38, 32, 50, 45)","(27, 26, 4, 68, 70, 76, 34, 52, 10, 90, 96, 96, 35, 94, 14, 79, 76, 66, 100, 94)",610,616,True,0.00974025974025974
830,similar_ratio,20,256,"(7, 15, 18, 42, 41, 16, 7, 34, 27, 8, 48, 18, 18, 23, 13, 49, 46, 6, 31, 46)","(14, 29, 36, 86, 83, 33, 14, 69, 53, 16, 94, 37, 36, 47, 26, 98, 93, 12, 63, 90)",511,520,True,0.01730769230769231
831,similar_ratio,20,208,"(11, 26, 2, 10, 47, 15, 1, 7, 47, 36, 4, 6, 41, 50, 34, 24, 7, 26, 3, 20)","(22, 53, 4, 19, 91, 31, 2, 14, 95, 75, 8, 12, 85, 105, 71, 49, 15, 51, 6, 41)",429,433,True,0.009237875288683603
832,similar_ratio,20,242,"(47, 22, 15, 25, 50, 31, 8, 28, 9, 11, 16, 15, 36, 12, 23, 38, 47, 24, 25, 1)","(95, 44, 30, 51, 96, 63, 17, 56, 18, 22, 33, 30, 74, 25, 45, 73, 90, 47, 49, 2)",490,492,True,0.0040650406504065045
833,similar_ratio,20,222,"(37, 23, 7, 32, 27, 32, 20, 3, 24, 11, 37, 13, 4, 17, 18, 46, 32, 15, 5, 41)","(75, 46, 14, 64, 52, 67, 39, 6, 47, 22, 76, 27, 8, 35, 37, 93, 66, 31, 10, 85)",452,457,True,0.010940919037199124
834,similar_ratio,20,293,"(19, 15, 36, 49, 50, 2, 32, 28, 26, 30, 44, 31, 25, 36, 15, 48, 19, 8, 44, 29)","(39, 30, 75, 100, 95, 4, 67, 57, 55, 60, 89, 62, 50, 73, 29, 98, 38, 16, 85, 58)",598,602,True,0.006644518272425249
835,similar_ratio,20,324,"(40, 46, 45, 24, 41, 38, 20, 38, 28, 41, 49, 46, 45, 28, 22, 10, 7, 16, 40, 24)","(81, 94, 87, 46, 81, 78, 40, 78, 57, 80, 99, 88, 93, 54, 44, 20, 14, 33, 80, 46)",653,660,True,0.010606060606060607
836,similar_ratio,20,246,"(27, 45, 45, 1, 8, 28, 45, 45, 16, 27, 3, 23, 37, 5, 11, 47, 46, 7, 10, 17)","(51, 94, 86, 2, 16, 55, 93, 87, 31, 54, 6, 44, 71, 10, 22, 94, 89, 13, 20, 33)",497,497,False,0.0
837,similar_ratio,20,230,"(36, 8, 17, 9, 26, 34, 1, 38, 36, 14, 30, 42, 29, 25, 37, 35, 3, 3, 13, 23)","(70, 16, 34, 18, 53, 70, 2, 73, 73, 28, 62, 87, 59, 52, 70, 70, 6, 6, 25, 48)",473,473,False,0.0
838,similar_ratio,20,254,"(33, 38, 19, 5, 37, 40, 31, 16, 49, 29, 1, 14, 27, 41, 27, 42, 12, 12, 26, 8)","(67, 78, 40, 10, 76, 78, 61, 30, 98, 58, 2, 27, 52, 79, 54, 88, 24, 24, 54, 16)",513,521,True,0.015355086372360844
839,similar_ratio,20,268,"(40, 18, 15, 15, 20, 1, 2, 46, 3, 40, 13, 47, 24, 44, 45, 48, 20, 40, 21, 35)","(82, 36, 31, 30, 41, 2, 4, 90, 6, 84, 26, 94, 48, 89, 94, 94, 41, 83, 40, 73)",541,555,True,0.025225225225225224
840,similar_ratio,20,277,"(14, 30, 30, 15, 33, 31, 50, 32, 12, 35, 15, 34, 32, 18, 29, 25, 21, 23, 25, 50)","(29, 60, 60, 31, 68, 64, 96, 61, 25, 72, 31, 68, 61, 36, 59, 48, 44, 47, 51, 100)",557,567,True,0.01763668430335097
841,similar_ratio,20,276,"(37, 39, 37, 14, 25, 44, 29, 34, 39, 21, 43, 8, 27, 9, 20, 5, 21, 49, 40, 12)","(75, 77, 77, 28, 51, 89, 57, 69, 81, 43, 87, 16, 57, 18, 39, 10, 40, 99, 80, 24)",566,566,False,0.0
842,similar_ratio,20,242,"(5, 37, 41, 40, 6, 7, 7, 44, 33, 30, 14, 49, 14, 26, 33, 16, 42, 12, 9, 19)","(10, 71, 85, 77, 12, 15, 14, 90, 64, 59, 28, 99, 29, 52, 64, 31, 80, 24, 18, 38)",476,492,True,0.032520325203252036
843,similar_ratio,20,302,"(43, 2, 46, 50, 36, 10, 20, 10, 32, 43, 48, 22, 44, 22, 33, 6, 27, 41, 48, 21)","(86, 4, 95, 99, 72, 20, 40, 19, 62, 90, 92, 46, 88, 44, 64, 11, 52, 81, 97, 43)",612,615,True,0.004878048780487805
844,similar_ratio,20,251,"(42, 34, 15, 39, 18, 23, 24, 45, 8, 1, 18, 10, 38, 42, 11, 44, 20, 3, 33, 34)","(87, 68, 29, 82, 36, 47, 47, 93, 16, 2, 36, 21, 77, 86, 21, 88, 41, 6, 65, 66)",517,517,False,0.0
845,similar_ratio,20,240,"(4, 5, 10, 4, 30, 24, 30, 26, 30, 27, 31, 15, 10, 50, 36, 49, 9, 30, 16, 45)","(8, 10, 20, 8, 60, 49, 62, 51, 57, 54, 65, 30, 21, 97, 70, 99, 17, 58, 31, 91)",487,489,True,0.00408997955010225
846,similar_ratio,20,175,"(7, 11, 17, 10, 48, 8, 1, 4, 3, 28, 7, 25, 32, 50, 21, 8, 39, 9, 1, 21)","(13, 21, 36, 20, 100, 16, 2, 8, 6, 59, 13, 50, 65, 97, 43, 16, 78, 18, 2, 41)",357,361,True,0.0110803324099723
847,similar_ratio,20,284,"(25, 26, 50, 20, 7, 49, 32, 36, 22, 21, 46, 27, 38, 8, 35, 22, 24, 10, 24, 45)","(52, 50, 101, 38, 14, 96, 67, 72, 43, 41, 88, 53, 72, 16, 70, 44, 48, 19, 49, 91)",576,576,False,0.0
848,similar_ratio,20,212,"(29, 7, 2, 35, 32, 9, 4, 37, 43, 7, 11, 17, 15, 47, 5, 28, 18, 6, 45, 26)","(60, 15, 4, 67, 65, 17, 8, 71, 89, 14, 21, 35, 31, 94, 10, 55, 36, 12, 86, 50)",425,433,True,0.018475750577367205
849,similar_ratio,20,278,"(1, 43, 22, 12, 36, 42, 17, 16, 12, 47, 28, 32, 38, 41, 27, 33, 10, 33, 39, 28)","(2, 84, 45, 23, 71, 85, 35, 31, 23, 90, 57, 62, 76, 82, 55, 69, 20, 64, 78, 59)",565,567,True,0.003527336860670194
850,similar_ratio,20,209,"(32, 6, 29, 6, 24, 16, 23, 26, 6, 11, 23, 36, 32, 14, 39, 20, 36, 16, 9, 14)","(66, 12, 56, 12, 47, 32, 45, 52, 12, 23, 47, 74, 61, 28, 77, 39, 70, 32, 17, 28)",418,423,True,0.01182033096926714
851,similar_ratio,20,252,"(38, 20, 27, 50, 15, 37, 30, 2, 45, 47, 16, 39, 36, 4, 16, 27, 15, 29, 2, 9)","(75, 40, 54, 103, 31, 71, 63, 4, 90, 90, 32, 81, 69, 8, 32, 53, 31, 57, 4, 18)",509,515,True,0.011650485436893204
852,similar_ratio,20,274,"(40, 49, 24, 37, 18, 38, 13, 31, 14, 23, 24, 32, 28, 46, 8, 43, 6, 48, 4, 23)","(76, 98, 49, 72, 35, 75, 25, 63, 27, 44, 46, 65, 56, 91, 16, 85, 12, 99, 8, 47)",548,553,True,0.009041591320072333
853,similar_ratio,20,220,"(26, 19, 23, 7, 11, 48, 44, 8, 24, 39, 6, 14, 38, 25, 10, 10, 36, 10, 34, 7)","(51, 39, 45, 14, 23, 99, 90, 16, 49, 77, 12, 27, 74, 52, 20, 19, 73, 20, 65, 14)",451,451,False,0.0
854,similar_ratio,20,281,"(49, 47, 36, 40, 40, 45, 35, 1, 33, 18, 45, 44, 25, 1, 3, 43, 3, 10, 27, 17)","(97, 97, 73, 80, 76, 94, 68, 2, 67, 37, 90, 91, 52, 2, 6, 83, 6, 21, 52, 35)",577,579,True,0.0034542314335060447
855,similar_ratio,20,290,"(16, 17, 48, 7, 34, 30, 50, 29, 48, 15, 35, 16, 21, 31, 47, 15, 22, 46, 34, 20)","(33, 33, 97, 14, 69, 62, 103, 60, 98, 30, 72, 33, 40, 60, 97, 29, 45, 91, 66, 40)",588,595,True,0.011764705882352941
856,similar_ratio,20,239,"(14, 15, 3, 39, 36, 8, 14, 17, 43, 48, 27, 46, 39, 12, 11, 18, 37, 41, 5, 5)","(29, 31, 6, 75, 72, 16, 29, 34, 90, 100, 55, 93, 79, 25, 23, 37, 72, 84, 10, 10)",490,494,True,0.008097165991902834
857,similar_ratio,20,274,"(31, 28, 43, 30, 47, 15, 19, 21, 14, 45, 35, 49, 17, 2, 15, 29, 34, 39, 21, 13)","(63, 58, 84, 63, 92, 31, 38, 42, 27, 88, 73, 102, 35, 4, 31, 58, 71, 74, 40, 26)",565,565,False,0.0
858,similar_ratio,20,254,"(34, 23, 44, 31, 9, 10, 26, 43, 45, 16, 4, 45, 23, 4, 26, 31, 10, 15, 25, 45)","(68, 44, 85, 60, 18, 20, 53, 86, 89, 33, 8, 89, 46, 8, 50, 60, 19, 31, 50, 86)",510,510,False,0.0
859,similar_ratio,20,296,"(37, 8, 41, 31, 38, 7, 17, 11, 50, 43, 30, 31, 49, 11, 21, 34, 35, 32, 36, 29)","(76, 15, 83, 65, 76, 14, 35, 22, 98, 87, 61, 61, 93, 23, 40, 66, 71, 66, 73, 61)",607,607,False,0.0
860,similar_ratio,20,256,"(9, 6, 23, 47, 37, 31, 10, 45, 11, 11, 34, 1, 15, 9, 46, 43, 25, 23, 41, 45)","(17, 12, 46, 92, 74, 60, 20, 88, 23, 23, 65, 2, 30, 18, 96, 88, 50, 44, 78, 90)",499,520,True,0.04038461538461539
861,similar_ratio,20,224,"(29, 44, 2, 10, 42, 9, 27, 19, 44, 34, 16, 4, 13, 21, 25, 30, 24, 26, 20, 10)","(58, 84, 4, 20, 80, 18, 54, 39, 86, 69, 31, 8, 25, 44, 51, 57, 46, 54, 40, 19)",450,455,True,0.01098901098901099
862,similar_ratio,20,326,"(37, 41, 9, 33, 49, 14, 29, 35, 26, 36, 32, 19, 33, 50, 37, 39, 43, 41, 29, 20)","(76, 82, 17, 69, 101, 27, 57, 71, 54, 74, 62, 37, 64, 96, 73, 75, 90, 80, 58, 42)",659,668,True,0.01347305389221557
863,similar_ratio,20,244,"(38, 18, 47, 42, 42, 14, 2, 50, 43, 13, 2, 40, 10, 25, 16, 12, 30, 2, 2, 39)","(79, 36, 93, 85, 80, 28, 4, 100, 83, 25, 4, 78, 20, 48, 32, 24, 61, 4, 4, 77)",481,491,True,0.020366598778004074
864,similar_ratio,20,241,"(20, 2, 13, 41, 9, 18, 37, 39, 13, 46, 14, 2, 31, 33, 33, 46, 15, 40, 9, 21)","(42, 4, 25, 79, 18, 35, 72, 81, 27, 92, 29, 4, 61, 65, 65, 95, 31, 81, 17, 41)",477,492,True,0.03048780487804878
865,similar_ratio,20,263,"(26, 2, 2, 48, 29, 42, 13, 38, 15, 27, 50, 46, 45, 9, 38, 48, 5, 2, 21, 20)","(52, 4, 4, 101, 58, 88, 27, 78, 29, 55, 102, 90, 88, 18, 73, 95, 10, 4, 44, 41)",544,544,False,0.0
866,similar_ratio,20,194,"(8, 10, 1, 7, 5, 45, 49, 30, 22, 19, 15, 41, 7, 4, 8, 9, 25, 24, 27, 32)","(16, 20, 2, 14, 10, 92, 97, 61, 45, 40, 31, 78, 14, 8, 15, 18, 50, 46, 53, 64)",386,395,True,0.02278481012658228
867,similar_ratio,20,306,"(50, 30, 23, 39, 18, 47, 3, 42, 36, 18, 11, 33, 28, 46, 1, 39, 35, 17, 48, 47)","(96, 62, 47, 78, 34, 99, 6, 86, 70, 36, 22, 68, 56, 92, 2, 81, 70, 36, 100, 97)",635,635,False,0.0
868,similar_ratio,20,247,"(26, 36, 5, 13, 47, 32, 28, 17, 40, 41, 2, 27, 31, 39, 19, 46, 15, 8, 20, 2)","(50, 72, 10, 25, 91, 61, 57, 35, 80, 84, 4, 55, 60, 78, 36, 88, 30, 17, 39, 4)",496,499,True,0.006012024048096192
869,similar_ratio,20,232,"(27, 16, 30, 1, 1, 12, 27, 36, 16, 21, 21, 31, 49, 14, 26, 38, 21, 12, 42, 22)","(55, 32, 62, 2, 2, 23, 55, 74, 31, 44, 41, 61, 96, 29, 54, 79, 40, 24, 85, 42)",456,478,True,0.04602510460251046
870,similar_ratio,20,258,"(16, 3, 39, 26, 30, 31, 25, 2, 35, 48, 5, 33, 9, 26, 41, 49, 40, 26, 6, 25)","(32, 6, 77, 51, 58, 65, 52, 4, 73, 101, 10, 67, 18, 54, 83, 98, 80, 54, 12, 50)",530,534,True,0.00749063670411985
871,similar_ratio,20,244,"(23, 8, 47, 17, 24, 10, 44, 44, 33, 33, 5, 3, 37, 47, 2, 19, 20, 9, 43, 21)","(46, 17, 90, 35, 49, 20, 88, 89, 66, 68, 10, 6, 75, 93, 4, 39, 42, 18, 89, 40)",500,500,False,0.0
872,similar_ratio,20,256,"(36, 9, 32, 50, 1, 32, 18, 5, 44, 38, 12, 36, 4, 25, 31, 2, 42, 16, 35, 44)","(74, 18, 65, 101, 2, 64, 35, 10, 85, 79, 25, 71, 8, 49, 64, 4, 85, 30, 73, 87)",507,525,True,0.03428571428571429
873,similar_ratio,20,298,"(10, 47, 41, 24, 23, 27, 49, 14, 29, 21, 48, 6, 45, 12, 45, 44, 3, 20, 50, 38)","(20, 92, 85, 47, 47, 51, 96, 27, 57, 44, 100, 12, 92, 23, 94, 90, 6, 42, 99, 73)",614,614,False,0.0
874,similar_ratio,20,232,"(34, 24, 9, 39, 33, 26, 18, 2, 7, 21, 34, 24, 47, 19, 12, 17, 40, 21, 20, 17)","(66, 46, 18, 77, 63, 52, 36, 4, 13, 44, 65, 48, 92, 40, 23, 33, 78, 43, 38, 34)",462,466,True,0.008583690987124463
875,similar_ratio,20,284,"(33, 22, 40, 31, 23, 35, 8, 3, 12, 41, 30, 35, 5, 10, 45, 42, 10, 47, 48, 49)","(64, 44, 78, 59, 47, 70, 16, 6, 25, 83, 61, 68, 10, 20, 91, 82, 20, 92, 94, 97)",571,571,False,0.0
876,similar_ratio,20,244,"(46, 17, 3, 36, 48, 37, 9, 5, 26, 47, 32, 26, 18, 1, 9, 49, 7, 38, 21, 14)","(88, 34, 6, 69, 97, 77, 18, 10, 54, 91, 62, 50, 34, 2, 18, 97, 14, 78, 43, 29)",480,497,True,0.03420523138832998
877,similar_ratio,20,250,"(15, 28, 31, 40, 38, 24, 48, 10, 1, 33, 37, 32, 43, 21, 9, 7, 40, 11, 8, 25)","(31, 58, 61, 81, 72, 48, 92, 19, 2, 64, 76, 67, 84, 44, 19, 14, 78, 23, 15, 50)",513,513,False,0.0
878,similar_ratio,20,284,"(35, 50, 26, 6, 11, 43, 6, 26, 10, 42, 4, 35, 24, 47, 10, 28, 43, 42, 31, 50)","(70, 98, 54, 12, 21, 89, 12, 53, 20, 86, 8, 70, 49, 93, 20, 53, 87, 82, 59, 97)",560,578,True,0.031141868512110725
879,similar_ratio,20,279,"(5, 24, 1, 21, 23, 50, 43, 12, 30, 28, 14, 30, 14, 48, 43, 38, 48, 14, 27, 45)","(10, 46, 2, 40, 48, 102, 89, 24, 57, 56, 27, 60, 28, 92, 88, 73, 94, 28, 55, 90)",562,568,True,0.01056338028169014
880,similar_ratio,20,246,"(7, 17, 43, 13, 9, 18, 3, 20, 50, 50, 42, 39, 21, 17, 32, 25, 19, 34, 8, 24)","(13, 36, 87, 26, 19, 36, 6, 38, 104, 101, 83, 79, 41, 33, 63, 52, 40, 65, 15, 46)",500,505,True,0.009900990099009901
881,similar_ratio,20,263,"(43, 29, 49, 43, 36, 1, 8, 34, 21, 20, 40, 17, 4, 22, 23, 42, 18, 28, 27, 21)","(84, 59, 100, 86, 74, 2, 16, 69, 41, 38, 80, 34, 8, 46, 44, 83, 37, 58, 54, 42)",531,537,True,0.0111731843575419
882,similar_ratio,20,204,"(1, 21, 41, 31, 28, 25, 20, 27, 33, 1, 10, 12, 29, 18, 28, 21, 17, 15, 3, 28)","(2, 40, 83, 62, 58, 48, 39, 54, 68, 2, 21, 24, 57, 38, 57, 41, 34, 30, 6, 58)",417,419,True,0.00477326968973747
883,similar_ratio,20,225,"(36, 22, 6, 36, 41, 44, 10, 16, 5, 29, 23, 4, 38, 14, 36, 12, 10, 3, 24, 41)","(69, 44, 12, 71, 83, 86, 19, 32, 10, 56, 47, 8, 76, 29, 75, 24, 20, 6, 50, 80)",440,458,True,0.039301310043668124
884,similar_ratio,20,222,"(44, 48, 11, 45, 3, 2, 4, 12, 14, 2, 6, 42, 46, 21, 27, 23, 25, 6, 17, 46)","(90, 96, 22, 88, 6, 4, 8, 23, 28, 4, 12, 84, 93, 42, 53, 45, 50, 12, 34, 94)",445,449,True,0.008908685968819599
885,similar_ratio,20,230,"(24, 4, 28, 5, 7, 8, 8, 34, 36, 6, 3, 5, 42, 49, 19, 48, 45, 33, 34, 23)","(48, 8, 54, 10, 14, 16, 16, 71, 69, 13, 6, 10, 86, 97, 37, 98, 91, 65, 65, 46)",461,469,True,0.017057569296375266
886,similar_ratio,20,258,"(13, 28, 20, 11, 39, 1, 35, 50, 12, 27, 47, 1, 23, 46, 40, 42, 16, 21, 12, 31)","(26, 54, 41, 22, 81, 2, 71, 102, 24, 54, 93, 2, 45, 93, 84, 88, 33, 42, 24, 64)",523,533,True,0.01876172607879925
887,similar_ratio,20,278,"(32, 13, 23, 35, 46, 46, 38, 11, 5, 31, 12, 35, 40, 32, 21, 29, 34, 19, 12, 42)","(63, 25, 47, 67, 92, 92, 75, 23, 10, 63, 25, 68, 78, 63, 41, 56, 66, 37, 24, 87)",538,560,True,0.039285714285714285
888,similar_ratio,20,280,"(6, 29, 25, 35, 46, 46, 41, 28, 25, 38, 24, 21, 8, 20, 19, 11, 45, 13, 45, 36)","(12, 60, 51, 69, 91, 91, 86, 58, 50, 76, 48, 41, 16, 42, 39, 23, 90, 26, 86, 76)",573,577,True,0.006932409012131715
889,similar_ratio,20,250,"(41, 48, 6, 50, 16, 11, 7, 39, 45, 5, 42, 27, 48, 12, 26, 33, 10, 22, 1, 10)","(83, 93, 12, 100, 32, 23, 14, 82, 94, 10, 80, 56, 96, 25, 50, 66, 21, 43, 2, 19)",512,514,True,0.0038910505836575876
890,similar_ratio,20,242,"(4, 19, 48, 1, 21, 32, 10, 39, 44, 8, 37, 29, 49, 20, 19, 12, 29, 28, 10, 24)","(8, 40, 96, 2, 41, 61, 21, 79, 86, 16, 70, 58, 98, 41, 39, 25, 55, 57, 21, 50)",495,495,False,0.0
891,similar_ratio,20,250,"(41, 34, 16, 14, 31, 37, 48, 32, 4, 16, 9, 31, 4, 38, 48, 13, 13, 33, 28, 11)","(81, 66, 31, 28, 63, 75, 97, 62, 8, 32, 17, 59, 8, 77, 94, 26, 26, 65, 54, 23)",494,504,True,0.01984126984126984
892,similar_ratio,20,274,"(15, 43, 16, 28, 14, 50, 42, 36, 38, 5, 40, 25, 5, 48, 38, 39, 46, 2, 12, 6)","(31, 88, 32, 54, 28, 97, 85, 72, 74, 10, 80, 51, 10, 100, 74, 75, 92, 4, 23, 12)",546,557,True,0.019748653500897665
893,similar_ratio,20,266,"(33, 14, 23, 42, 43, 29, 29, 8, 9, 32, 21, 36, 29, 2, 46, 49, 24, 43, 11, 8)","(68, 29, 46, 86, 82, 56, 57, 16, 18, 63, 40, 70, 60, 4, 93, 98, 50, 84, 22, 15)",532,541,True,0.0166358595194085
894,similar_ratio,20,289,"(29, 49, 14, 23, 40, 20, 15, 15, 10, 44, 18, 32, 28, 9, 31, 47, 41, 40, 49, 24)","(58, 100, 27, 47, 76, 40, 30, 29, 19, 92, 36, 62, 57, 18, 63, 93, 86, 79, 94, 47)",591,591,False,0.0
895,similar_ratio,20,298,"(42, 28, 36, 49, 32, 17, 49, 29, 29, 24, 42, 7, 4, 30, 12, 38, 34, 30, 29, 34)","(88, 54, 70, 102, 65, 35, 102, 59, 58, 47, 84, 14, 8, 63, 25, 75, 66, 57, 57, 65)",611,614,True,0.004885993485342019
896,similar_ratio,20,166,"(13, 11, 41, 7, 18, 7, 12, 1, 9, 4, 44, 39, 20, 6, 30, 10, 12, 2, 17, 29)","(26, 22, 84, 14, 37, 14, 24, 2, 17, 8, 92, 76, 41, 12, 58, 20, 25, 4, 33, 58)",341,341,False,0.0
897,similar_ratio,20,273,"(4, 49, 18, 25, 10, 5, 39, 28, 5, 47, 12, 41, 33, 9, 40, 24, 31, 38, 50, 38)","(8, 96, 37, 48, 20, 10, 76, 56, 10, 95, 23, 82, 63, 19, 82, 48, 65, 74, 104, 79)",552,560,True,0.014285714285714285
898,similar_ratio,20,219,"(27, 21, 46, 3, 32, 6, 36, 49, 8, 21, 4, 49, 24, 21, 2, 9, 18, 28, 32, 2)","(52, 44, 92, 6, 65, 13, 74, 94, 17, 41, 8, 96, 50, 42, 4, 18, 37, 57, 64, 4)",449,449,False,0.0
899,similar_ratio,20,250,"(9, 37, 22, 6, 17, 36, 2, 10, 45, 1, 42, 50, 24, 36, 5, 9, 45, 22, 49, 33)","(17, 76, 46, 12, 34, 74, 4, 20, 90, 2, 85, 97, 48, 71, 10, 18, 92, 45, 95, 68)",504,512,True,0.015625
900,similar_ratio,20,245,"(40, 49, 6, 47, 11, 36, 19, 46, 8, 22, 4, 14, 33, 16, 13, 23, 34, 30, 7, 32)","(78, 94, 12, 92, 22, 71, 39, 90, 16, 44, 8, 27, 66, 31, 26, 45, 69, 61, 14, 61)",479,490,True,0.022448979591836733
901,similar_ratio,20,322,"(28, 8, 25, 32, 46, 21, 32, 27, 39, 45, 8, 44, 23, 43, 36, 44, 46, 47, 11, 39)","(57, 16, 52, 63, 94, 43, 63, 54, 79, 86, 16, 85, 47, 82, 72, 86, 90, 93, 21, 74)",644,648,True,0.006172839506172839
902,similar_ratio,20,265,"(18, 26, 38, 44, 37, 34, 20, 39, 30, 33, 11, 47, 28, 14, 20, 4, 11, 27, 39, 10)","(37, 52, 79, 89, 72, 66, 41, 79, 59, 67, 22, 98, 55, 28, 39, 8, 22, 53, 75, 20)",542,542,False,0.0
903,similar_ratio,20,242,"(3, 6, 12, 13, 6, 17, 42, 6, 32, 49, 18, 26, 42, 34, 49, 9, 23, 28, 48, 22)","(6, 12, 24, 26, 12, 34, 83, 12, 63, 94, 34, 52, 84, 70, 95, 19, 47, 56, 95, 43)",454,487,True,0.06776180698151951
904,similar_ratio,20,280,"(46, 39, 26, 45, 4, 50, 33, 6, 31, 31, 32, 19, 17, 39, 49, 46, 4, 39, 1, 2)","(96, 76, 53, 93, 8, 105, 63, 12, 60, 64, 64, 40, 32, 79, 94, 93, 8, 75, 2, 4)",564,578,True,0.02422145328719723
905,similar_ratio,20,227,"(44, 35, 2, 9, 38, 26, 7, 8, 34, 37, 8, 3, 4, 41, 20, 48, 5, 18, 28, 39)","(87, 70, 4, 18, 73, 51, 14, 16, 71, 74, 17, 6, 8, 79, 39, 92, 10, 36, 57, 76)",452,458,True,0.013100436681222707
906,similar_ratio,20,224,"(1, 38, 5, 18, 22, 34, 23, 8, 3, 29, 29, 45, 5, 2, 32, 7, 41, 48, 19, 39)","(2, 78, 10, 35, 44, 67, 44, 16, 6, 58, 60, 88, 10, 4, 65, 13, 79, 96, 36, 78)",449,453,True,0.008830022075055188
907,similar_ratio,20,238,"(45, 10, 31, 11, 5, 46, 16, 27, 49, 5, 40, 15, 15, 44, 11, 40, 7, 27, 16, 15)","(89, 20, 60, 21, 10, 96, 31, 56, 98, 10, 80, 30, 29, 88, 22, 82, 14, 57, 33, 31)",483,489,True,0.012269938650306749
908,similar_ratio,20,211,"(42, 26, 3, 41, 44, 19, 10, 15, 10, 26, 10, 40, 9, 18, 4, 44, 11, 24, 16, 10)","(80, 50, 6, 81, 92, 40, 20, 29, 21, 52, 19, 82, 18, 36, 8, 87, 21, 47, 31, 20)",426,430,True,0.009302325581395349
909,similar_ratio,20,204,"(14, 42, 16, 40, 25, 27, 16, 28, 36, 40, 15, 10, 3, 1, 24, 4, 18, 8, 9, 31)","(28, 87, 30, 78, 51, 54, 32, 58, 69, 82, 29, 20, 6, 2, 49, 8, 37, 16, 17, 64)",413,419,True,0.014319809069212411
910,similar_ratio,20,269,"(40, 50, 40, 20, 44, 36, 13, 43, 21, 22, 20, 5, 28, 1, 37, 15, 9, 1, 45, 48)","(81, 101, 81, 38, 87, 70, 26, 82, 40, 42, 41, 10, 57, 2, 73, 30, 18, 2, 89, 97)",544,544,False,0.0
911,similar_ratio,20,236,"(30, 46, 9, 34, 45, 44, 5, 14, 41, 20, 26, 16, 17, 21, 12, 5, 30, 10, 22, 26)","(59, 95, 19, 70, 93, 85, 10, 29, 84, 38, 51, 32, 33, 44, 24, 10, 60, 21, 44, 52)",475,487,True,0.024640657084188913
912,similar_ratio,20,248,"(34, 20, 27, 35, 3, 41, 12, 35, 32, 47, 3, 33, 16, 36, 10, 42, 3, 32, 11, 24)","(70, 39, 55, 69, 6, 86, 24, 73, 63, 97, 6, 66, 33, 70, 21, 85, 6, 65, 22, 49)",502,512,True,0.01953125
913,similar_ratio,20,248,"(7, 48, 38, 22, 25, 44, 20, 49, 27, 33, 28, 6, 7, 1, 1, 43, 46, 2, 10, 38)","(13, 100, 77, 46, 49, 91, 39, 100, 51, 67, 54, 12, 13, 2, 2, 84, 91, 4, 21, 77)",510,510,False,0.0
914,similar_ratio,20,299,"(4, 48, 37, 22, 42, 35, 44, 12, 28, 6, 37, 33, 17, 43, 40, 32, 19, 37, 33, 29)","(8, 92, 72, 42, 84, 71, 87, 24, 53, 11, 71, 66, 34, 84, 79, 63, 38, 78, 64, 57)",580,600,True,0.03333333333333333
915,similar_ratio,20,202,"(12, 21, 4, 28, 4, 26, 12, 24, 4, 43, 38, 28, 28, 3, 33, 29, 12, 10, 16, 30)","(24, 42, 8, 56, 8, 52, 24, 46, 8, 83, 78, 53, 54, 6, 63, 60, 23, 21, 32, 63)",412,412,False,0.0
916,similar_ratio,20,312,"(44, 43, 34, 36, 40, 34, 18, 23, 48, 18, 47, 20, 36, 1, 48, 16, 34, 21, 39, 25)","(89, 90, 71, 75, 80, 69, 35, 48, 96, 37, 98, 39, 75, 2, 100, 33, 69, 43, 80, 52)",644,649,True,0.007704160246533128
917,similar_ratio,20,238,"(49, 5, 42, 28, 39, 48, 25, 7, 22, 40, 22, 5, 8, 16, 18, 20, 17, 28, 16, 22)","(98, 10, 85, 55, 76, 99, 50, 15, 45, 83, 42, 10, 17, 31, 34, 42, 34, 54, 31, 46)",486,489,True,0.006134969325153374
918,similar_ratio,20,298,"(46, 46, 24, 27, 35, 27, 41, 2, 46, 43, 6, 29, 6, 47, 30, 19, 34, 28, 40, 20)","(93, 88, 49, 52, 70, 53, 85, 4, 92, 87, 13, 58, 12, 98, 62, 40, 70, 59, 79, 39)",579,614,True,0.057003257328990226
919,similar_ratio,20,212,"(44, 18, 36, 12, 16, 8, 4, 16, 4, 45, 47, 17, 15, 6, 20, 43, 15, 7, 39, 12)","(88, 35, 74, 23, 32, 16, 8, 33, 8, 86, 97, 33, 31, 12, 39, 84, 30, 14, 78, 25)",424,432,True,0.018518518518518517
920,similar_ratio,20,292,"(39, 42, 12, 43, 16, 31, 34, 36, 43, 25, 38, 42, 21, 19, 19, 7, 1, 45, 49, 23)","(77, 81, 23, 86, 32, 59, 71, 71, 84, 50, 75, 81, 41, 37, 36, 14, 2, 86, 96, 47)",566,583,True,0.029159519725557463
921,similar_ratio,20,254,"(23, 6, 1, 49, 25, 40, 39, 22, 49, 28, 6, 7, 6, 44, 24, 23, 43, 21, 44, 8)","(45, 12, 2, 95, 48, 79, 79, 46, 101, 57, 12, 13, 12, 91, 49, 45, 88, 43, 88, 17)",518,522,True,0.007662835249042145
922,similar_ratio,20,251,"(4, 32, 14, 45, 21, 9, 19, 48, 10, 47, 10, 49, 36, 13, 21, 40, 27, 9, 40, 8)","(8, 67, 29, 88, 40, 19, 37, 94, 20, 95, 20, 96, 74, 26, 43, 76, 54, 18, 84, 15)",503,514,True,0.021400778210116732
923,similar_ratio,20,248,"(31, 24, 40, 2, 6, 46, 30, 13, 15, 37, 41, 29, 2, 38, 5, 3, 38, 20, 30, 45)","(60, 48, 83, 4, 12, 95, 62, 26, 31, 71, 81, 55, 4, 79, 10, 6, 73, 38, 58, 93)",511,511,False,0.0
924,similar_ratio,20,261,"(37, 30, 26, 41, 22, 21, 46, 4, 27, 29, 26, 7, 5, 21, 18, 44, 45, 19, 47, 7)","(76, 57, 53, 78, 43, 42, 88, 8, 54, 56, 54, 13, 10, 42, 34, 89, 87, 39, 91, 14)",524,527,True,0.0056925996204933585
925,similar_ratio,20,276,"(6, 46, 48, 50, 37, 36, 4, 30, 41, 31, 1, 47, 22, 4, 38, 27, 12, 23, 43, 5)","(11, 90, 95, 98, 71, 75, 8, 58, 85, 60, 2, 90, 43, 8, 78, 54, 24, 44, 90, 10)",540,562,True,0.03914590747330961
926,similar_ratio,20,260,"(42, 9, 24, 12, 34, 2, 21, 16, 20, 48, 33, 48, 50, 20, 38, 22, 4, 10, 31, 36)","(83, 19, 50, 24, 70, 4, 43, 31, 42, 92, 64, 100, 96, 40, 79, 45, 8, 20, 59, 69)",524,536,True,0.022388059701492536
927,similar_ratio,20,218,"(41, 6, 13, 25, 2, 43, 14, 38, 27, 35, 7, 35, 3, 10, 19, 3, 27, 17, 25, 46)","(86, 12, 27, 49, 4, 85, 27, 78, 54, 68, 13, 70, 6, 19, 38, 6, 52, 35, 51, 96)",449,449,False,0.0
928,similar_ratio,20,240,"(20, 10, 50, 15, 40, 7, 36, 12, 39, 10, 2, 9, 50, 4, 35, 41, 49, 4, 36, 11)","(40, 21, 105, 31, 80, 15, 75, 24, 81, 20, 4, 17, 100, 8, 72, 86, 99, 8, 70, 21)",498,499,True,0.002004008016032064
929,similar_ratio,20,204,"(13, 19, 5, 50, 41, 18, 24, 14, 23, 33, 10, 4, 7, 5, 41, 2, 34, 10, 27, 29)","(26, 40, 10, 99, 81, 34, 47, 29, 46, 64, 20, 8, 14, 10, 85, 4, 66, 20, 54, 60)",406,416,True,0.02403846153846154
930,similar_ratio,20,276,"(34, 31, 38, 36, 45, 14, 27, 31, 20, 8, 21, 40, 14, 22, 11, 42, 30, 14, 26, 47)","(70, 61, 74, 72, 88, 27, 55, 64, 40, 17, 43, 77, 27, 43, 22, 86, 63, 28, 51, 98)",568,568,False,0.0
931,similar_ratio,20,298,"(28, 36, 50, 15, 12, 22, 23, 46, 47, 29, 40, 13, 43, 29, 37, 9, 34, 16, 44, 22)","(55, 73, 99, 29, 24, 43, 45, 91, 93, 59, 77, 26, 90, 61, 76, 18, 67, 31, 92, 44)",608,610,True,0.003278688524590164
932,similar_ratio,20,276,"(34, 44, 47, 10, 2, 7, 8, 49, 14, 35, 23, 38, 50, 37, 23, 19, 32, 1, 49, 29)","(70, 88, 94, 19, 4, 13, 16, 96, 28, 67, 47, 72, 100, 77, 48, 37, 65, 2, 96, 58)",558,561,True,0.0053475935828877
933,similar_ratio,20,276,"(34, 36, 43, 13, 23, 43, 47, 2, 1, 27, 45, 45, 10, 16, 38, 50, 12, 25, 23, 18)","(68, 72, 82, 25, 44, 82, 98, 4, 2, 54, 91, 92, 20, 31, 74, 103, 23, 49, 46, 35)",550,562,True,0.021352313167259787
934,similar_ratio,20,313,"(30, 2, 17, 45, 23, 10, 41, 45, 44, 44, 33, 46, 47, 34, 9, 48, 31, 35, 10, 32)","(58, 4, 33, 91, 44, 20, 79, 94, 90, 87, 65, 89, 95, 71, 17, 97, 63, 69, 19, 64)",625,638,True,0.02037617554858934
935,similar_ratio,20,282,"(44, 25, 12, 31, 30, 30, 50, 40, 47, 10, 24, 7, 28, 29, 27, 44, 8, 27, 45, 7)","(90, 48, 24, 63, 59, 60, 104, 78, 92, 20, 50, 14, 59, 61, 54, 91, 16, 53, 93, 13)",572,584,True,0.02054794520547945
936,similar_ratio,20,224,"(10, 28, 3, 8, 46, 25, 42, 13, 17, 14, 18, 17, 14, 41, 24, 39, 13, 18, 15, 42)","(21, 58, 6, 16, 93, 50, 83, 26, 36, 29, 37, 33, 28, 83, 50, 79, 27, 37, 30, 86)",460,461,True,0.0021691973969631237
937,similar_ratio,20,266,"(35, 6, 37, 27, 10, 13, 43, 15, 40, 37, 31, 37, 40, 43, 4, 10, 40, 5, 35, 25)","(67, 12, 72, 54, 20, 26, 83, 29, 76, 77, 63, 72, 76, 87, 8, 20, 84, 10, 72, 51)",538,544,True,0.011029411764705883
938,similar_ratio,20,252,"(29, 44, 12, 22, 48, 8, 36, 10, 21, 43, 4, 17, 10, 39, 8, 33, 41, 17, 45, 18)","(58, 88, 25, 43, 100, 15, 75, 20, 43, 83, 8, 33, 19, 82, 16, 66, 81, 34, 91, 36)",518,518,False,0.0
939,similar_ratio,20,254,"(7, 15, 2, 44, 49, 33, 40, 21, 13, 8, 35, 20, 34, 19, 11, 40, 14, 16, 45, 43)","(13, 29, 4, 90, 94, 67, 79, 44, 25, 15, 67, 39, 67, 37, 21, 81, 28, 32, 89, 84)",502,511,True,0.01761252446183953
940,similar_ratio,20,275,"(23, 1, 20, 40, 38, 4, 32, 44, 33, 34, 26, 15, 49, 36, 41, 42, 17, 7, 15, 33)","(48, 2, 42, 82, 73, 8, 62, 84, 63, 69, 51, 29, 96, 72, 79, 86, 35, 14, 29, 65)",552,558,True,0.010752688172043012
941,similar_ratio,20,256,"(23, 26, 44, 27, 21, 48, 21, 39, 7, 14, 39, 15, 46, 13, 5, 7, 35, 5, 36, 40)","(46, 53, 89, 55, 43, 98, 41, 82, 14, 27, 76, 30, 89, 26, 10, 14, 67, 10, 72, 82)",516,523,True,0.01338432122370937
942,similar_ratio,20,295,"(26, 46, 39, 17, 39, 31, 35, 36, 45, 10, 43, 35, 41, 20, 1, 22, 2, 43, 10, 49)","(51, 94, 82, 35, 75, 62, 73, 74, 90, 20, 83, 73, 81, 41, 2, 44, 4, 88, 21, 96)",607,608,True,0.001644736842105263
943,similar_ratio,20,286,"(35, 45, 50, 29, 20, 26, 21, 29, 13, 49, 30, 25, 26, 15, 43, 19, 6, 37, 42, 13)","(68, 87, 105, 58, 39, 50, 42, 59, 27, 98, 63, 49, 54, 31, 83, 40, 12, 73, 80, 25)",577,586,True,0.015358361774744027
944,similar_ratio,20,216,"(1, 33, 4, 23, 36, 4, 21, 12, 50, 36, 13, 13, 19, 23, 13, 11, 15, 15, 44, 47)","(2, 66, 8, 48, 73, 8, 42, 23, 96, 74, 25, 26, 38, 47, 26, 22, 31, 30, 87, 94)",425,439,True,0.03189066059225513
945,similar_ratio,20,258,"(28, 42, 15, 10, 37, 5, 28, 23, 34, 40, 7, 37, 46, 3, 11, 50, 11, 43, 22, 23)","(55, 86, 29, 20, 74, 10, 56, 44, 66, 81, 14, 72, 92, 6, 23, 99, 22, 83, 42, 47)",509,521,True,0.023032629558541268
946,similar_ratio,20,188,"(3, 49, 32, 12, 6, 21, 41, 19, 11, 1, 4, 14, 33, 11, 25, 5, 44, 5, 8, 31)","(6, 103, 63, 25, 12, 42, 79, 40, 23, 2, 8, 28, 69, 22, 49, 10, 87, 10, 16, 60)",380,388,True,0.020618556701030927
947,similar_ratio,20,272,"(13, 23, 11, 43, 49, 18, 10, 38, 45, 9, 49, 6, 28, 19, 21, 40, 22, 35, 44, 20)","(26, 46, 23, 89, 94, 35, 20, 74, 94, 18, 99, 12, 54, 37, 42, 78, 44, 70, 92, 40)",556,557,True,0.0017953321364452424
948,similar_ratio,20,216,"(34, 2, 5, 38, 28, 10, 13, 5, 45, 34, 29, 24, 8, 12, 42, 11, 25, 32, 5, 31)","(67, 4, 10, 78, 55, 20, 27, 10, 86, 66, 59, 49, 16, 23, 84, 22, 50, 62, 10, 61)",429,436,True,0.016055045871559634
949,similar_ratio,20,252,"(22, 42, 18, 41, 37, 1, 18, 25, 25, 20, 45, 7, 22, 36, 46, 21, 29, 10, 33, 7)","(45, 87, 36, 82, 78, 2, 34, 48, 48, 38, 91, 14, 43, 69, 95, 42, 58, 21, 66, 15)",484,517,True,0.06382978723404255
950,similar_ratio,20,260,"(14, 27, 14, 23, 28, 50, 30, 49, 2, 22, 3, 43, 5, 16, 32, 28, 49, 16, 46, 23)","(27, 56, 28, 44, 55, 104, 60, 93, 4, 46, 6, 84, 10, 31, 61, 56, 98, 32, 87, 48)",516,529,True,0.024574669187145556
951,similar_ratio,20,195,"(49, 17, 17, 7, 1, 8, 8, 20, 15, 18, 40, 42, 25, 10, 43, 9, 8, 3, 9, 41)","(101, 35, 33, 14, 2, 15, 15, 41, 31, 36, 76, 80, 49, 19, 83, 19, 16, 6, 17, 79)",383,394,True,0.027918781725888325
952,similar_ratio,20,193,"(8, 30, 11, 3, 28, 17, 2, 3, 32, 45, 32, 20, 28, 9, 27, 18, 15, 12, 36, 10)","(16, 58, 21, 6, 55, 33, 4, 6, 66, 94, 61, 41, 54, 18, 56, 36, 29, 23, 73, 20)",380,396,True,0.04040404040404041
953,similar_ratio,20,280,"(1, 45, 28, 4, 45, 43, 20, 3, 21, 20, 40, 40, 3, 38, 24, 45, 14, 44, 50, 31)","(2, 88, 55, 8, 90, 86, 39, 6, 41, 41, 82, 78, 6, 73, 48, 88, 29, 91, 103, 59)",544,570,True,0.0456140350877193
954,similar_ratio,20,246,"(12, 47, 45, 46, 19, 37, 23, 5, 14, 18, 37, 6, 37, 38, 1, 38, 27, 7, 17, 18)","(24, 97, 87, 96, 37, 75, 46, 10, 29, 35, 71, 11, 73, 79, 2, 76, 52, 14, 33, 37)",495,505,True,0.019801980198019802
955,similar_ratio,20,271,"(43, 18, 10, 32, 1, 32, 3, 40, 43, 34, 40, 32, 6, 41, 22, 41, 46, 30, 21, 7)","(85, 36, 20, 67, 2, 65, 6, 78, 84, 69, 78, 64, 12, 83, 44, 85, 88, 57, 41, 15)",524,551,True,0.04900181488203267
956,similar_ratio,20,266,"(44, 28, 30, 43, 39, 17, 21, 37, 47, 14, 41, 15, 6, 39, 24, 25, 29, 26, 4, 2)","(87, 57, 62, 82, 76, 34, 44, 76, 92, 28, 78, 30, 11, 79, 46, 51, 60, 51, 8, 4)",533,542,True,0.016605166051660517
957,similar_ratio,20,274,"(30, 50, 24, 33, 7, 14, 30, 28, 22, 45, 30, 33, 47, 3, 25, 20, 28, 41, 30, 7)","(58, 97, 48, 69, 14, 28, 57, 55, 44, 88, 62, 68, 98, 6, 52, 39, 58, 79, 61, 14)",564,564,False,0.0
958,similar_ratio,20,261,"(21, 40, 31, 25, 1, 38, 30, 45, 12, 20, 32, 7, 19, 48, 15, 18, 18, 43, 14, 45)","(44, 83, 60, 50, 2, 78, 59, 92, 24, 38, 66, 14, 39, 93, 30, 35, 34, 85, 28, 93)",535,537,True,0.0037243947858473
959,similar_ratio,20,277,"(31, 41, 15, 46, 5, 44, 41, 1, 21, 39, 48, 32, 7, 37, 8, 6, 38, 6, 46, 42)","(60, 81, 29, 95, 10, 89, 82, 2, 41, 76, 98, 66, 14, 76, 16, 11, 77, 13, 90, 84)",556,565,True,0.01592920353982301
960,similar_ratio,20,255,"(25, 3, 50, 46, 20, 36, 23, 5, 11, 17, 48, 14, 10, 39, 31, 32, 1, 8, 47, 44)","(50, 6, 103, 91, 40, 75, 47, 10, 21, 33, 96, 28, 19, 76, 63, 63, 2, 15, 92, 88)",518,518,False,0.0
961,similar_ratio,20,242,"(42, 4, 35, 9, 25, 25, 36, 28, 47, 43, 12, 12, 31, 12, 4, 30, 1, 23, 48, 18)","(86, 8, 68, 19, 48, 50, 74, 59, 95, 85, 23, 24, 62, 24, 8, 58, 2, 48, 92, 35)",495,495,False,0.0
962,similar_ratio,20,210,"(17, 42, 9, 22, 49, 17, 15, 3, 19, 6, 5, 41, 25, 20, 35, 10, 46, 13, 22, 3)","(34, 83, 18, 46, 99, 32, 29, 6, 36, 12, 10, 81, 50, 41, 67, 20, 94, 27, 46, 6)",429,429,False,0.0
963,similar_ratio,20,298,"(35, 20, 48, 42, 37, 41, 20, 50, 44, 12, 5, 13, 36, 35, 23, 36, 23, 34, 33, 10)","(72, 39, 91, 86, 71, 86, 39, 96, 87, 23, 10, 26, 73, 72, 46, 75, 44, 69, 68, 19)",611,611,False,0.0
964,similar_ratio,20,255,"(33, 35, 16, 14, 45, 2, 3, 8, 11, 30, 32, 26, 32, 50, 44, 3, 44, 48, 32, 2)","(66, 73, 33, 29, 92, 4, 6, 16, 22, 57, 63, 52, 61, 104, 91, 6, 86, 96, 65, 4)",523,525,True,0.0038095238095238095
965,similar_ratio,20,265,"(15, 29, 47, 45, 13, 29, 48, 31, 13, 32, 27, 44, 10, 9, 27, 1, 28, 27, 22, 33)","(30, 59, 92, 91, 26, 59, 98, 64, 27, 61, 55, 90, 21, 19, 53, 2, 58, 54, 45, 65)",538,543,True,0.009208103130755065
966,similar_ratio,20,269,"(3, 37, 30, 41, 4, 19, 26, 21, 48, 37, 9, 28, 48, 16, 23, 42, 22, 19, 19, 46)","(6, 74, 59, 83, 8, 39, 49, 42, 93, 72, 18, 57, 93, 33, 46, 81, 42, 39, 36, 92)",537,542,True,0.00922509225092251
967,similar_ratio,20,232,"(34, 28, 5, 2, 19, 35, 43, 37, 26, 11, 26, 19, 39, 13, 5, 14, 33, 39, 8, 28)","(65, 58, 10, 4, 37, 69, 89, 75, 53, 22, 50, 36, 79, 26, 10, 29, 64, 79, 16, 56)",472,473,True,0.0021141649048625794
968,similar_ratio,20,245,"(7, 37, 4, 43, 19, 9, 34, 18, 24, 45, 47, 7, 16, 22, 30, 25, 9, 46, 7, 41)","(14, 77, 8, 85, 40, 17, 68, 37, 46, 86, 91, 14, 33, 46, 62, 49, 19, 92, 14, 83)",501,503,True,0.003976143141153081
969,similar_ratio,20,260,"(25, 36, 19, 26, 36, 25, 38, 39, 26, 6, 29, 29, 31, 15, 17, 37, 9, 20, 13, 45)","(52, 69, 36, 50, 75, 52, 80, 80, 51, 12, 59, 61, 60, 29, 34, 71, 19, 39, 27, 92)",538,539,True,0.0018552875695732839
970,similar_ratio,20,236,"(19, 7, 9, 21, 42, 13, 27, 24, 38, 47, 5, 10, 37, 42, 28, 34, 12, 8, 38, 11)","(39, 14, 17, 40, 87, 27, 56, 46, 76, 98, 10, 20, 75, 85, 59, 71, 24, 17, 73, 21)",478,490,True,0.024489795918367346
971,similar_ratio,20,281,"(17, 45, 5, 15, 45, 13, 43, 9, 49, 41, 35, 31, 27, 30, 36, 27, 6, 36, 12, 40)","(33, 88, 10, 31, 87, 26, 82, 17, 96, 79, 71, 60, 55, 58, 70, 52, 12, 71, 24, 77)",554,557,True,0.005385996409335727
972,similar_ratio,20,278,"(47, 27, 28, 16, 28, 7, 2, 15, 22, 15, 31, 30, 19, 41, 10, 50, 45, 28, 46, 49)","(90, 52, 55, 31, 54, 14, 4, 31, 46, 30, 61, 58, 37, 79, 21, 101, 94, 53, 91, 95)",548,561,True,0.023172905525846704
973,similar_ratio,20,266,"(10, 27, 50, 18, 30, 5, 41, 36, 41, 35, 15, 6, 46, 31, 49, 41, 15, 5, 24, 8)","(20, 55, 105, 36, 60, 10, 84, 72, 78, 70, 31, 12, 94, 62, 102, 83, 30, 10, 48, 16)",547,547,False,0.0
974,similar_ratio,20,255,"(22, 50, 45, 1, 26, 46, 5, 39, 39, 18, 5, 35, 24, 4, 24, 24, 50, 28, 2, 23)","(44, 101, 94, 2, 51, 91, 10, 79, 76, 37, 10, 73, 46, 8, 50, 49, 99, 54, 4, 45)",517,522,True,0.009578544061302681
975,similar_ratio,20,264,"(32, 4, 36, 44, 20, 5, 36, 4, 47, 41, 34, 5, 9, 50, 36, 27, 28, 11, 15, 44)","(65, 8, 74, 91, 41, 10, 75, 8, 98, 80, 69, 10, 19, 104, 73, 52, 58, 21, 29, 91)",544,547,True,0.005484460694698354
976,similar_ratio,20,296,"(22, 13, 4, 38, 49, 16, 39, 17, 34, 4, 36, 50, 33, 35, 26, 45, 49, 18, 17, 46)","(45, 27, 8, 76, 102, 33, 81, 35, 68, 8, 74, 97, 68, 68, 52, 90, 101, 35, 35, 96)",594,612,True,0.029411764705882353
977,similar_ratio,20,262,"(41, 42, 22, 38, 48, 40, 17, 7, 24, 17, 27, 14, 23, 5, 18, 29, 35, 33, 10, 35)","(84, 84, 45, 79, 93, 82, 35, 14, 49, 35, 54, 27, 47, 10, 37, 60, 73, 65, 19, 71)",540,540,False,0.0
978,similar_ratio,20,259,"(38, 6, 15, 28, 13, 39, 11, 44, 22, 24, 47, 15, 24, 25, 34, 17, 26, 42, 12, 36)","(73, 12, 30, 58, 27, 81, 21, 85, 43, 47, 91, 31, 50, 48, 71, 35, 51, 88, 25, 72)",529,534,True,0.009363295880149813
979,similar_ratio,20,272,"(30, 14, 24, 8, 46, 21, 16, 25, 44, 45, 32, 6, 22, 23, 44, 24, 39, 42, 9, 31)","(58, 27, 46, 15, 92, 42, 32, 52, 84, 86, 63, 12, 45, 45, 85, 48, 79, 85, 17, 64)",551,551,False,0.0
980,similar_ratio,20,258,"(28, 12, 18, 27, 22, 48, 46, 10, 44, 10, 21, 23, 35, 39, 35, 18, 22, 11, 16, 32)","(55, 25, 35, 53, 42, 93, 89, 20, 88, 20, 43, 45, 71, 77, 72, 36, 44, 22, 32, 62)",518,519,True,0.0019267822736030828
981,similar_ratio,20,230,"(15, 23, 24, 7, 30, 32, 11, 4, 47, 23, 21, 43, 2, 44, 44, 25, 14, 10, 13, 27)","(29, 48, 49, 14, 60, 62, 23, 8, 96, 45, 41, 82, 4, 89, 92, 48, 27, 21, 25, 57)",475,475,False,0.0
982,similar_ratio,20,284,"(33, 24, 18, 17, 41, 19, 16, 22, 43, 25, 30, 16, 39, 27, 6, 43, 24, 41, 40, 44)","(63, 46, 37, 34, 86, 36, 33, 42, 85, 50, 62, 32, 78, 53, 13, 89, 49, 81, 81, 87)",566,581,True,0.025817555938037865
983,similar_ratio,20,250,"(43, 33, 36, 25, 36, 8, 9, 50, 14, 5, 9, 16, 29, 30, 3, 34, 49, 6, 32, 32)","(86, 65, 73, 48, 73, 16, 17, 99, 27, 10, 18, 33, 59, 62, 6, 65, 94, 12, 62, 62)",492,504,True,0.023809523809523808
984,similar_ratio,20,263,"(47, 31, 40, 2, 34, 43, 39, 17, 46, 20, 4, 7, 19, 28, 43, 16, 16, 46, 20, 8)","(95, 60, 79, 4, 71, 85, 76, 35, 94, 39, 8, 14, 37, 57, 90, 33, 32, 88, 40, 17)",518,540,True,0.040740740740740744
985,similar_ratio,20,226,"(22, 24, 32, 11, 10, 28, 35, 9, 31, 23, 30, 1, 25, 12, 34, 47, 27, 2, 39, 9)","(46, 46, 63, 22, 20, 56, 71, 17, 62, 46, 59, 2, 51, 25, 68, 95, 56, 4, 75, 17)",448,460,True,0.02608695652173913
986,similar_ratio,20,189,"(8, 6, 5, 31, 41, 16, 26, 21, 1, 14, 6, 2, 48, 9, 38, 28, 22, 9, 22, 25)","(17, 12, 10, 62, 84, 31, 54, 44, 2, 27, 12, 4, 96, 18, 76, 54, 44, 18, 45, 51)",385,387,True,0.00516795865633075
987,similar_ratio,20,276,"(35, 50, 4, 18, 15, 43, 46, 44, 4, 33, 9, 38, 32, 32, 42, 24, 41, 19, 6, 16)","(72, 101, 8, 34, 29, 87, 89, 87, 8, 67, 18, 73, 62, 61, 87, 46, 78, 38, 12, 32)",559,559,False,0.0
988,similar_ratio,20,239,"(20, 37, 6, 19, 26, 39, 19, 39, 14, 11, 19, 12, 30, 31, 48, 16, 8, 18, 36, 30)","(40, 71, 12, 36, 51, 77, 38, 79, 28, 22, 37, 24, 63, 60, 91, 30, 16, 38, 75, 62)",481,488,True,0.014344262295081968
989,similar_ratio,20,276,"(6, 20, 18, 43, 7, 50, 46, 29, 21, 24, 45, 28, 22, 20, 48, 18, 44, 43, 5, 15)","(12, 42, 36, 82, 15, 97, 90, 57, 44, 47, 87, 54, 43, 39, 99, 35, 87, 86, 10, 31)",558,558,False,0.0
990,similar_ratio,20,308,"(33, 17, 49, 18, 45, 10, 18, 44, 29, 33, 49, 26, 8, 49, 37, 40, 41, 4, 16, 50)","(63, 35, 96, 36, 86, 21, 37, 89, 59, 66, 93, 50, 16, 97, 72, 80, 84, 8, 33, 96)",614,621,True,0.011272141706924315
991,similar_ratio,20,245,"(10, 12, 12, 45, 30, 10, 14, 25, 41, 12, 39, 39, 47, 16, 44, 6, 36, 43, 3, 6)","(20, 23, 25, 87, 60, 20, 29, 50, 83, 25, 76, 76, 92, 32, 88, 12, 71, 87, 6, 12)",484,494,True,0.020242914979757085
992,similar_ratio,20,242,"(13, 1, 21, 40, 23, 22, 8, 25, 50, 24, 46, 50, 32, 16, 6, 34, 10, 21, 25, 16)","(26, 2, 41, 83, 48, 44, 16, 49, 99, 50, 91, 98, 66, 31, 12, 66, 19, 42, 52, 33)",493,495,True,0.00404040404040404
993,similar_ratio,20,249,"(4, 10, 40, 24, 28, 40, 16, 3, 15, 25, 2, 42, 37, 46, 41, 46, 4, 19, 26, 30)","(8, 20, 81, 50, 55, 82, 31, 6, 30, 50, 4, 85, 75, 88, 85, 96, 8, 38, 49, 61)",495,511,True,0.03131115459882583
994,similar_ratio,20,191,"(9, 36, 25, 24, 9, 48, 45, 7, 1, 19, 8, 18, 29, 8, 2, 15, 15, 42, 4, 18)","(18, 74, 52, 46, 17, 94, 88, 13, 2, 39, 16, 35, 56, 16, 4, 30, 30, 82, 8, 35)",383,384,True,0.0026041666666666665
995,similar_ratio,20,296,"(12, 49, 16, 20, 42, 22, 43, 16, 41, 14, 16, 39, 3, 26, 44, 27, 42, 47, 47, 26)","(25, 101, 33, 38, 84, 43, 83, 31, 83, 29, 31, 75, 6, 50, 92, 55, 82, 90, 98, 51)",606,606,False,0.0
996,similar_ratio,20,270,"(29, 15, 24, 31, 40, 15, 21, 24, 35, 38, 2, 21, 45, 39, 18, 1, 39, 38, 29, 37)","(58, 29, 48, 61, 81, 31, 41, 50, 69, 74, 4, 43, 89, 76, 37, 2, 81, 75, 59, 76)",551,551,False,0.0
997,similar_ratio,20,170,"(30, 18, 24, 23, 46, 7, 34, 1, 1, 21, 2, 38, 1, 7, 28, 5, 14, 13, 8, 20)","(60, 35, 50, 45, 96, 15, 68, 2, 2, 42, 4, 79, 2, 14, 53, 10, 28, 26, 16, 39)",350,350,False,0.0
998,similar_ratio,20,298,"(11, 39, 31, 13, 43, 50, 44, 39, 18, 50, 41, 33, 19, 7, 35, 14, 3, 39, 35, 33)","(22, 78, 60, 26, 86, 97, 90, 77, 37, 98, 79, 66, 36, 13, 69, 29, 6, 77, 72, 67)",592,602,True,0.016611295681063124
999,similar_ratio,20,311,"(44, 37, 32, 42, 42, 7, 13, 37, 50, 15, 26, 2, 42, 33, 44, 6, 39, 45, 24, 42)","(84, 75, 64, 82, 87, 14, 25, 71, 98, 31, 50, 4, 88, 64, 87, 12, 78, 94, 46, 84)",631,634,True,0.00473186119873817
